Fichier Localisé Social et Fiscal (FiLoSoFi) - Année 2013,,,,,,,,,,,,,,,,,,,,,,,,,
Distribution des revenus déclarés par unité de consommation et composition du revenu déclaré - Ensemble,,,,,,,,,,,,,,,,,,,,,,,,,
Mise en ligne le 25/04/2019      Découpage géographique au 01/01/2014,,,,,,,,,,,,,,,,,,,,,,,,,
"©Insee       Source(s) : Insee-DGFIP-Cnaf-Cnav-CCMSA, Fichier localisé social et fiscal.",,,,,,,,,,,,,,,,,,,,,,,,,
Code géographique,Libellé géographique,Nombre de ménages fiscaux,Nombre de personnes dans les ménages fiscaux,Nbre d'unités de consommation dans les ménages fiscaux,Part des ménages fiscaux imposés,1er quartile,Médiane,3e quartile,Ecart interquartile,1er décile,2e décile,3e décile ,4e décile ,6e décile,7e décile,8e décile ,9e décile,Rapport interdécile D9/D1,S80/S20,Indice de Gini,Part des salaires et traitements hors chômage,Part des indemnités chômage,Part des revenus d'activités non salariées,"Part des pensions, retraites et rentes",Part des autres revenus
CODGEO,LIBGEO,NBMEN13,NBPERS13,NBUC13,PMIMP13,Q113,Q213,Q313,Q3_Q1,D113,D213,D313,D413,D613,D713,D813,D913,RD,S80S2013,GI13,PTSA13,PCHO13,PBEN13,PPEN13,PAUT13
0050,Mont-de-Marsan,69072,156268.5,107974.9,53.2,13462.0,19160.0,25796.0,12334.0,8270.0,12058.0,14706.0,17016.0,21462.0,24196.0,27748.0,34388.0,4.2,5.5,0.3,52.5,2.7,6.8,32.7,5.3
0051,Alençon,51606,116160.5,79999.4,52.7,12838.0,18580.0,24960.0,12122.0,7068.0,11356.0,14130.0,16402.0,20774.0,23388.0,26848.0,33520.0,4.7,6.2,0.3,52.7,3.0,6.1,33.2,5.0
0052,Cosne - Clamecy,34484,71156.0,50893.1,54.3,13212.0,18986.0,25840.0,12628.0,7634.0,11708.0,14534.0,16802.0,21302.0,24074.0,27972.0,34796.0,4.6,6.2,0.3,43.9,2.7,8.7,39.3,5.4
0053,Mâcon,61389,142117.0,96849.4,59.8,14236.0,20176.0,27398.0,13162.0,8896.0,12742.0,15532.0,17886.0,22592.0,25554.0,29668.0,37052.0,4.2,5.5,0.3,57.0,2.9,6.1,28.7,5.3
0054,Nogent-le-Rotrou,20448,45684.5,31643.0,55.8,13552.0,19036.0,25306.0,11754.0,8146.0,12134.0,14830.0,17018.0,21186.0,23722.0,27270.0,33604.0,4.1,5.6,0.3,49.2,3.3,7.3,34.4,5.8
0055,La Vallée de la Bresle - Vimeu,42070,97288.5,66623.1,51.9,12594.0,18094.0,24182.0,11588.0,7364.0,11098.0,13842.0,16066.0,20234.0,22624.0,26064.0,32230.0,4.4,6.0,0.3,52.6,3.3,5.9,32.8,5.4
0056,Roissy - Sud Picardie,614558,1704548.0,1085083.6,61.5,11234.0,19348.0,28492.0,17258.0,5830.0,9548.0,12876.0,16136.0,22644.0,26318.0,31064.0,39180.0,6.7,8.7,0.4,67.8,3.3,3.6,21.5,3.8
0057,Brive-la-Gaillarde,84784,183590.0,128845.8,53.4,13286.0,19100.0,26156.0,12870.0,8320.0,11910.0,14530.0,16856.0,21486.0,24332.0,28324.0,35318.0,4.2,5.6,0.3,50.9,2.8,6.3,34.4,5.6
0059,Avignon,212186,502652.0,340084.2,52.2,11270.0,18334.0,26392.0,15122.0,5578.0,9568.0,12810.0,15634.0,21112.0,24410.0,28850.0,36814.0,6.6,8.7,0.4,54.5,3.8,6.4,28.0,7.3
0060,Saint-Étienne,269010,620169.5,422783.9,52.6,12760.0,18830.0,25676.0,12916.0,7164.0,11176.0,14152.0,16566.0,21200.0,23964.0,27774.0,34652.0,4.8,6.5,0.3,57.1,3.1,5.1,30.0,4.7
0061,Toulouse,595376,1363949.0,931691.4,60.8,14240.0,21668.0,30606.0,16366.0,7846.0,12452.0,15836.0,18782.0,24766.0,28394.0,33304.0,41938.0,5.3,7.1,0.3,64.3,3.1,5.3,21.9,5.4
0201,Centre agglomération,62828,146726.5,99587.6,44.8,7736.0,15870.0,26536.0,18800.0,1518.0,5870.0,9422.0,12602.0,19416.0,23874.0,29808.0,39634.0,26.1,23.0,0.5,65.8,3.6,4.7,22.0,3.9
0202,Sud-Caraibe,24868,60653.5,40594.8,42.1,7820.0,15824.0,26614.0,18794.0,1630.0,6014.0,9406.0,12532.0,19488.0,24040.0,29812.0,39052.0,24.0,21.2,0.4,65.4,3.8,5.8,20.9,4.1
0203,Sud,20415,51144.0,34051.7,34.0,5870.0,12724.0,21308.0,15438.0,600.0,4422.0,7216.0,9886.0,15592.0,19148.0,23922.0,32534.0,54.2,31.4,0.5,61.1,4.6,5.0,23.2,6.1
0204,Centre-Atlantique,24060,58570.5,39356.9,34.1,5796.0,12352.0,21282.0,15486.0,830.0,4428.0,7098.0,9650.0,15370.0,18964.0,23956.0,32758.0,39.5,26.5,0.5,62.4,4.6,5.9,24.1,3.0
0205,Nord-Caraibe,8985,21809.5,14680.7,36.2,6646.0,13316.0,22562.0,15916.0,1682.0,5218.0,7922.0,10406.0,16420.0,20284.0,25254.0,34288.0,20.4,21.3,0.5,60.1,3.8,6.7,25.6,3.8
0206,Nord-Atlantique,7118,17186.5,11640.5,24.6,5506.0,10742.0,17186.0,11680.0,1112.0,4384.0,6532.0,8538.0,13070.0,15598.0,19096.0,25158.0,22.6,19.3,0.4,56.6,5.4,5.3,30.0,2.7
0401,L'Est,40779,124069.5,76118.2,25.9,3006.0,9230.0,17792.0,14786.0,0.0,1626.0,4286.0,6722.0,12168.0,15646.0,20316.0,28734.0,,172.7,0.5,65.1,6.5,8.9,14.8,4.7
0402,Le Nord,73223,199721.5,127419.7,41.7,5494.0,13532.0,25682.0,20188.0,0.0,3836.0,7042.0,10138.0,17480.0,22458.0,29580.0,41092.0,,51.1,0.5,67.1,4.4,7.3,15.0,6.2
0403,L'Ouest,71301,212193.0,131887.8,37.0,4874.0,11686.0,22594.0,17720.0,102.0,3458.0,6250.0,8894.0,15134.0,19608.0,26224.0,37612.0,368.7,48.3,0.5,65.9,5.8,8.2,14.3,5.8
0404,Le Sud,103483,292074.5,184567.7,30.5,3974.0,10400.0,19784.0,15810.0,0.0,2680.0,5266.0,7732.0,13478.0,17296.0,22850.0,32822.0,,68.8,0.5,60.3,6.1,8.9,18.5,6.2
1101,Paris,2556209,5815595.5,3970971.3,70.0,13122.0,24204.0,39146.0,26024.0,6420.0,10940.0,15320.0,19718.0,29186.0,35310.0,43912.0,60028.0,9.4,13.3,0.5,66.2,2.8,5.3,18.1,7.6
1102,Marne-la-Vallée,126552,334797.0,216452.2,70.4,14548.0,23146.0,32614.0,18066.0,8052.0,12584.0,16392.0,19810.0,26518.0,30396.0,35354.0,43800.0,5.4,6.9,0.3,74.1,3.0,3.3,16.2,3.4
1103,Coulommiers,26092,66414.0,43667.8,62.1,14636.0,20948.0,28116.0,13480.0,8748.0,13040.0,16068.0,18566.0,23404.0,26360.0,30216.0,37258.0,4.3,5.7,0.3,62.6,2.9,5.9,23.8,4.8
1104,Meaux,56669,149305.0,96638.2,63.7,13524.0,20903.0,28618.0,15094.0,7352.0,11698.0,15154.0,18148.0,23668.0,26758.0,30859.0,37974.0,5.2,6.7,0.3,68.1,3.1,4.0,20.5,4.3
1105,Melun,149961,387575.5,253288.3,67.8,14848.0,22584.0,31266.0,16418.0,8330.0,12958.0,16548.0,19656.0,25596.0,29140.0,33884.0,42316.0,5.1,6.6,0.3,66.2,2.7,4.1,22.2,4.8
1106,Montereau-Fault-Yonne,16609,42964.5,28033.4,55.2,11294.0,18276.0,25850.0,14556.0,5534.0,9692.0,12786.0,15622.0,20960.0,24050.0,27896.0,34016.0,6.1,7.6,0.3,61.9,3.4,3.6,27.6,3.5
1107,Nemours,19778,49092.0,32618.0,61.8,13866.0,20443.0,28002.0,14136.0,7894.0,12148.0,15322.0,17916.0,23070.0,26182.0,30188.0,37366.0,4.7,6.3,0.3,59.5,3.3,5.5,26.6,5.1
1108,Provins,17132,42414.0,28188.7,58.1,13294.0,19657.0,27002.0,13708.0,7684.0,11732.0,14788.0,17306.0,22220.0,25116.0,29176.0,36666.0,4.8,6.5,0.3,58.3,3.0,7.1,26.3,5.3
1109,Houdan,14208,37255.0,24443.5,80.4,21380.0,29852.0,41356.0,19976.0,14752.0,19532.0,23190.0,26484.0,33684.0,38382.0,45242.0,57806.0,3.9,5.3,0.3,63.9,2.2,5.0,21.7,7.2
1110,Mantes-la-Jolie,63649,173578.5,111212.5,63.7,12664.0,20556.0,28850.0,16186.0,6880.0,10870.0,14328.0,17584.0,23606.0,26926.0,31196.0,38540.0,5.6,7.1,0.3,66.6,3.4,3.3,23.1,3.6
1111,Poissy,94154,251134.0,161959.2,69.9,14444.0,23334.0,34160.0,19716.0,8054.0,12446.0,16336.0,19850.0,27086.0,31540.0,37366.0,47370.0,5.9,7.5,0.4,69.5,2.9,3.1,20.8,3.7
1112,Rambouillet,28742,72631.5,48113.5,78.0,19690.0,27720.0,37666.0,17976.0,13164.0,17860.0,21430.0,24540.0,31128.0,35216.0,40822.0,51022.0,3.9,5.0,0.3,65.3,2.2,3.9,23.5,5.1
1113,Plaisir,20468,54662.5,35338.4,77.1,17958.0,26592.0,36568.0,18610.0,10624.0,15768.0,19814.0,23342.0,30196.0,34136.0,39358.0,48770.0,4.6,5.6,0.3,71.1,2.4,3.1,19.6,3.8
1114,Étampes,24151,61620.5,40409.7,66.0,14610.0,21842.0,29892.0,15282.0,8372.0,12828.0,16204.0,19126.0,24710.0,27858.0,32292.0,39886.0,4.8,6.1,0.3,64.5,2.7,4.6,23.4,4.8
1115,Évry,125541,340138.0,217580.5,65.6,12324.0,21018.0,30140.0,17816.0,6354.0,10408.0,14158.0,17738.0,24312.0,27986.0,32706.0,40648.0,6.4,8.0,0.4,70.1,3.1,2.8,20.9,3.1
1116,Saclay,456559,1160835.0,763260.7,76.2,17576.0,26846.0,38388.0,20812.0,10106.0,15434.0,19570.0,23218.0,30782.0,35492.0,41932.0,53544.0,5.3,6.9,0.4,68.3,2.3,3.2,21.4,4.8
1117,Créteil,211417,556454.0,361393.7,70.6,14758.0,23230.0,32598.0,17840.0,8228.0,12798.0,16636.0,20060.0,26506.0,30324.0,35306.0,43750.0,5.3,6.7,0.3,68.4,2.7,3.4,21.7,3.8
1118,Orly,195810,499971.0,326990.0,61.9,10976.0,19046.0,28392.0,17416.0,5658.0,9366.0,12576.0,15796.0,22414.0,26154.0,30946.0,38752.0,6.8,8.7,0.4,70.6,3.3,2.5,20.6,3.0
1119,Cergy,146797,397061.0,255021.5,69.6,14414.0,22860.0,31952.0,17538.0,7862.0,12430.0,16234.0,19658.0,26118.0,29752.0,34556.0,42620.0,5.4,6.7,0.3,71.6,3.1,3.0,19.2,3.1
2101,Charleville-Mézières,96465,222311.5,151856.3,48.9,11028.0,17500.0,24400.0,13372.0,5152.0,9456.0,12484.0,15098.0,19932.0,22752.0,26382.0,32762.0,6.4,8.4,0.4,56.1,3.6,5.2,30.2,4.9
2102,Troyes,133766,302884.5,207802.8,55.2,12540.0,18930.0,26170.0,13630.0,6544.0,10880.0,14044.0,16634.0,21380.0,24368.0,28486.0,36620.0,5.6,7.8,0.4,53.0,3.2,9.3,28.4,6.1
2103,Châlons-en-Champagne,43990,101696.0,69164.8,59.5,13694.0,20106.0,27493.0,13799.0,7842.0,12074.0,15138.0,17732.0,22662.0,25662.0,29794.0,38032.0,4.8,6.5,0.3,56.0,2.8,9.3,26.7,5.2
2104,Épernay,46814,106630.0,73231.8,63.9,14542.0,21140.0,29672.0,15130.0,8784.0,12926.0,15966.0,18576.0,23914.0,27348.0,32641.0,43742.0,5.0,6.9,0.4,48.3,2.4,15.2,24.5,9.6
2105,Reims,145451,330872.0,226348.5,58.8,12972.0,20192.0,28627.0,15655.0,6614.0,11172.0,14618.0,17486.0,23062.0,26468.0,31334.0,40858.0,6.2,8.5,0.4,57.7,2.9,8.8,24.8,5.8
2106,Chaumont - Langres,49251,108163.0,75493.8,54.4,13474.0,19002.0,25488.0,12014.0,8166.0,12058.0,14662.0,16878.0,21238.0,23926.0,27456.0,33816.0,4.1,5.5,0.3,53.3,2.7,6.6,32.7,4.7
2107,Vitry-le-François - Saint-Dizier,49132,112429.5,77099.7,50.5,11726.0,17674.0,24026.0,12300.0,6436.0,10218.0,13096.0,15526.0,19918.0,22488.0,25956.0,32308.0,5.0,6.8,0.3,52.7,3.8,6.5,32.3,4.7
2201,Château-Thierry,27246,66555.5,44422.0,58.0,13250.0,19354.0,26486.0,13236.0,7802.0,11732.0,14682.0,17068.0,21898.0,24756.0,28780.0,36202.0,4.6,6.3,0.3,56.5,3.3,8.7,25.9,5.6
2202,Tergnier,23530,55198.5,37357.4,48.1,10528.0,16994.0,23608.0,13080.0,4710.0,8932.0,12010.0,14594.0,19290.0,22016.0,25416.0,31474.0,6.7,8.4,0.3,56.1,3.8,4.8,32.1,3.2
2203,La Thiérache,24368,57304.0,38757.4,43.9,9474.0,15764.0,22242.0,12768.0,3762.0,7954.0,10934.0,13502.0,18150.0,20718.0,23990.0,29766.0,7.9,9.6,0.4,51.4,3.8,7.3,32.2,5.3
2204,Laon,40964,98036.5,65856.8,50.6,11544.0,17962.0,25104.0,13560.0,5966.0,9908.0,12968.0,15606.0,20514.0,23320.0,27184.0,34454.0,5.8,7.8,0.4,56.3,3.5,8.0,27.5,4.7
2205,Saint-Quentin,57614,135609.0,91706.9,49.6,10492.0,17366.0,24456.0,13964.0,4610.0,8776.0,12018.0,14858.0,19830.0,22726.0,26682.0,33798.0,7.3,9.9,0.4,54.3,3.7,7.6,30.0,4.4
2206,Soissons,38760,92665.0,62424.7,52.4,11998.0,18278.0,25238.0,13240.0,6478.0,10376.0,13462.0,15928.0,20748.0,23558.0,27312.0,34442.0,5.3,7.2,0.3,55.9,3.7,6.5,29.2,4.7
2207,Beauvais,97898,249150.0,163804.0,59.5,13466.0,20038.0,27172.0,13706.0,7570.0,11818.0,14958.0,17570.0,22566.0,25452.0,29280.0,35963.0,4.8,6.2,0.3,62.8,3.4,5.5,24.4,3.9
2208,Compiègne,80424,199291.0,132376.9,60.6,13828.0,20586.0,28264.0,14436.0,8002.0,12140.0,15348.0,18014.0,23236.0,26366.0,30630.0,38466.0,4.8,6.4,0.3,62.4,3.4,4.8,24.8,4.6
2209,Abbeville,29265,69033.0,46787.1,49.9,11426.0,17740.0,24694.0,13268.0,5832.0,9788.0,12834.0,15392.0,20136.0,22972.0,26784.0,34250.0,5.9,7.9,0.4,52.0,3.2,8.2,31.1,5.5
2210,Amiens,155498,368120.5,248493.9,55.1,12320.0,19078.0,26640.0,14320.0,6268.0,10580.0,13844.0,16550.0,21718.0,24760.0,28930.0,36528.0,5.8,7.9,0.4,58.8,3.1,7.0,26.4,4.7
2211,Péronne,23285,56451.0,37852.5,49.8,11398.0,17462.0,24046.0,12648.0,6054.0,9802.0,12758.0,15224.0,19792.0,22450.0,26118.0,32844.0,5.4,7.5,0.3,53.4,4.0,8.4,29.1,5.1
2301,Bernay,25094,57753.0,39485.1,55.5,13040.0,19072.0,25874.0,12834.0,7436.0,11488.0,14428.0,16880.0,21458.0,24160.0,27854.0,34792.0,4.7,6.2,0.3,53.2,3.5,6.2,32.0,5.1
2302,Évreux,88900,216402.0,144418.4,59.6,13746.0,20184.0,27390.0,13644.0,7654.0,12100.0,15198.0,17758.0,22680.0,25612.0,29564.0,36694.0,4.8,6.3,0.3,60.4,3.4,5.2,26.6,4.4
2303,Pont-Audemer,22019,52551.0,35323.4,54.0,13116.0,19008.0,26122.0,13006.0,7932.0,11690.0,14388.0,16724.0,21450.0,24306.0,28140.0,35042.0,4.4,5.9,0.3,57.9,3.6,5.8,27.6,5.1
2304,Vernon - Gisors,49003,122926.0,81249.4,61.1,13874.0,20328.0,27836.0,13962.0,7954.0,12252.0,15336.0,17896.0,22858.0,25902.0,30132.0,37838.0,4.8,6.2,0.3,61.5,3.6,4.9,25.6,4.4
2305,Dieppe - Caux maritime,52555,122378.5,83354.2,53.2,12848.0,18668.0,25546.0,12698.0,7354.0,11324.0,14160.0,16454.0,21022.0,23832.0,27650.0,34816.0,4.7,6.3,0.3,55.7,3.0,6.2,30.6,4.5
2306,Le Havre,167551,394455.0,266628.5,57.0,12816.0,19482.0,27112.0,14296.0,6786.0,11110.0,14310.0,16974.0,22114.0,25246.0,29391.0,36604.0,5.4,7.2,0.3,60.3,3.5,4.4,27.9,3.9
2307,Rouen,340368,796555.0,539638.9,58.2,13340.0,20068.0,27636.0,14296.0,7114.0,11620.0,14864.0,17554.0,22664.0,25760.0,29910.0,37460.0,5.3,7.0,0.3,61.0,3.3,4.9,26.8,4.0
2401,Bourges,86911,191995.0,133334.1,57.5,13712.0,19874.0,27078.0,13366.0,7656.0,12108.0,15128.0,17578.0,22354.0,25260.0,29257.0,36264.0,4.7,6.3,0.3,55.9,2.6,5.8,31.4,4.3
2402,Saint-Amand-Montrond,17119,35333.0,25319.6,47.0,11886.0,17456.0,23662.0,11776.0,6306.0,10440.0,13118.0,15290.0,19590.0,22106.0,25368.0,31354.0,5.0,6.6,0.3,44.1,3.2,6.7,41.4,4.6
2403,Vierzon,20952,45642.5,31895.6,49.6,12082.0,18040.0,24260.0,12178.0,5640.0,10414.0,13474.0,15886.0,20222.0,22716.0,26112.0,32120.0,5.7,7.4,0.3,51.2,3.4,4.6,37.2,3.6
2404,Chartres,103607,248008.5,166667.8,64.2,15154.0,21344.0,28696.0,13542.0,9434.0,13582.0,16512.0,18962.0,23844.0,26874.0,30962.0,38432.0,4.1,5.4,0.3,60.7,2.8,6.0,25.8,4.7
2405,Châteaudun,16140,36296.0,25018.2,55.6,13262.0,19034.0,25444.0,12182.0,7712.0,11726.0,14692.0,16950.0,21366.0,23854.0,27598.0,34578.0,4.5,6.0,0.3,49.1,2.7,8.1,34.7,5.4
2406,Dreux,43910,113860.0,74231.7,58.9,13048.0,19822.0,27314.0,14266.0,7069.0,11314.0,14566.0,17304.0,22516.0,25556.0,29516.0,36898.0,5.2,6.8,0.3,61.2,3.5,5.2,25.8,4.3
2407,Le Blanc,10205,21342.0,15212.7,46.1,12386.0,17537.0,23524.0,11138.0,7410.0,11080.0,13624.0,15538.0,19604.0,21970.0,25404.0,31972.0,4.3,5.7,0.3,45.0,2.2,7.3,40.6,4.9
2408,Issoudun,9343,20065.5,14112.2,54.5,13534.0,19078.0,25658.0,12124.0,7966.0,12112.0,14860.0,17134.0,21212.0,23976.0,27574.0,34090.0,4.3,5.9,0.3,52.9,3.0,7.2,32.0,4.9
2409,Châteauroux,79561,169876.5,119728.9,51.2,12950.0,18530.0,24992.0,12042.0,7614.0,11482.0,14192.0,16432.0,20774.0,23374.0,26962.0,33456.0,4.4,5.9,0.3,51.1,2.9,6.3,34.9,4.8
2410,Chinon,15456,34527.0,23947.2,56.3,13974.0,19818.0,27528.0,13554.0,8982.0,12608.0,15182.0,17432.0,22408.0,25506.0,29900.0,37452.0,4.2,5.5,0.3,53.4,2.7,6.9,32.4,4.6
2411,Loches,10514,22554.5,15887.5,50.1,13262.0,18490.0,25170.0,11908.0,8536.0,11992.0,14386.0,16382.0,20800.0,23536.0,27120.0,33942.0,4.0,5.3,0.3,47.9,3.0,7.4,36.0,5.7
2412,Tours,229215,516378.5,355202.8,58.9,14282.0,20504.0,28094.0,13812.0,8382.0,12686.0,15662.0,18110.0,23046.0,26142.0,30446.0,38342.0,4.6,6.1,0.3,59.0,2.9,4.9,28.5,4.7
2413,Blois,76772,175499.5,120172.1,59.6,14070.0,20224.0,27410.0,13340.0,8054.0,12508.0,15438.0,17890.0,22746.0,25644.0,29708.0,36860.0,4.6,6.0,0.3,56.0,3.0,5.3,31.0,4.7
2414,Romorantin-Lanthenay,25869,56328.5,39454.3,51.8,12880.0,18530.0,24868.0,11988.0,7416.0,11440.0,14190.0,16488.0,20686.0,23338.0,26852.0,33226.0,4.5,5.9,0.3,47.9,3.3,5.1,39.0,4.7
2415,Vendôme,29411,65652.5,45468.4,56.3,13966.0,19442.0,26170.0,12204.0,8644.0,12568.0,15200.0,17352.0,21722.0,24410.0,28283.0,35316.0,4.1,5.5,0.3,51.5,3.1,7.4,32.7,5.3
2416,Gien,33338,75484.5,51889.4,56.3,13146.0,19252.0,26142.0,12996.0,7174.0,11520.0,14526.0,16972.0,21622.0,24404.0,28250.0,35156.0,4.9,6.3,0.3,53.6,3.2,5.1,33.3,4.8
2417,Montargis,54884,126760.0,86378.5,56.5,12626.0,19090.0,26124.0,13498.0,6808.0,11038.0,14116.0,16704.0,21570.0,24446.0,28274.0,35113.0,5.2,6.9,0.3,53.0,3.5,5.8,32.8,4.9
2418,Orléans,199136,474019.0,318903.6,63.9,14528.0,21298.0,29234.0,14706.0,8258.0,12770.0,16052.0,18744.0,24056.0,27286.0,31658.0,39510.0,4.8,6.2,0.3,61.6,2.8,4.7,26.2,4.7
2419,Pithiviers,21262,52362.5,34837.6,59.0,13720.0,19648.0,26598.0,12878.0,8646.0,12246.0,15086.0,17452.0,22056.0,24848.0,28664.0,35238.0,4.1,5.4,0.3,58.2,3.3,7.2,26.5,4.8
2501,Bayeux,22528,51929.5,35512.1,53.4,13134.0,18906.0,25538.0,12404.0,7980.0,11654.0,14418.0,16650.0,21204.0,23908.0,27742.0,34606.0,4.3,5.7,0.3,51.5,3.1,7.1,33.1,5.2
2502,Caen,196369,455171.0,309771.2,58.4,13998.0,20190.0,27462.0,13464.0,8184.0,12416.0,15388.0,17858.0,22684.0,25648.0,29748.0,37258.0,4.6,6.1,0.3,58.7,3.2,5.4,27.9,4.8
2503,Honfleur,24512,52350.0,36937.3,58.8,13538.0,19768.0,28458.0,14920.0,8082.0,11998.0,14952.0,17334.0,22562.0,26094.0,31479.0,42354.0,5.2,7.2,0.4,47.2,3.2,7.1,33.5,9.0
2504,Lisieux,29618,68052.5,46529.8,50.5,12100.0,17892.0,24528.0,12428.0,6728.0,10562.0,13372.0,15756.0,20260.0,22878.0,26552.0,33512.0,5.0,6.7,0.3,53.6,3.5,5.9,31.9,5.1
2505,Vire,17087,38797.0,26708.4,48.5,12598.0,17796.0,23428.0,10830.0,7490.0,11242.0,13786.0,15880.0,19790.0,22080.0,25114.0,30800.0,4.1,5.5,0.3,53.5,2.9,6.9,31.5,5.2
2506,Avranches,39362,88207.5,61041.9,50.2,13308.0,18304.0,24100.0,10792.0,8630.0,12008.0,14362.0,16338.0,20342.0,22674.0,25832.0,31740.0,3.7,4.9,0.3,51.5,2.4,8.1,32.4,5.6
2507,Cherbourg-Octeville,88534,202204.0,138860.2,54.3,13278.0,19150.0,26206.0,12928.0,8026.0,11826.0,14570.0,16922.0,21592.0,24476.0,28324.0,34868.0,4.3,5.6,0.3,57.4,3.2,5.3,29.9,4.2
2508,Coutances,26069,58525.5,40448.0,49.8,12772.0,18070.0,24528.0,11756.0,7906.0,11420.0,13900.0,16086.0,20242.0,22894.0,26612.0,33674.0,4.3,5.7,0.3,46.8,2.8,9.3,35.6,5.5
2509,Granville,24122,51398.5,36300.8,54.5,13834.0,19426.0,26966.0,13132.0,8702.0,12424.0,15032.0,17230.0,21922.0,25054.0,29338.0,37556.0,4.3,5.8,0.3,44.0,2.7,7.1,39.3,6.9
2510,Saint-Lô,36801,84298.0,57659.9,52.3,13550.0,18856.0,25078.0,11528.0,8394.0,12090.0,14698.0,16814.0,21030.0,23552.0,26966.0,33182.0,4.0,5.2,0.3,56.6,3.1,6.2,29.6,4.5
2511,Argentan,17720,39550.5,27369.4,50.9,12508.0,18162.0,24154.0,11646.0,7120.0,11086.0,13932.0,16090.0,20194.0,22668.0,25998.0,31736.0,4.5,6.0,0.3,51.6,3.2,7.0,33.6,4.6
2512,Flers,43523,97803.0,67519.7,50.3,12822.0,18008.0,23800.0,10978.0,7588.0,11366.0,14022.0,16104.0,20000.0,22386.0,25530.0,31232.0,4.1,5.6,0.3,51.6,3.2,6.5,33.5,5.2
2513,L'Aigle,14681,33219.0,22842.5,50.9,11886.0,17810.0,24200.0,12314.0,6422.0,10406.0,13324.0,15624.0,20054.0,22536.0,26146.0,32342.0,5.0,6.7,0.3,51.0,3.0,6.7,34.4,4.9
2601,Beaune,21491,49290.5,33813.1,62.4,14718.0,20996.0,28568.0,13850.0,9204.0,13194.0,16058.0,18528.0,23486.0,26570.0,31264.0,40510.0,4.4,6.0,0.3,54.7,2.6,7.6,26.5,8.6
2602,Chatillon,8205,17500.5,12380.7,52.4,12902.0,18412.0,24756.0,11854.0,7606.0,11558.0,14136.0,16266.0,20602.0,23004.0,26874.0,33638.0,4.4,5.9,0.3,45.4,2.9,9.8,36.0,5.9
2603,Dijon,179825,402341.0,277761.9,62.9,14802.0,21310.0,29032.0,14230.0,8836.0,13148.0,16218.0,18824.0,23926.0,27082.0,31442.0,39396.0,4.5,5.9,0.3,59.2,2.6,5.6,27.7,4.9
2604,Montbard,14297,31121.5,21771.3,54.8,13574.0,18980.0,25414.0,11840.0,8332.0,12104.0,14730.0,16960.0,21126.0,23766.0,27298.0,33628.0,4.0,5.4,0.3,53.1,2.7,6.1,33.0,5.1
2605,Le Morvan,16479,32271.5,23652.0,48.4,11958.0,17448.0,24168.0,12210.0,6964.0,10650.0,13208.0,15330.0,19760.0,22578.0,26304.0,32732.0,4.7,6.0,0.3,35.8,2.5,7.9,47.7,6.1
2606,Nevers,54877,116075.0,82049.1,54.3,12816.0,19026.0,25606.0,12790.0,6414.0,11132.0,14262.0,16770.0,21388.0,23980.0,27462.0,33924.0,5.3,7.0,0.3,52.1,2.6,5.1,35.9,4.3
2607,Autun,15087,32316.0,22792.3,51.1,12760.0,18228.0,24682.0,11922.0,7702.0,11316.0,13952.0,16086.0,20348.0,22966.0,26544.0,33194.0,4.3,5.7,0.3,48.6,3.0,6.8,37.1,4.5
2608,Chalon-sur-Saône,85107,192642.0,132558.8,56.9,13684.0,19662.0,26570.0,12886.0,8266.0,12160.0,15026.0,17390.0,22042.0,24836.0,28686.0,35796.0,4.3,5.8,0.3,56.6,3.0,5.7,30.2,4.5
2609,Louhans,16319,35872.0,25024.7,49.9,12938.0,18252.0,24292.0,11354.0,8134.0,11670.0,14110.0,16200.0,20358.0,22748.0,26032.0,31696.0,3.9,5.1,0.3,51.0,2.7,5.5,36.8,4.0
2610,Le Creusot - Montceau,45817,99089.0,69536.9,51.1,12722.0,18346.0,24616.0,11894.0,7236.0,11232.0,14040.0,16282.0,20574.0,23076.0,26468.0,32598.0,4.5,6.0,0.3,52.5,3.3,4.3,36.2,3.7
2611,Le Charolais,37829,82163.5,57686.8,50.5,13408.0,18356.0,24398.0,10990.0,8536.0,12096.0,14502.0,16424.0,20430.0,22868.0,26196.0,32176.0,3.8,5.0,0.3,49.1,2.7,6.9,36.1,5.2
2612,Auxerre,91290,203564.0,140860.1,56.3,13024.0,19158.0,26258.0,13234.0,7158.0,11358.0,14394.0,16838.0,21648.0,24522.0,28414.0,35656.0,5.0,6.7,0.3,51.5,2.9,7.2,33.3,5.1
2613,Avallon,10589,23003.0,16121.9,53.8,12850.0,18476.0,24962.0,12112.0,7466.0,11422.0,14156.0,16336.0,20688.0,23324.0,27002.0,34090.0,4.6,6.2,0.3,48.6,2.5,7.9,35.3,5.7
2614,Sens,46472,109231.5,73922.8,58.2,13406.0,19562.0,26468.0,13062.0,7712.0,11826.0,14818.0,17292.0,21974.0,24788.0,28570.0,35560.0,4.6,6.1,0.3,55.5,3.4,6.1,30.6,4.4
3110,Roubaix - Tourcoing,163396,420448.5,274097.0,50.6,9888.0,17426.0,25352.0,15464.0,3766.0,8166.0,11540.0,14638.0,20216.0,23406.0,27748.0,35648.0,9.5,12.2,0.4,62.6,4.2,4.2,23.8,5.2
3111,Lille,318068,747177.0,504655.1,59.2,12592.0,20390.0,29532.0,16940.0,5978.0,10622.0,14358.0,17464.0,23530.0,27240.0,32276.0,41518.0,6.9,9.3,0.4,64.9,3.2,5.2,22.0,4.7
3112,Dunkerque,103229,250563.0,167871.0,52.5,11656.0,18144.0,25318.0,13662.0,6384.0,10150.0,13068.0,15638.0,20694.0,23584.0,27412.0,34200.0,5.4,7.1,0.3,59.9,4.1,4.5,27.6,3.9
3113,La Flandre - Lys,48727,124032.5,81784.2,55.4,13758.0,19590.0,26468.0,12710.0,8614.0,12304.0,15072.0,17364.0,21954.0,24732.0,28483.0,35060.0,4.1,5.3,0.3,61.4,3.1,5.7,24.7,5.1
3114,Douai,97612,244501.5,161800.3,47.5,10606.0,17272.0,24674.0,14068.0,4842.0,9020.0,12082.0,14800.0,19884.0,22862.0,26830.0,33394.0,6.9,8.9,0.4,60.8,3.7,4.3,27.9,3.3
3115,Valenciennes,138585,343201.5,227542.8,45.0,9406.0,16130.0,23508.0,14102.0,3742.0,7880.0,10858.0,13560.0,18708.0,21718.0,25606.0,32178.0,8.6,10.8,0.4,60.1,4.0,4.5,27.4,4.0
3116,Cambrai,72975,177311.0,118581.1,48.2,10986.0,17314.0,24286.0,13300.0,5528.0,9434.0,12446.0,14952.0,19756.0,22572.0,26310.0,33072.0,6.0,8.2,0.4,56.3,3.8,6.9,28.4,4.6
3117,Maubeuge,92076,224721.0,149895.1,45.3,9398.0,16198.0,23456.0,14058.0,3486.0,7800.0,10840.0,13592.0,18770.0,21684.0,25576.0,32146.0,9.2,11.1,0.4,56.6,3.9,5.7,29.4,4.4
3121,Arras,98049,238145.5,159511.1,54.9,12730.0,19228.0,26776.0,14046.0,7102.0,11124.0,14160.0,16718.0,21910.0,24938.0,29114.0,36610.0,5.2,7.0,0.3,58.8,2.8,7.2,26.5,4.7
3122,Lens - Hénin,144222,359629.5,237820.4,40.8,8926.0,15344.0,21816.0,12890.0,3644.0,7564.0,10284.0,12920.0,17696.0,20316.0,23604.0,29122.0,8.0,9.8,0.4,60.3,4.4,3.4,29.5,2.4
3123,Béthune - Bruay,117355,290068.0,192720.7,46.6,11000.0,17314.0,24272.0,13272.0,5546.0,9474.0,12412.0,14942.0,19774.0,22574.0,26310.0,32632.0,5.9,7.9,0.3,60.4,3.3,4.9,27.9,3.5
3124,Saint-Omer,46804,116606.5,77372.6,48.5,11138.0,17300.0,23826.0,12688.0,5952.0,9684.0,12492.0,14986.0,19604.0,22252.0,25732.0,31850.0,5.4,7.2,0.3,59.6,3.9,5.4,26.6,4.5
3125,Calais,65576,164288.5,108386.2,47.6,10266.0,16898.0,23992.0,13726.0,4566.0,8770.0,11736.0,14416.0,19404.0,22298.0,25972.0,32222.0,7.1,9.0,0.4,60.3,4.3,5.5,26.0,3.9
3126,Boulogne-sur-mer,65799,159421.5,106817.3,47.9,10582.0,17046.0,24160.0,13578.0,5234.0,9060.0,12046.0,14620.0,19564.0,22400.0,26304.0,33430.0,6.4,8.7,0.4,56.9,3.9,5.5,28.8,4.9
3127,Berck - Montreuil,45038,105357.0,71665.5,51.5,11966.0,17962.0,25036.0,13070.0,6710.0,10470.0,13318.0,15696.0,20432.0,23292.0,27154.0,34724.0,5.2,7.2,0.4,50.4,3.3,7.1,32.4,6.8
4101,Longwy,45102,103117.0,70577.5,38.3,12988.0,19774.0,28298.0,15310.0,6490.0,11304.0,14388.0,16980.0,22732.0,26202.0,30694.0,38202.0,5.9,7.4,0.3,30.6,2.8,3.4,22.7,40.5
4102,Lunéville,13952,32135.0,21891.5,49.0,11730.0,18145.0,24574.0,12844.0,5832.0,10034.0,13220.0,15910.0,20472.0,22994.0,26484.0,32822.0,5.6,7.6,0.3,56.1,3.8,4.9,31.0,4.2
4103,Nancy,212628,477738.0,329274.1,59.0,13708.0,20556.0,28486.0,14778.0,7218.0,11906.0,15264.0,18002.0,23284.0,26528.0,30922.0,38850.0,5.4,7.1,0.3,60.3,2.7,5.2,27.3,4.5
4104,Bar-le-Duc,26567,59710.0,41300.7,55.8,13594.0,19440.0,25962.0,12368.0,8020.0,12048.0,14852.0,17246.0,21739.0,24440.0,27912.0,34244.0,4.3,5.7,0.3,55.3,2.9,5.8,31.7,4.3
4105,Commercy,18348,43276.5,29328.2,49.9,12270.0,18074.0,24426.0,12156.0,7412.0,10832.0,13514.0,15762.0,20302.0,22936.0,26200.0,32388.0,4.4,5.9,0.3,53.5,3.4,7.7,30.4,5.0
4106,Verdun,26368,59799.5,41123.4,51.4,12380.0,18406.0,25096.0,12716.0,6662.0,10900.0,13714.0,16110.0,20730.0,23452.0,27224.0,33744.0,5.1,6.9,0.3,53.4,2.7,7.4,30.4,6.1
4107,Metz,208534,481324.0,328957.5,54.4,13492.0,20176.0,28206.0,14714.0,7470.0,11870.0,14930.0,17582.0,22960.0,26204.0,30672.0,38510.0,5.2,6.8,0.3,55.3,3.2,4.5,25.7,11.3
4108,Forbach,90274,213356.0,145141.8,48.5,11582.0,17772.0,24950.0,13368.0,6016.0,10000.0,13018.0,15518.0,20304.0,23220.0,27036.0,33804.0,5.6,7.4,0.3,55.7,4.0,3.9,32.3,4.1
4109,Sarrebourg,29590,69842.5,47521.2,53.4,13732.0,19276.0,25720.0,11988.0,8642.0,12368.0,14984.0,17116.0,21574.0,24146.0,27516.0,33362.0,3.9,5.1,0.3,58.6,3.0,4.9,29.4,4.1
4110,Sarreguemines,46179,109382.0,74458.9,53.5,13824.0,19794.0,27104.0,13280.0,8300.0,12326.0,15146.0,17502.0,22312.0,25322.0,29268.0,36340.0,4.4,5.9,0.3,61.0,3.8,3.8,26.9,4.5
4111,Thionville,89920,209244.0,142447.7,43.8,13832.0,20858.0,29864.0,16032.0,7808.0,12168.0,15276.0,18000.0,23982.0,27586.0,32604.0,40976.0,5.2,6.9,0.3,34.9,2.8,3.1,22.8,36.4
4112,Épinal,69588,158214.5,108598.7,52.3,12554.0,18632.0,25308.0,12754.0,6654.0,10878.0,14004.0,16442.0,20952.0,23654.0,27380.0,34126.0,5.1,6.8,0.3,57.1,3.7,5.1,29.8,4.3
4113,Remiremont,37292,82554.5,57464.7,51.2,13438.0,18490.0,24722.0,11284.0,8308.0,11986.0,14608.0,16606.0,20618.0,23204.0,26526.0,32858.0,4.0,5.3,0.3,53.2,4.1,4.3,33.1,5.3
4114,Saint-Dié-des-Vosges,37915,84597.5,58574.9,48.4,11966.0,17764.0,23962.0,11996.0,6428.0,10396.0,13348.0,15652.0,19994.0,22494.0,25854.0,31830.0,5.0,6.6,0.3,53.8,4.4,4.6,33.3,3.9
4115,Neufchâteau,22619,50344.0,34994.1,52.2,13022.0,18544.0,25231.0,12209.0,7644.0,11478.0,14262.0,16500.0,20838.0,23640.0,27254.0,33552.0,4.4,5.8,0.3,53.1,3.6,6.2,32.9,4.2
4201,Haguenau,80086,198178.5,132720.8,63.0,15806.0,21942.0,29178.0,13372.0,10278.0,14342.0,17104.0,19568.0,24406.0,27368.0,31294.0,38098.0,3.7,4.8,0.3,65.3,2.9,3.8,24.1,3.9
4202,Molsheim - Obernai,54447,132161.5,88991.9,65.6,16256.0,22518.0,30298.0,14042.0,10944.0,14814.0,17614.0,20066.0,25202.0,28350.0,32652.0,40440.0,3.7,4.8,0.3,62.2,2.7,4.6,24.8,5.7
4203,Saverne,31537,77024.0,51828.8,58.0,14812.0,20698.0,27684.0,12872.0,9630.0,13374.0,16074.0,18338.0,23144.0,25974.0,29730.0,36298.0,3.8,4.8,0.3,61.6,2.9,4.4,27.1,4.0
4204,Sélestat,34530,84096.5,56438.0,60.4,14954.0,21134.0,28356.0,13402.0,9368.0,13440.0,16358.0,18780.0,23676.0,26586.0,30550.0,37692.0,4.0,5.3,0.3,62.9,2.9,4.8,24.2,5.2
4205,Strasbourg,233977,531767.5,364648.2,61.0,12570.0,20792.0,30008.0,17438.0,5962.0,10538.0,14416.0,17746.0,23974.0,27724.0,32822.0,42160.0,7.1,9.5,0.4,61.4,3.1,5.0,24.8,5.7
4206,Wissembourg,16461,40034.5,27049.6,63.0,16098.0,22578.0,30952.0,14854.0,10818.0,14668.0,17478.0,20006.0,25522.0,28966.0,33466.0,41278.0,3.8,4.8,0.3,70.8,3.0,3.5,19.1,3.6
4207,Colmar,81667,187936.0,128747.1,63.2,14870.0,21648.0,29558.0,14688.0,8756.0,13164.0,16352.0,19070.0,24378.0,27590.0,32058.0,40502.0,4.6,6.2,0.3,60.2,2.7,5.4,26.3,5.4
4208,Mulhouse,175690,416633.0,281610.5,59.5,13100.0,20552.0,29060.0,15960.0,6814.0,11190.0,14810.0,17782.0,23454.0,26884.0,31674.0,40370.0,5.9,7.8,0.4,62.2,3.3,3.7,26.6,4.2
4209,Saint-Louis,50131,119155.5,80630.2,72.0,17986.0,27992.0,41884.0,23898.0,10622.0,15916.0,19970.0,23868.0,32858.0,38498.0,46114.0,59968.0,5.6,7.3,0.4,72.6,2.6,2.2,19.5,3.1
4301,Besançon,126782,289842.0,197842.5,58.5,13892.0,20246.0,27758.0,13866.0,7966.0,12272.0,15300.0,17860.0,22806.0,25872.0,30082.0,37542.0,4.7,6.3,0.3,60.7,2.8,5.4,26.4,4.7
4302,Belfort - Montbéliard - Héricourt,156706,363590.5,247421.6,55.7,12722.0,19286.0,26610.0,13888.0,6934.0,11028.0,14210.0,16818.0,21856.0,24812.0,28786.0,35606.0,5.1,6.7,0.3,60.0,3.7,3.8,29.0,3.5
4303,Morteau,20072,47735.0,32101.7,73.1,18530.0,27642.0,39330.0,20800.0,12703.0,16882.0,20258.0,23766.0,31838.0,36618.0,42540.0,52155.0,4.1,5.0,0.3,75.2,2.8,3.5,15.5,3.0
4304,Pontarlier,26732,63503.5,42694.0,68.9,16898.0,24414.0,34936.0,18038.0,11186.0,15206.0,18340.0,21294.0,27930.0,32142.0,38188.0,47256.0,4.2,5.2,0.3,71.1,2.8,4.5,17.6,4.0
4305,Dole,30317,69037.0,47337.6,56.2,13576.0,19536.0,26258.0,12682.0,7922.0,11996.0,14904.0,17258.0,21868.0,24618.0,28260.0,34790.0,4.4,5.8,0.3,55.5,2.8,5.2,32.6,3.9
4306,Lons-le-Saunier,53046,116612.0,81248.5,55.2,13758.0,19458.0,26224.0,12466.0,8706.0,12402.0,14964.0,17248.0,21786.0,24470.0,28244.0,35002.0,4.0,5.3,0.3,54.4,2.6,5.4,32.8,4.8
4307,Saint-Claude,23000,54061.5,36617.6,62.0,14574.0,21298.0,30368.0,15794.0,9022.0,12994.0,15980.0,18684.0,24342.0,28194.0,33128.0,41946.0,4.6,5.8,0.3,66.0,3.4,3.5,23.3,3.8
4308,Gray,11916,27021.5,18591.3,51.3,12562.0,18122.0,24430.0,11868.0,7148.0,11020.0,13770.0,16078.0,20272.0,22820.0,26394.0,32944.0,4.6,6.2,0.3,50.7,3.0,7.9,33.4,5.0
4309,Vesoul,51081,115637.0,79586.0,51.2,12418.0,18208.0,24644.0,12226.0,7348.0,10964.0,13762.0,16076.0,20490.0,23114.0,26524.0,32546.0,4.4,5.9,0.3,55.0,3.1,5.4,32.3,4.2
5201,Ancenis,18873,47341.5,31130.7,51.8,14014.0,18722.0,24256.0,10242.0,9618.0,12866.0,15060.0,17002.0,20644.0,22928.0,25886.0,31336.0,3.3,4.2,0.3,62.3,3.0,4.9,24.9,4.9
5202,Châteaubriant,15206,36198.0,24381.6,45.6,12248.0,17152.0,22554.0,10306.0,7230.0,10956.0,13392.0,15326.0,19040.0,21220.0,24186.0,29574.0,4.1,5.5,0.3,55.5,3.2,7.5,28.8,5.0
5203,Nantes,429916,1017017.0,684561.8,60.0,15036.0,21034.0,28538.0,13502.0,9362.0,13548.0,16360.0,18724.0,23566.0,26646.0,30862.0,38590.0,4.1,5.5,0.3,64.6,3.1,4.7,22.8,4.8
5204,Saint-Nazaire,131805,297289.0,204474.4,58.3,14574.0,20224.0,27220.0,12646.0,9400.0,13194.0,15808.0,18062.0,22542.0,25428.0,29404.0,36790.0,3.9,5.2,0.3,52.6,3.4,5.0,33.3,5.7
5205,Angers,188882,445776.0,300618.6,55.2,13872.0,19574.0,26517.0,12645.0,8236.0,12362.0,15154.0,17430.0,21894.0,24734.0,28700.0,36020.0,4.4,5.9,0.3,59.7,3.4,5.6,26.9,4.4
5206,Cholet,77787,191706.0,127348.0,52.3,14226.0,18812.0,24404.0,10178.0,9432.0,13016.0,15270.0,17072.0,20734.0,23016.0,26152.0,31866.0,3.4,4.5,0.3,61.1,3.2,5.4,25.7,4.6
5207,Saumur,41888,97114.0,66155.7,48.5,12762.0,17876.0,23948.0,11186.0,7748.0,11416.0,13922.0,15976.0,19972.0,22458.0,25910.0,32332.0,4.2,5.6,0.3,52.3,3.6,6.7,32.3,5.1
5208,Segré,21450,51846.5,34683.1,46.3,13166.0,17616.0,22932.0,9766.0,8464.0,11936.0,14210.0,15968.0,19376.0,21548.0,24554.0,29460.0,3.5,4.6,0.3,56.0,3.0,7.5,28.6,4.9
5209,Laval,91942,219591.0,147463.0,53.9,13870.0,19030.0,25116.0,11246.0,8890.0,12566.0,14982.0,17050.0,21106.0,23568.0,27016.0,33372.0,3.8,5.0,0.3,58.8,2.6,6.1,27.4,5.1
5210,La Mayenne,22412,51804.0,35353.8,52.4,13639.0,18440.0,24204.0,10565.0,8676.0,12350.0,14706.0,16654.0,20452.0,22812.0,25910.0,31532.0,3.6,4.8,0.3,54.4,3.1,7.0,29.6,5.9
5211,La Ferté-Bernard,14970,34339.0,23505.5,56.4,13974.0,19146.0,24822.0,10848.0,8610.0,12590.0,15178.0,17166.0,21138.0,23386.0,26622.0,32178.0,3.7,4.8,0.3,55.7,3.1,5.5,31.1,4.6
5212,La Flèche,23894,53722.5,37109.1,50.5,13094.0,18254.0,24078.0,10984.0,7936.0,11618.0,14290.0,16352.0,20262.0,22592.0,25842.0,31952.0,4.0,5.3,0.3,50.6,3.5,5.7,35.6,4.6
5213,Le Mans,178954,414488.0,281776.6,56.3,13664.0,19550.0,26134.0,12470.0,7620.0,12018.0,15026.0,17384.0,21840.0,24508.0,28124.0,34620.0,4.5,6.0,0.3,58.2,3.0,4.8,29.9,4.1
5214,Sablé-sur-Sarthe,15227,37152.5,24744.4,53.4,13394.0,18408.0,24000.0,10606.0,8272.0,12012.0,14514.0,16516.0,20370.0,22724.0,25680.0,31518.0,3.8,5.1,0.3,59.6,3.3,5.3,26.5,5.3
5215,Challans,58615,128340.5,89742.5,55.4,14280.0,19406.0,25950.0,11670.0,9738.0,13036.0,15360.0,17396.0,21602.0,24240.0,28012.0,34750.0,3.6,4.7,0.3,45.0,3.2,5.9,39.1,6.8
5216,Fontenay-le-Comte,29071,67858.0,46169.6,48.5,13028.0,18078.0,23998.0,10970.0,8164.0,11746.0,14144.0,16102.0,20136.0,22496.0,25796.0,31882.0,3.9,5.1,0.3,52.6,3.5,7.4,32.0,4.5
5217,Les Herbiers,23898,59238.0,39238.2,53.3,14720.0,18954.0,24208.0,9488.0,10514.0,13628.0,15678.0,17338.0,20734.0,22828.0,25626.0,30616.0,2.9,3.7,0.3,64.0,3.0,5.6,23.1,4.3
5218,La Roche-sur-Yon,104090,246442.0,166193.0,54.0,14106.0,19246.0,25272.0,11166.0,9138.0,12776.0,15268.0,17334.0,21312.0,23754.0,27084.0,33170.0,3.6,4.9,0.3,57.9,3.0,5.6,28.5,5.0
5219,Les Sables-d'Olonne,33523,69345.0,49757.7,60.0,14948.0,20692.0,28334.0,13386.0,9884.0,13636.0,16214.0,18418.0,23302.0,26386.0,30754.0,38631.0,3.9,5.2,0.3,40.0,3.0,5.7,44.2,7.1
5301,Dinan,41411,92066.5,63804.4,56.2,14358.0,20102.0,27496.0,13138.0,9446.0,12972.0,15580.0,17800.0,22550.0,25590.0,29880.0,37754.0,4.0,5.4,0.3,49.2,3.2,6.5,35.2,5.9
5302,Guingamp,22927,50375.0,34977.5,47.4,12630.0,17944.0,24180.0,11550.0,7434.0,11198.0,13842.0,15988.0,20098.0,22612.0,25958.0,31944.0,4.3,5.7,0.3,50.1,3.0,7.4,34.9,4.6
5303,Lannion,41759,90153.5,63261.6,57.0,14214.0,20194.0,27932.0,13718.0,8938.0,12804.0,15488.0,17846.0,22782.0,25984.0,30398.0,37796.0,4.2,5.5,0.3,45.8,2.9,6.7,39.5,5.1
5304,Loudéac,16967,38706.0,26552.0,50.8,13080.0,18380.0,24122.0,11042.0,8348.0,11824.0,14206.0,16378.0,20288.0,22680.0,25910.0,31480.0,3.8,5.0,0.3,50.8,2.6,9.6,32.2,4.8
5305,Saint-Brieuc,134475,301529.5,207926.9,55.6,14098.0,19682.0,26406.0,12308.0,8988.0,12712.0,15338.0,17544.0,21986.0,24700.0,28536.0,35456.0,3.9,5.2,0.3,51.1,2.9,7.3,33.7,5.0
5306,Brest,194488,438772.0,301315.4,56.8,14474.0,20142.0,27190.0,12716.0,9184.0,13074.0,15728.0,17962.0,22494.0,25416.0,29358.0,36198.0,3.9,5.2,0.3,57.2,3.1,5.9,29.6,4.2
5307,Carhaix-Plouguer,20558,42661.5,30453.5,46.8,12120.0,17572.0,23740.0,11620.0,7032.0,10900.0,13344.0,15460.0,19744.0,22270.0,25568.0,31422.0,4.5,5.7,0.3,44.5,2.9,9.4,38.8,4.4
5308,Morlaix,32998,72076.5,50235.1,54.6,13942.0,19458.0,26270.0,12328.0,8754.0,12570.0,15148.0,17332.0,21762.0,24512.0,28292.0,35086.0,4.0,5.3,0.3,49.0,2.9,8.1,34.9,5.1
5309,Quimper,144907,312438.0,219398.0,55.5,14300.0,19800.0,26758.0,12458.0,9292.0,12964.0,15506.0,17668.0,22148.0,25022.0,28914.0,35876.0,3.9,5.1,0.3,49.9,3.0,6.4,35.2,5.5
5310,Fougères,28691,66556.5,45248.2,50.2,13768.0,18408.0,23910.0,10142.0,8794.0,12450.0,14810.0,16624.0,20304.0,22536.0,25646.0,31140.0,3.5,4.7,0.3,56.6,2.8,6.4,29.5,4.7
5311,Redon,19282,44578.5,30396.3,51.0,13388.0,18658.0,24320.0,10932.0,8244.0,11960.0,14614.0,16710.0,20624.0,22914.0,26034.0,31748.0,3.9,5.0,0.3,55.0,3.8,5.3,31.7,4.2
5312,Rennes,317401,751726.5,505455.2,59.1,14802.0,20798.0,28170.0,13368.0,9084.0,13272.0,16136.0,18482.0,23282.0,26288.0,30506.0,38000.0,4.2,5.5,0.3,64.1,2.8,5.4,22.9,4.8
5313,Saint-Malo,47394,103147.5,72060.1,55.1,13846.0,19566.0,27078.0,13232.0,8686.0,12430.0,15046.0,17330.0,22096.0,25158.0,29476.0,37656.0,4.3,5.9,0.3,49.2,3.0,6.6,34.6,6.6
5314,Vitré,20246,50828.5,33488.9,55.3,14508.0,19400.0,25274.0,10766.0,10100.0,13374.0,15594.0,17494.0,21362.0,23792.0,27138.0,33304.0,3.3,4.4,0.3,64.7,2.8,5.8,21.1,5.6
5315,Lorient,131865,292999.5,202955.6,55.3,14028.0,19704.0,26564.0,12536.0,8582.0,12574.0,15288.0,17540.0,22062.0,24828.0,28614.0,35388.0,4.1,5.5,0.3,52.6,3.4,5.7,33.5,4.8
5316,Ploërmel,16795,38878.0,26476.9,50.6,13370.0,18504.0,24354.0,10984.0,8570.0,12074.0,14530.0,16590.0,20588.0,22926.0,26016.0,31590.0,3.7,4.7,0.3,54.5,3.0,7.3,30.8,4.4
5317,Pontivy,24623,56160.5,38517.5,52.6,13712.0,18878.0,24770.0,11058.0,8566.0,12340.0,14854.0,16910.0,20892.0,23352.0,26630.0,32404.0,3.8,5.0,0.3,53.5,2.8,8.5,30.1,5.1
5318,Vannes,150468,340521.0,234185.7,58.0,14534.0,20232.0,27576.0,13042.0,9290.0,13136.0,15780.0,18002.0,22692.0,25704.0,29928.0,37688.0,4.1,5.4,0.3,49.9,3.1,6.7,34.0,6.3
5401,Thouars - Loudun,28560,64388.5,44424.6,47.3,12818.0,17728.0,23570.0,10752.0,7996.0,11520.0,13886.0,15908.0,19684.0,22048.0,25262.0,31040.0,3.9,5.3,0.3,51.3,3.0,8.1,32.3,5.3
5402,Châtellerault,35752,80082.0,55299.1,53.1,12936.0,18860.0,25448.0,12512.0,6898.0,11320.0,14300.0,16712.0,21138.0,23810.0,27486.0,33886.0,4.9,6.6,0.3,54.6,3.2,5.3,32.3,4.6
5403,Angoulême,120576,266037.0,185322.3,51.1,12652.0,18652.0,25494.0,12842.0,6946.0,11134.0,14006.0,16418.0,21060.0,23832.0,27560.0,34420.0,5.0,6.7,0.3,52.9,3.2,6.7,32.5,4.7
5404,Jonzac - Barbezieux-Saint-Hilaire,29002,64723.5,44945.0,45.0,11728.0,17312.0,24018.0,12290.0,6926.0,10466.0,12954.0,15084.0,19652.0,22248.0,26098.0,33016.0,4.8,6.5,0.3,47.0,3.1,11.0,33.6,5.3
5405,Cognac,36171,80303.0,55858.0,55.5,13682.0,19634.0,27330.0,13648.0,8312.0,12230.0,14982.0,17334.0,22230.0,25358.0,29888.0,38516.0,4.6,6.6,0.3,50.5,2.8,10.5,30.0,6.2
5406,Saintes - Saint-Jean-d'Angely,54250,120452.0,83668.5,50.4,12774.0,18503.0,25332.0,12558.0,7466.0,11332.0,14038.0,16280.0,20846.0,23634.0,27428.0,34394.0,4.6,6.2,0.3,49.2,3.1,8.2,34.3,5.2
5407,Royan,44877,92625.5,66558.9,55.0,13398.0,19352.0,27356.0,13958.0,8430.0,12058.0,14630.0,16972.0,22064.0,25330.0,29862.0,37864.0,4.5,6.1,0.3,36.1,3.0,8.0,45.4,7.5
5408,Rochefort,49476,106899.5,75006.5,52.0,13050.0,18732.0,25636.0,12586.0,7778.0,11596.0,14300.0,16558.0,21136.0,23940.0,27702.0,34476.0,4.4,5.9,0.3,46.5,3.5,7.1,37.5,5.4
5409,La Rochelle,106465,235621.5,163732.4,59.6,14414.0,20708.0,28754.0,14340.0,8674.0,12832.0,15778.0,18284.0,23402.0,26710.0,31292.0,39636.0,4.6,6.2,0.3,51.5,3.3,6.2,32.5,6.5
5410,Niort,96242,219610.0,150573.9,55.7,13984.0,19788.0,27064.0,13080.0,8678.0,12574.0,15254.0,17543.0,22258.0,25228.0,29304.0,36608.0,4.2,5.6,0.3,59.0,2.6,5.9,28.4,4.1
5411,Parthenay,13989,31431.0,21724.4,46.4,12748.0,17700.0,23638.0,10890.0,7734.0,11498.0,13898.0,15860.0,19640.0,22110.0,25556.0,31242.0,4.0,5.4,0.3,53.3,2.9,6.6,32.3,4.9
5412,Bressuire,29741,72408.0,48410.5,46.6,13120.0,17702.0,23005.0,9885.0,8438.0,11908.0,14166.0,15964.0,19552.0,21722.0,24598.0,29902.0,3.5,4.8,0.3,57.3,3.0,7.1,27.2,5.4
5413,Poitiers,139056,309231.0,213783.8,54.7,13630.0,19656.0,26892.0,13262.0,7902.0,12106.0,14970.0,17368.0,22142.0,25094.0,29194.0,36648.0,4.6,6.2,0.3,58.5,2.7,5.7,28.3,4.8
7201,Bergerac,48186,105777.0,73918.6,48.7,11884.0,17898.0,24964.0,13080.0,6456.0,10422.0,13254.0,15624.0,20334.0,23222.0,27180.0,34062.0,5.3,6.9,0.3,45.7,3.4,6.4,38.4,6.1
7202,Périgueux,106800,229462.5,161731.7,49.6,12656.0,18464.0,25114.0,12458.0,7430.0,11254.0,13938.0,16266.0,20814.0,23512.0,27108.0,33658.0,4.5,6.0,0.3,49.6,3.0,5.7,36.7,5.0
7203,Sarlat-la-Canéda,23740,50678.0,35931.9,49.9,12248.0,17964.0,25050.0,12802.0,7660.0,10996.0,13386.0,15688.0,20388.0,23182.0,27376.0,34630.0,4.5,6.0,0.3,43.1,3.4,6.7,39.2,7.6
7204,Bordeaux,532166,1208937.0,829662.5,59.9,14224.0,21162.0,29512.0,15288.0,8048.0,12508.0,15744.0,18484.0,24010.0,27446.0,32116.0,40556.0,5.0,6.7,0.3,61.3,3.2,5.4,25.0,5.1
7205,Libourne,49245,110936.5,76460.3,48.2,11874.0,17870.0,24744.0,12870.0,6376.0,10374.0,13236.0,15616.0,20238.0,23044.0,26812.0,33544.0,5.3,7.2,0.3,51.9,3.4,6.9,31.7,6.1
7206,Pauillac,22555,50158.0,34786.4,50.8,12576.0,18457.0,25172.0,12596.0,7364.0,11130.0,13890.0,16234.0,20710.0,23480.0,27146.0,33728.0,4.6,6.2,0.3,47.9,3.6,6.9,36.0,5.6
7207,La Teste-de-Buch,67785,150268.0,104549.1,59.2,14698.0,20785.0,28490.0,13792.0,9384.0,13214.0,15986.0,18380.0,23392.0,26544.0,30968.0,39022.0,4.2,5.5,0.3,48.5,3.2,5.8,36.2,6.3
7208,Dax,79020,175548.5,122041.8,55.0,13888.0,19712.0,26726.0,12838.0,8592.0,12432.0,15172.0,17494.0,22126.0,24966.0,28934.0,36356.0,4.2,5.6,0.3,49.5,3.3,6.2,34.5,6.5
7209,Agen,65007,145372.0,100554.4,52.2,12568.0,18822.0,26190.0,13622.0,6948.0,11042.0,13926.0,16448.0,21360.0,24376.0,28398.0,35562.0,5.1,6.8,0.3,54.7,3.2,6.4,30.1,5.6
7210,Marmande,38205,84356.0,58812.2,46.5,11882.0,17550.0,24272.0,12390.0,6618.0,10504.0,13108.0,15328.0,19874.0,22644.0,26290.0,32790.0,5.0,6.7,0.3,48.4,3.1,7.4,35.1,6.0
7211,Villeneuve-sur-Lot,42407,94184.5,65527.6,45.8,11432.0,17150.0,23838.0,12406.0,6270.0,10032.0,12646.0,14948.0,19494.0,22172.0,25788.0,32326.0,5.2,6.9,0.3,44.5,3.7,7.0,38.0,6.8
7212,Bayonne,146051,317543.0,222297.8,57.9,14270.0,20436.0,28144.0,13874.0,8772.0,12776.0,15604.0,18026.0,23016.0,26194.0,30632.0,39064.0,4.5,6.1,0.3,51.8,3.0,6.4,31.4,7.4
7213,Oloron-Sainte-Marie,18335,40857.5,28467.9,52.8,13512.0,19062.0,25768.0,12256.0,8196.0,12122.0,14678.0,16946.0,21352.0,24106.0,27766.0,33648.0,4.1,5.2,0.3,51.2,2.8,6.3,34.7,5.0
7214,Pau,145520,328529.0,226787.9,57.9,14156.0,20568.0,28608.0,14452.0,8528.0,12618.0,15562.0,18050.0,23320.0,26566.0,31124.0,39312.0,4.6,6.1,0.3,55.9,2.7,5.2,30.2,6.0
7301,Foix - Pamiers,49817,109673.0,76396.7,48.3,12002.0,18064.0,24732.0,12730.0,6352.0,10526.0,13306.0,15802.0,20394.0,23124.0,26748.0,33300.0,5.2,6.8,0.3,51.1,3.4,5.6,34.7,5.2
7302,Saint-Girons,14979,30593.5,21977.0,47.5,11290.0,17844.0,24610.0,13320.0,5374.0,9750.0,12776.0,15398.0,20250.0,23038.0,26704.0,33188.0,6.2,7.9,0.3,44.6,3.0,6.5,40.6,5.3
7303,Millau,26910,58196.5,40832.5,47.8,12308.0,17734.0,24258.0,11950.0,7206.0,10932.0,13528.0,15658.0,19912.0,22612.0,26128.0,32404.0,4.5,5.9,0.3,48.2,3.1,7.6,34.8,6.3
7304,Rodez,76424,167955.0,117155.6,52.8,13214.0,18856.0,25696.0,12482.0,8486.0,11880.0,14396.0,16678.0,21250.0,24058.0,27702.0,34500.0,4.1,5.4,0.3,50.6,2.3,8.2,31.9,7.0
7305,Villefranche-de-Rouergue,16106,35123.0,24660.5,47.0,12178.0,17552.0,24258.0,12080.0,7422.0,10896.0,13334.0,15370.0,19956.0,22610.0,26262.0,32924.0,4.4,5.9,0.3,44.5,2.5,8.5,37.8,6.7
7306,Saint-Gaudens,26808,56293.0,40028.5,50.8,12418.0,18532.0,25640.0,13222.0,6914.0,10934.0,13796.0,16218.0,21034.0,23886.0,27852.0,34420.0,5.0,6.7,0.3,46.7,2.9,5.9,38.7,5.8
7307,Auch,50669,111332.0,77909.1,51.0,12640.0,18604.0,25841.0,13201.0,7332.0,11262.0,13934.0,16284.0,21116.0,24034.0,28008.0,35456.0,4.8,6.4,0.3,48.1,2.7,8.0,34.3,6.9
7308,Cahors,41606,89087.0,62933.4,51.4,12492.0,18683.0,26194.0,13702.0,7116.0,11010.0,13774.0,16230.0,21276.0,24332.0,28498.0,35436.0,5.0,6.5,0.3,45.4,3.1,6.6,38.6,6.3
7309,Figeac,17655,37879.5,26723.8,52.3,13108.0,18982.0,25748.0,12640.0,8156.0,11660.0,14318.0,16674.0,21372.0,24122.0,27724.0,34312.0,4.2,5.5,0.3,48.7,2.3,6.2,37.2,5.6
7310,Tarbes - Lourdes,102880,221667.0,155926.2,52.3,13038.0,18962.0,25796.0,12758.0,7604.0,11548.0,14324.0,16714.0,21352.0,24106.0,27840.0,34194.0,4.5,5.9,0.3,51.1,3.4,6.0,34.9,4.6
7311,Albi,74757,165575.5,115135.1,50.7,12614.0,18658.0,25910.0,13296.0,6852.0,11086.0,13972.0,16354.0,21160.0,24154.0,28098.0,35188.0,5.1,6.8,0.3,49.9,2.9,6.6,34.7,5.9
7312,Castres - Mazamet,57655,130368.0,90085.2,47.8,12334.0,17960.0,24584.0,12250.0,6792.0,10878.0,13626.0,15844.0,20262.0,22966.0,26598.0,33402.0,4.9,6.6,0.3,51.5,3.3,6.1,34.0,5.1
7313,Montauban,93581,219377.5,148930.0,48.0,11584.0,17766.0,24864.0,13280.0,5960.0,10078.0,12940.0,15370.0,20236.0,23136.0,26894.0,33508.0,5.6,7.4,0.3,54.0,3.5,6.2,30.7,5.6
7401,Tulle,31813,66277.0,47295.0,54.3,13508.0,19376.0,26210.0,12702.0,8600.0,12136.0,14786.0,17128.0,21746.0,24504.0,28304.0,34692.0,4.0,5.2,0.3,49.0,2.3,5.6,38.6,4.5
7402,Ussel,13813,28813.0,20502.1,51.1,12794.0,18246.0,24530.0,11736.0,7954.0,11478.0,14046.0,16244.0,20488.0,22956.0,26408.0,32824.0,4.1,5.5,0.3,50.9,2.4,6.2,35.5,5.0
7403,Guéret,55891,114735.5,82367.1,46.1,11642.0,17212.0,23822.0,12180.0,6704.0,10362.0,12806.0,15006.0,19500.0,22190.0,25840.0,32074.0,4.8,6.3,0.3,45.7,2.8,7.5,39.3,4.7
7404,Limoges,165925,353381.0,248934.7,54.3,12988.0,19450.0,26682.0,13694.0,6654.0,11288.0,14476.0,17062.0,21980.0,24912.0,28912.0,36068.0,5.4,7.1,0.3,54.6,2.5,5.0,33.5,4.4
8201,Ambérieu-en-Bugey,39955,97618.5,64944.7,60.7,14886.0,20926.0,28000.0,13114.0,9558.0,13422.0,16208.0,18638.0,23360.0,26274.0,30138.0,37018.0,3.9,5.1,0.3,63.1,2.9,4.3,24.1,5.6
8202,Bourg-en-Bresse,55659,129235.5,87842.6,60.5,14328.0,20350.0,27394.0,13066.0,8610.0,12800.0,15666.0,18088.0,22768.0,25596.0,29578.0,36786.0,4.3,5.5,0.3,59.6,2.6,4.7,28.5,4.6
8203,Oyonnax,26146,64237.5,42747.5,55.4,12068.0,18514.0,25556.0,13488.0,7140.0,10550.0,13576.0,16146.0,21008.0,23844.0,27636.0,34594.0,4.8,6.5,0.3,61.9,3.6,3.5,26.1,4.9
8204,Annonay,22444,52256.0,35557.9,54.3,13496.0,19026.0,25056.0,11560.0,8250.0,12096.0,14796.0,17080.0,21148.0,23622.0,26834.0,33062.0,4.0,5.3,0.3,55.8,3.7,4.8,31.1,4.6
8205,Aubenas,42843,92726.0,65051.9,48.2,11756.0,17610.0,24414.0,12658.0,6558.0,10360.0,13068.0,15416.0,19960.0,22796.0,26436.0,32834.0,5.0,6.6,0.3,45.0,4.0,6.2,38.0,6.8
8206,Montélimar,78703,181823.0,124091.7,53.6,12206.0,18836.0,26664.0,14458.0,6686.0,10610.0,13640.0,16292.0,21534.0,24718.0,29096.0,36582.0,5.5,7.1,0.3,54.2,3.4,5.7,30.5,6.2
8207,Romans-sur-Isère,36433,86175.5,58193.1,52.9,12512.0,18798.0,25868.0,13356.0,6910.0,10948.0,13948.0,16492.0,21220.0,24094.0,28136.0,35284.0,5.1,6.7,0.3,57.1,3.4,5.3,28.6,5.6
8208,Valence,148194,342578.0,233714.5,54.5,13012.0,19216.0,26470.0,13458.0,7518.0,11484.0,14418.0,16878.0,21690.0,24696.0,28686.0,36038.0,4.8,6.3,0.3,56.2,3.3,5.4,29.5,5.6
8209,Bourgoin-Jallieu,85734,220124.0,143876.0,58.4,13938.0,20208.0,27372.0,13434.0,8318.0,12416.0,15346.0,17878.0,22646.0,25618.0,29510.0,36358.0,4.4,5.6,0.3,66.0,3.4,3.9,22.7,4.0
8210,Grenoble,337385,786796.0,534091.3,62.6,14692.0,21566.0,30012.0,15320.0,8712.0,13036.0,16162.0,18884.0,24458.0,27890.0,32574.0,40890.0,4.7,6.1,0.3,62.1,2.8,4.6,25.4,5.1
8211,Vienne - Roussillon,90512,222477.5,148056.4,57.8,13758.0,20072.0,27256.0,13498.0,8216.0,12216.0,15146.0,17658.0,22560.0,25478.0,29386.0,36224.0,4.4,5.7,0.3,60.5,3.1,4.9,26.6,4.9
8212,Roanne,61430,136886.0,94719.2,52.4,13188.0,18552.0,24794.0,11606.0,7718.0,11670.0,14466.0,16584.0,20722.0,23192.0,26664.0,32870.0,4.3,5.7,0.3,53.4,3.3,4.8,33.7,4.8
8213,Villefranche-sur-Saône,100022,251244.5,165767.1,62.3,15120.0,21484.0,29406.0,14286.0,9396.0,13552.0,16484.0,19018.0,24140.0,27390.0,31874.0,39966.0,4.3,5.5,0.3,63.0,2.8,5.1,23.7,5.4
8214,Lyon,732126,1717336.5,1160173.8,63.1,13660.0,21456.0,30776.0,17116.0,7270.0,11788.0,15396.0,18484.0,24624.0,28422.0,33678.0,43242.0,5.9,7.9,0.4,63.9,3.1,4.5,23.3,5.2
8215,La Tarentaise,47676,107803.0,74149.8,63.1,14686.0,20670.0,27802.0,13116.0,9374.0,13274.0,15962.0,18356.0,23138.0,26070.0,30040.0,37310.0,4.0,5.3,0.3,57.0,3.4,7.9,23.9,7.8
8216,Chambéry,122328,280849.0,191958.5,62.5,14788.0,21324.0,29308.0,14520.0,9098.0,13212.0,16214.0,18818.0,24020.0,27336.0,31818.0,39994.0,4.4,5.8,0.3,58.5,2.7,5.3,27.6,5.9
8217,La Maurienne,17534,38615.5,26877.6,62.4,14946.0,20714.0,27448.0,12502.0,9966.0,13646.0,16172.0,18454.0,23102.0,25916.0,29528.0,35688.0,3.6,4.5,0.3,54.4,3.2,6.9,29.8,5.7
8218,Annecy,121166,283141.5,192226.7,68.1,16838.0,23890.0,33454.0,16616.0,10854.0,15150.0,18338.0,21104.0,26972.0,30832.0,36632.0,47688.0,4.4,5.9,0.3,63.6,2.5,4.9,22.0,7.0
8219,Le Genevois Français,157358,378152.0,252563.5,55.1,16842.0,27974.0,44546.0,27704.0,8596.0,14434.0,19026.0,23322.0,33482.0,40264.0,49658.0,65592.0,7.6,9.9,0.4,74.0,2.9,3.1,15.6,4.4
8220,La Vallée de l'Arve,24257,60594.5,40116.0,64.2,14634.0,21398.0,29684.0,15050.0,8954.0,13000.0,16116.0,18826.0,24248.0,27630.0,32168.0,40460.0,4.5,5.8,0.3,65.4,3.8,4.0,20.6,6.2
8221,Le Mont Blanc,27888,62465.5,43167.9,66.8,15522.0,21894.0,29936.0,14414.0,10414.0,14058.0,16894.0,19358.0,24546.0,27882.0,32576.0,42292.0,4.1,5.5,0.3,57.0,2.6,8.4,22.5,9.5
8222,Le Chablais,41607,95484.0,65196.5,66.0,16390.0,24110.0,35084.0,18694.0,10346.0,14626.0,17932.0,20980.0,27768.0,32320.0,38856.0,50018.0,4.8,6.3,0.3,65.3,3.1,5.0,20.5,6.1
8301,Montluçon,51460,107297.0,76315.4,51.1,12386.0,18308.0,24784.0,12398.0,6526.0,10844.0,13712.0,16090.0,20568.0,23218.0,26716.0,32976.0,5.1,6.7,0.3,49.3,3.0,5.6,37.6,4.5
8302,Moulins,44745,96771.0,67846.9,52.1,12732.0,18482.0,25048.0,12316.0,7278.0,11320.0,13988.0,16310.0,20724.0,23404.0,27044.0,33496.0,4.6,6.1,0.3,51.2,2.5,6.9,34.3,5.1
8303,Vichy,61677,129218.5,91744.7,51.1,12576.0,18406.0,25356.0,12780.0,6984.0,11106.0,13912.0,16226.0,20804.0,23608.0,27454.0,34434.0,4.9,6.6,0.3,49.6,3.0,5.9,36.6,4.9
8304,Aurillac,37341,79806.0,56303.1,52.1,13314.0,18760.0,25490.0,12176.0,8398.0,11980.0,14480.0,16652.0,21058.0,23738.0,27492.0,34318.0,4.1,5.4,0.3,51.8,2.3,7.2,32.9,5.8
8305,Mauriac,13634,27818.0,20065.4,44.4,12126.0,17024.0,23014.0,10888.0,7854.0,11042.0,13136.0,14944.0,19114.0,21570.0,24806.0,30876.0,3.9,5.2,0.3,42.5,2.3,10.5,38.5,6.2
8306,Saint-Flour,15417,33189.5,23406.6,46.5,12180.0,17108.0,23480.0,11300.0,7748.0,11000.0,13182.0,15206.0,19250.0,21826.0,25350.0,31254.0,4.0,5.3,0.3,46.2,2.5,10.7,33.5,7.1
8307,Brioude,20023,42929.0,30231.7,45.8,11880.0,17258.0,23370.0,11490.0,7238.0,10602.0,13088.0,15194.0,19508.0,21832.0,25068.0,30782.0,4.3,5.6,0.3,47.8,3.2,7.3,36.6,5.1
8308,Le Puy-en-Velay,40327,89063.0,61917.9,51.6,12946.0,18612.0,25238.0,12292.0,7720.0,11554.0,14126.0,16462.0,20872.0,23602.0,27296.0,33852.0,4.4,5.7,0.3,52.5,2.7,7.0,32.5,5.3
8309,Ambert,9606,20207.5,14380.7,49.4,12498.0,18112.0,24858.0,12360.0,7814.0,11119.0,13704.0,15944.0,20392.0,23196.0,27043.0,34168.0,4.4,5.6,0.3,49.9,2.4,5.6,36.9,5.2
8310,Clermont-Ferrand,228710,499353.0,348168.9,59.6,14190.0,20764.0,28588.0,14398.0,8256.0,12560.0,15652.0,18252.0,23420.0,26626.0,31004.0,38754.0,4.7,6.2,0.3,59.3,2.5,5.2,28.4,4.6
8311,Issoire,21643,47255.0,32978.7,52.3,13284.0,18978.0,25354.0,12070.0,8402.0,11970.0,14546.0,16723.0,21243.0,23728.0,27116.0,33128.0,3.9,5.2,0.3,53.3,2.9,6.0,32.9,4.9
8312,Thiers,20765,46528.0,32203.0,47.2,12392.0,17826.0,24192.0,11800.0,6998.0,11066.0,13580.0,15750.0,19980.0,22518.0,26102.0,32422.0,4.6,6.0,0.3,54.0,3.8,4.9,33.4,3.9
9101,Carcassonne,53624,120576.0,83141.5,46.7,10584.0,17320.0,24653.0,14069.0,4314.0,8950.0,12110.0,14770.0,19894.0,22862.0,26788.0,33626.0,7.8,9.7,0.4,51.3,3.7,6.0,33.8,5.2
9102,Limoux,19534,41467.0,29412.5,42.0,10456.0,16434.0,23086.0,12630.0,4856.0,8968.0,11714.0,14100.0,18784.0,21508.0,24986.0,31190.0,6.4,8.3,0.4,42.0,3.7,6.9,41.4,6.0
9103,Narbonne,72466,156666.0,109766.3,45.7,10644.0,17058.0,24266.0,13622.0,4810.0,9040.0,12074.0,14620.0,19612.0,22552.0,26476.0,33382.0,6.9,8.8,0.4,45.8,4.0,6.6,38.0,5.6
9104,Alès,65101,141841.0,99148.0,43.6,10074.0,16544.0,23666.0,13592.0,3954.0,8388.0,11554.0,14184.0,19020.0,21930.0,25752.0,32096.0,8.1,10.1,0.4,46.2,4.1,5.7,38.5,5.5
9105,Bagnols-sur-Cèze,28365,66386.0,45177.7,53.6,12038.0,18963.0,26703.0,14665.0,6186.0,10490.0,13566.0,16348.0,21778.0,24896.0,28946.0,36028.0,5.8,7.2,0.3,57.3,3.3,5.1,29.5,4.8
9106,Nîmes,151097,353717.0,239853.7,50.4,10710.0,18070.0,26122.0,15412.0,4450.0,8922.0,12362.0,15344.0,20880.0,24154.0,28490.0,36072.0,8.1,10.2,0.4,54.8,3.7,5.9,29.8,5.8
9107,Agde - Pézenas,39506,85884.5,60154.9,46.6,10694.0,17164.0,24544.0,13850.0,5200.0,9146.0,12112.0,14658.0,19738.0,22756.0,26810.0,33938.0,6.5,8.6,0.4,42.8,4.4,6.4,38.5,7.9
9108,Béziers,102011,226472.0,156894.6,44.8,9992.0,16754.0,24092.0,14100.0,4016.0,8318.0,11526.0,14206.0,19356.0,22336.0,26250.0,33270.0,8.3,10.6,0.4,46.4,3.8,7.4,36.0,6.4
9109,Clermont-l'Hérault - Lodève,23428,55084.5,37250.4,44.2,10966.0,17112.0,24102.0,13136.0,5462.0,9478.0,12292.0,14712.0,19624.0,22398.0,26184.0,32812.0,6.0,7.7,0.3,51.8,4.3,6.3,31.8,5.8
9110,Ganges,20744,44748.5,31376.5,42.5,10542.0,16542.0,23418.0,12876.0,4782.0,9030.0,11880.0,14362.0,18942.0,21652.0,25560.0,32116.0,6.7,8.3,0.4,45.2,4.4,6.5,37.6,6.3
9111,Montpellier,276828,622993.5,428952.8,56.6,12248.0,20046.0,29196.0,16948.0,5796.0,10332.0,13970.0,17074.0,23200.0,26928.0,31966.0,40928.0,7.1,9.1,0.4,57.3,3.7,6.3,26.4,6.3
9112,Sète,46676,101289.0,70868.6,49.5,11216.0,17826.0,25480.0,14264.0,5318.0,9590.0,12752.0,15340.0,20444.0,23568.0,27788.0,35076.0,6.6,8.6,0.4,48.2,4.1,6.1,35.8,5.8
9113,La Lozère,32578,70804.0,49520.6,51.6,12734.0,18362.0,24894.0,12160.0,7808.0,11378.0,13966.0,16242.0,20622.0,23222.0,26930.0,33268.0,4.3,5.6,0.3,51.2,2.3,7.9,32.5,6.1
9114,Céret,34828,71605.0,51430.2,50.3,11990.0,18256.0,25934.0,13944.0,6326.0,10448.0,13364.0,15804.0,20842.0,24030.0,28218.0,35762.0,5.7,7.4,0.3,37.6,3.3,6.4,45.6,7.1
9115,Perpignan,154323,338229.5,235463.5,48.0,10446.0,17396.0,25102.0,14656.0,4200.0,8754.0,11984.0,14766.0,20122.0,23242.0,27334.0,34640.0,8.2,10.5,0.4,48.2,3.8,6.9,34.9,6.2
9116,Prades,19428,41203.5,29067.6,45.9,10878.0,17100.0,23970.0,13092.0,5360.0,9370.0,12234.0,14820.0,19552.0,22410.0,25972.0,32576.0,6.1,7.7,0.3,46.6,3.6,6.9,36.8,6.1
9301,Digne-les-Bains,32449,69084.0,48751.8,52.7,12428.0,18738.0,25966.0,13538.0,6920.0,10890.0,13852.0,16238.0,21262.0,24156.0,28070.0,34808.0,5.0,6.4,0.3,49.8,3.2,5.8,35.1,6.1
9302,Manosque,35475,78368.0,54502.3,53.2,12486.0,19058.0,27082.0,14596.0,6952.0,10948.0,13890.0,16522.0,21794.0,25068.0,29504.0,37104.0,5.3,6.9,0.3,47.7,3.3,6.5,34.3,8.2
9303,Briançon,15755,33922.0,23765.4,58.6,13698.0,19278.0,26275.0,12577.0,8826.0,12452.0,14924.0,17112.0,21600.0,24472.0,28318.0,35802.0,4.1,5.2,0.3,51.0,3.9,8.5,29.3,7.3
9304,Gap,47479,103438.5,72234.6,54.4,13092.0,18950.0,26226.0,13134.0,7856.0,11646.0,14356.0,16684.0,21404.0,24364.0,28412.0,35490.0,4.5,5.9,0.3,50.3,3.2,7.0,32.8,6.7
9305,Cannes - Antibes,192234,413529.0,290407.6,61.1,13532.0,21080.0,31044.0,17512.0,7516.0,11806.0,15118.0,18104.0,24388.0,28468.0,34246.0,44572.0,5.9,8.1,0.4,52.9,3.1,5.7,29.1,9.2
9306,Menton - Vallée de la Roya,39868,84197.5,59555.9,62.5,14092.0,21284.0,30480.0,16388.0,8426.0,12562.0,15580.0,18432.0,24362.0,28076.0,33328.0,42502.0,5.0,7.0,0.4,60.4,2.7,4.3,26.4,6.2
9307,Nice,292512,625850.5,439914.8,59.1,12672.0,20488.0,30000.0,17328.0,6266.0,10848.0,14336.0,17450.0,23736.0,27610.0,32934.0,42900.0,6.8,9.2,0.4,55.2,2.9,6.5,27.8,7.6
9308,Aix-en-Provence,167503,393188.5,267542.1,62.7,14818.0,22526.0,32554.0,17736.0,8612.0,13032.0,16418.0,19464.0,25910.0,30002.0,35642.0,45778.0,5.3,7.1,0.4,58.4,3.0,5.3,25.3,8.0
9309,Arles,35406,81123.0,55573.3,51.3,11304.0,18212.0,26234.0,14930.0,5516.0,9638.0,12838.0,15588.0,20962.0,24196.0,28712.0,36478.0,6.6,8.8,0.4,52.9,3.8,6.0,29.8,7.5
9310,Marseille - Aubagne,546034,1266577.0,861381.5,56.1,10942.0,19432.0,28840.0,17898.0,4036.0,8884.0,12842.0,16242.0,22746.0,26548.0,31628.0,40690.0,10.1,12.5,0.4,57.6,3.3,6.0,27.0,6.1
9311,Istres - Martigues,57595,136076.0,92123.5,57.0,12792.0,19878.0,27820.0,15028.0,6876.0,11100.0,14256.0,17094.0,22658.0,25914.0,30074.0,37168.0,5.4,6.8,0.3,61.2,3.4,3.7,27.5,4.2
9312,Salon-de-Provence,50423,122118.0,81846.3,57.8,13250.0,20446.0,28934.0,15684.0,7484.0,11618.0,14786.0,17606.0,23370.0,26816.0,31376.0,38868.0,5.2,6.7,0.3,62.1,3.4,4.2,25.1,5.2
9313,Draguignan,51570,118498.5,81208.4,53.2,12250.0,19008.0,26714.0,14464.0,6392.0,10588.0,13756.0,16460.0,21686.0,24822.0,29024.0,36476.0,5.7,7.4,0.3,48.6,3.3,6.1,35.3,6.7
9314,Fréjus - Saint-Raphaël,84334,180374.0,127397.2,60.6,13312.0,20594.0,29924.0,16612.0,7600.0,11682.0,14878.0,17744.0,23724.0,27530.0,32964.0,43278.0,5.7,8.0,0.4,42.1,3.0,7.0,36.5,11.4
9315,Toulon,279955,614443.0,428806.4,56.7,12870.0,20084.0,28386.0,15516.0,6436.0,11046.0,14454.0,17334.0,22970.0,26328.0,30892.0,38954.0,6.1,7.9,0.4,49.7,3.1,6.0,34.3,6.9
9316,Cavaillon - Apt,33565,77288.5,52925.8,50.4,10968.0,17696.0,25618.0,14650.0,5794.0,9422.0,12376.0,15052.0,20362.0,23636.0,28074.0,36394.0,6.3,8.5,0.4,48.7,3.9,6.8,32.2,8.4
9317,Orange,39547,96142.0,64407.3,50.9,11294.0,17844.0,25211.0,13917.0,5862.0,9748.0,12726.0,15364.0,20440.0,23444.0,27396.0,34502.0,5.9,7.6,0.3,55.6,3.7,5.5,29.2,6.0
9401,Ajaccio,42277,93914.5,65484.2,57.7,12856.0,20420.0,29334.0,16478.0,7222.0,11228.0,14466.0,17380.0,23478.0,27176.0,31972.0,40786.0,5.6,7.5,0.4,55.9,2.6,6.6,28.3,6.6
9402,Porto-Vecchio,10581,24577.5,16800.1,52.2,10986.0,17780.0,26614.0,15628.0,6320.0,9628.0,12504.0,15236.0,20682.0,24234.0,29252.0,38416.0,6.1,8.6,0.4,48.6,2.9,9.1,28.1,11.3
9403,Sartène - Propriano,4095,9003.0,6286.6,46.4,10290.0,16990.0,25280.0,14990.0,5620.0,8892.0,11748.0,14352.0,20124.0,23306.0,27798.0,35864.0,6.4,8.2,0.4,48.6,3.1,8.8,32.3,7.2
9404,Bastia,45526,99753.5,69744.2,48.5,10756.0,17936.0,26586.0,15830.0,5332.0,9144.0,12258.0,15114.0,20992.0,24476.0,29166.0,37332.0,7.0,9.6,0.4,54.2,2.5,8.1,29.0,6.2
9405,Calvi - L'Île-Rousse,8942,19234.5,13512.9,48.5,10530.0,17042.0,25346.0,14816.0,5566.0,8994.0,11954.0,14446.0,19884.0,23168.0,27936.0,36604.0,6.6,9.0,0.4,44.9,3.5,11.3,31.3,9.0
9406,Corte,4441,9154.0,6557.8,47.6,10628.0,17864.0,25988.0,15360.0,5690.0,9148.0,12206.0,15238.0,20764.0,23934.0,28298.0,35848.0,6.3,8.2,0.4,53.0,2.5,8.1,30.8,5.6
9407,Ghisonaccia - Aléria,5839,13732.0,9349.4,46.0,9768.0,16696.0,24204.0,14436.0,5198.0,8402.0,11302.0,13998.0,19476.0,22552.0,26652.0,33536.0,6.5,8.8,0.4,49.5,3.3,8.9,31.7,6.6
