Fichier Localisé Social et Fiscal (FiLoSoFi) - Année 2017,,,,,,,,,,,,,,,,,,,,,,,,,,,,,,
Distribution des revenus disponibles par unité de consommation et composition du revenu disponible - Ensemble,,,,,,,,,,,,,,,,,,,,,,,,,,,,,,
Mise en ligne le 23/01/2020       Géographie au 01/01/2018,,,,,,,,,,,,,,,,,,,,,,,,,,,,,,
"©Insee       Source(s) : Insee-DGFIP-Cnaf-Cnav-CCMSA, Fichier localisé social et fiscal.",,,,,,,,,,,,,,,,,,,,,,,,,,,,,,
Code géographique,Libellé géographique,Nbre de ménages fiscaux,Nbre de personnes dans les ménages fiscaux,Nbre d'unités de consommation dans les ménages fiscaux,1er quartile (€),Médiane (€),3e quartile (€),Écart interquartile (€),1er décile (€),2e décile (€),3e décile (€),4e décile (€),6e décile (€),7e décile (€),8e décile (€),9e décile (€),Rapport interdécile 9e décile/1er decile,S80/20,Indice de Gini,Part des revenus d’activité (%),dont part des salaires et traitements(%),dont part des indemnités de chômage (%),dont part des revenus des activités non salariées (%),"Part des pensions, retraites et rentes (%)",Part des revenus du patrimoine et autres revenus (%),Part de l'ensemble des prestations sociales (%),dont part des prestations familiales (%),dont part des minima sociaux (%),dont part des prestations logement (%),Part des impôts (%)
CODGEO,LIBGEO,NBMEN17,NBPERS17,NBUC17,Q117,Q217,Q317,Q3_Q1,D117,D217,D317,D417,D617,D717,D817,D917,RD,S80S2017,GI17,PACT17,PTSA17,PCHO17,PBEN17,PPEN17,PPAT17,PPSOC17,PPFAM17,PPMINI17,PPLOGT17,PIMPOT17
0050,Mont-de-Marsan,70766,156863,109300.7,15550,20270,25740,10190,11750,14470,16600,18480,22170,24420,27440,33070,2.8,3.432,0.242,64.6,55.2,2.9,6.4,35.3,9.4,5.2,2.0,2.0,1.2,-14.5
0051,Alençon,51646,113709,79083.5,15060,19820,25110,10050,11130,13910,16080,17970,21610,23820,26780,32270,2.9,3.535,0.246,63.2,55.0,2.7,5.4,35.9,8.7,6.1,2.4,2.2,1.5,-13.9
0052,Cosne - Clamecy,33803,68535,49398.9,15140,20060,25790,10650,11210,14020,16160,18130,22000,24340,27540,33640,3.0,3.745,0.259,57.9,47.0,2.7,8.2,41.8,9.9,5.2,1.7,2.3,1.2,-14.8
0053,Mâcon,62880,143366,98323.6,16190,21230,27330,11130,12230,15070,17270,19290,23320,25770,29350,35840,2.9,3.602,0.253,70.7,60.9,2.8,7.0,31.1,9.5,4.7,2.2,1.4,1.1,-16.0
0054,Nogent-le-Rotrou,20295,44113,30933.5,15360,20080,25400,10030,11530,14260,16420,18280,21900,24050,26970,32480,2.8,3.547,0.249,61.3,51.6,3.1,6.6,38.1,9.8,5.1,2.1,1.8,1.2,-14.3
0055,La Vallée de la Bresle - Vimeu,42019,93952,65262.4,14790,19270,24340,9550,11280,13780,15710,17530,21010,23090,25900,31110,2.8,3.388,0.241,63.2,55.1,3.0,5.0,35.9,8.8,6.0,2.2,2.5,1.4,-13.9
0056,Roissy - Sud Picardie,629687,1730410,1105632.2,14110,20180,27540,13440,10100,12880,15300,17710,22800,25770,29690,36380,3.6,4.371,0.286,80.4,73.4,3.5,3.5,22.8,6.8,7.1,3.2,2.2,1.7,-17.1
0057,Brive-la-Gaillarde,85748,182094,128863.7,15450,20400,26360,10910,11730,14360,16500,18490,22460,24900,28190,34310,2.9,3.590,0.252,63.6,54.2,2.8,6.6,36.9,9.8,4.7,1.8,1.7,1.1,-15.0
0059,Avignon,220601,512507,349201.2,14040,19620,26420,12380,10150,12870,15160,17390,21980,24750,28510,35410,3.5,4.346,0.288,68.7,58.0,3.9,6.8,29.5,11.4,6.7,2.4,2.5,1.8,-16.3
0060,Saint-Étienne,272310,621682,425622.8,15220,20250,26170,10960,11300,14070,16290,18320,22320,24700,27970,34010,3.0,3.702,0.257,68.2,60.1,3.0,5.1,31.0,9.5,6.3,2.6,2.1,1.6,-15.0
0061,Toulouse,631329,1429928,980922.3,16190,22330,29960,13770,11680,14820,17480,19900,24950,28060,32280,39660,3.4,4.191,0.280,79.4,70.7,3.2,5.5,23.5,9.4,5.4,2.0,2.0,1.4,-17.7
0201,Le Centre agglomération,62950,138676,96380.6,12440,18620,27770,15330,8950,11280,13590,16070,21680,25410,30530,38870,4.3,5.408,0.328,75.1,66.5,3.6,5.0,23.0,5.2,10.8,2.5,6.0,2.3,-14.1
0202,Le Sud-Caraibe,25484,58110,39995.6,12660,18950,27880,15220,9040,11440,13880,16340,22040,25720,30540,38560,4.3,5.221,0.320,75.2,65.8,3.8,5.6,22.5,5.7,10.1,2.5,5.8,1.8,-13.5
0203,Le Sud,20631,48527,33161.4,11260,16620,23920,12670,8330,10330,12250,14310,19070,22020,26130,33620,4.0,5.330,0.332,69.6,59.7,4.5,5.4,23.6,6.6,13.3,2.9,8.3,2.0,-13.1
0204,Le Centre-Atlantique,23955,54326,37538.7,11200,16120,23690,12490,8270,10300,12120,13990,18560,21700,26030,33810,4.1,5.040,0.318,68.9,59.3,4.1,5.5,24.2,4.6,14.2,3.2,8.8,2.2,-11.9
0205,Le Nord-Caraibe,9162,21401,14623.3,11680,17080,24920,13240,8630,10670,12760,14910,19560,22730,27530,35160,4.1,5.329,0.329,68.7,58.6,3.9,6.2,25.8,6.1,12.3,2.9,7.1,2.3,-12.9
0206,Le Nord-Atlantique,7093,15741,11015.2,10560,14570,19890,9330,8020,9810,11310,12840,16370,18510,21440,26460,3.3,4.087,0.278,60.1,50.6,5.0,4.5,27.6,3.5,18.1,3.4,11.8,2.9,-9.3
0401,L'Est,44729,130520,81333.9,9950,13350,19970,10020,7710,9330,10530,11790,15400,18220,22240,29510,3.8,4.819,0.320,69.6,56.4,5.5,7.7,13.0,4.7,22.6,6.2,11.6,4.7,-9.9
0402,Le Nord,79255,207120,134294.8,11210,16530,26440,15230,8590,10370,12070,14040,19660,23810,29810,39460,4.6,5.809,0.356,78.1,66.6,4.3,7.3,15.1,7.0,13.9,3.9,6.8,3.3,-14.1
0403,L'Ouest,76760,218358,138244.6,10940,15770,24880,13940,8290,10140,11770,13600,18540,22370,28090,37660,4.5,5.616,0.349,78.1,64.9,5.3,7.9,13.9,6.8,14.6,4.1,7.9,2.6,-13.4
0404,Le Sud,115691,315870,202214.8,10250,14440,22130,11880,7870,9590,10960,12520,16850,20070,24810,33100,4.2,5.247,0.336,70.7,57.1,5.8,7.8,16.7,6.9,17.5,4.5,9.4,3.5,-11.8
1101,Paris,2577135,5814050,3987246.6,15600,24450,37230,21630,10460,13940,17280,20720,28710,33960,41240,55070,5.3,7.189,0.386,88.0,78.6,3.1,6.4,20.0,13.1,3.8,1.4,1.4,1.0,-24.9
1102,Marne-la-Vallée,132516,342502,223451.7,16670,23470,31320,14650,11760,15170,18080,20790,26260,29460,33570,40720,3.5,4.164,0.274,88.6,81.9,3.1,3.6,18.6,6.8,4.8,2.3,1.4,1.1,-18.8
1103,Coulommiers,26805,67544,44686.0,16600,21850,27570,10970,12250,15350,17760,19840,23900,26170,29330,34990,2.9,3.457,0.240,76.2,68.6,3.2,4.4,26.0,8.0,5.3,2.6,1.6,1.0,-15.5
1104,Meaux,59362,152043,99376.8,15890,21660,28030,12140,11390,14540,17120,19430,23990,26470,29840,35700,3.1,3.796,0.257,81.1,74.1,3.3,3.6,22.0,7.0,6.0,2.9,1.8,1.4,-16.1
1105,Melun,154737,392923,258518.0,16730,22820,29990,13260,12080,15330,18010,20440,25320,28220,32110,39040,3.2,3.977,0.269,80.1,73.3,2.9,3.8,24.7,8.1,5.2,2.5,1.5,1.2,-18.1
1106,Montereau-Fault-Yonne,17323,44638,29165.5,13740,19230,25280,11540,9930,12550,14910,17090,21390,23840,26890,32290,3.3,3.738,0.253,70.5,64.4,3.4,2.7,28.5,6.0,9.0,3.7,3.1,2.1,-14.0
1107,Nemours,19882,48333,32419.5,15760,21100,27180,11430,11560,14600,16920,19090,23310,25840,29060,34950,3.0,3.663,0.252,72.1,64.6,3.1,4.4,29.6,8.3,5.7,2.5,1.9,1.3,-15.7
1108,Provins,17547,42903,28689.5,15330,20450,26490,11160,11340,14210,16470,18500,22570,24970,28260,33920,3.0,3.689,0.255,71.5,63.2,3.1,5.2,28.8,9.0,6.2,2.8,2.1,1.4,-15.5
1109,Houdan,15055,38518,25493.3,22120,29210,38560,16440,16460,20490,23680,26490,32250,36120,41500,51820,3.1,3.991,0.274,83.5,75.8,2.6,5.1,25.6,11.7,1.9,1.2,0.4,0.3,-22.7
1110,Mantes-la-Jolie,65297,174422,112491.5,15130,21190,27950,12830,10930,13850,16410,18860,23630,26350,29920,35850,3.3,3.882,0.261,78.4,72.1,3.6,2.8,25.2,6.3,6.5,3.1,1.8,1.5,-16.4
1111,Poissy,97343,254518,165267.3,16430,23410,32310,15880,11800,14950,17830,20640,26490,30110,34950,43450,3.7,4.511,0.294,84.9,78.3,3.2,3.4,23.0,7.4,4.7,2.3,1.3,1.1,-20.0
1112,Rambouillet,30022,73988,49491.6,20660,27220,35310,14660,15470,19160,22020,24680,30010,33380,37990,46560,3.0,3.752,0.261,81.7,75.5,2.5,3.8,27.4,9.6,2.6,1.5,0.6,0.5,-21.3
1113,Plaisir,21185,55606,36197.7,19240,26320,34750,15510,13680,17620,20740,23660,29270,32650,37150,44790,3.3,3.888,0.262,86.7,80.8,2.6,3.2,22.5,7.6,3.4,1.9,0.8,0.7,-20.2
1114,Étampes,24750,61530,40801.8,16640,22180,28640,12000,12090,15260,17790,20040,24540,27130,30630,36470,3.0,3.618,0.248,77.8,71.5,2.8,3.5,26.5,7.8,5.1,2.5,1.5,1.0,-17.2
1115,Évry,130677,347517,223850.2,14840,21340,28770,13930,10540,13490,16150,18770,24000,27000,30850,37470,3.6,4.287,0.279,82.5,76.4,3.2,2.9,22.5,6.2,6.4,3.0,1.8,1.6,-17.6
1116,Saclay,469490,1180353,779584.3,18610,26190,35940,17330,13020,16940,20180,23170,29510,33510,38870,48630,3.7,4.649,0.299,85.1,79.2,2.5,3.4,24.0,9.6,3.3,1.7,0.9,0.8,-22.0
1117,Créteil,217860,567025,369918.4,16520,23110,30810,14290,11770,15070,17890,20530,25770,28920,33050,40040,3.4,4.087,0.271,82.8,76.2,3.0,3.6,24.0,7.6,4.9,2.4,1.4,1.1,-19.3
1118,Orly,201007,509648,333835.7,13710,19750,27350,13640,9760,12520,14910,17280,22420,25510,29600,36190,3.7,4.406,0.285,82.6,76.3,3.6,2.7,21.1,6.0,7.3,3.0,2.4,1.9,-17.0
1119,Cergy,152720,404161,261290.7,16470,23010,30470,14000,11740,15010,17860,20460,25660,28650,32610,39210,3.3,3.983,0.265,85.2,78.8,3.3,3.1,21.6,6.3,5.2,2.6,1.4,1.2,-18.3
2101,Charleville-Mézières,95506,213981,147917.0,13810,18880,24740,10930,10230,12760,14830,16880,20940,23350,26430,31910,3.1,3.732,0.258,65.5,57.2,3.3,5.0,32.0,8.4,7.9,2.6,3.2,2.0,-13.8
2102,Troyes,134773,299561,207062.2,14720,19840,25830,11110,10860,13600,15840,17890,21900,24330,27760,34180,3.1,3.885,0.267,67.8,57.0,3.3,7.4,31.0,10.1,6.7,2.5,2.4,1.8,-15.6
2103,Châlons-en-Champagne,44571,100467,68999.0,15400,20720,26610,11210,11360,14180,16600,18720,22760,25100,28430,34600,3.0,3.667,0.253,70.3,61.5,2.7,6.1,29.9,9.6,5.9,2.5,2.0,1.5,-15.7
2104,Épernay,47709,106487,73778.4,16350,21750,28630,12280,12160,15060,17520,19650,24020,26830,31020,39610,3.3,4.164,0.284,72.0,54.4,2.7,14.9,27.9,14.5,4.1,1.8,1.4,1.0,-18.5
2105,Reims,149461,336488,231086.8,15070,20890,28030,12960,10940,13840,16270,18600,23320,26210,30350,38160,3.5,4.351,0.290,74.3,63.6,2.9,7.9,27.0,9.8,6.3,2.3,2.2,1.7,-17.4
2106,Chaumont - Langres,48905,104795,73848.3,15550,20260,25580,10030,11750,14400,16560,18460,22140,24300,27170,32450,2.8,3.369,0.238,65.2,56.5,2.6,6.0,35.1,8.4,5.3,2.1,2.0,1.2,-14.0
2107,Vitry-le-François - Saint-Dizier,48465,107760,74755.5,14330,19030,24380,10050,10860,13310,15300,17170,20930,23070,25920,31210,2.9,3.446,0.243,63.3,55.3,3.3,4.8,34.5,8.3,7.2,2.6,2.9,1.7,-13.3
2201,Château-Thierry,27718,66750,44822.8,15300,20280,26100,10800,11230,14100,16400,18380,22360,24720,27910,34020,3.0,3.719,0.257,72.1,61.5,3.2,7.4,28.1,9.8,5.8,2.7,1.8,1.3,-15.8
2202,Tergnier,23431,53952,36830.0,13570,18450,24030,10460,10130,12550,14600,16520,20440,22610,25680,30690,3.0,3.550,0.248,64.9,57.3,3.6,4.0,33.0,6.4,8.8,3.1,3.5,2.2,-13.1
2203,La Thiérache,23913,54682,37415.1,12940,17560,22970,10030,9740,11980,13860,15670,19490,21620,24440,29020,3.0,3.597,0.251,61.6,52.7,3.2,5.6,32.7,8.7,9.4,3.3,3.8,2.3,-12.4
2204,Laon,40979,96235,65157.0,14210,19290,25080,10870,10570,13110,15310,17350,21300,23670,26750,32430,3.1,3.699,0.257,68.6,60.1,3.3,5.2,29.8,8.4,7.4,2.9,2.7,1.8,-14.2
2205,Saint-Quentin,57264,132068,90111.9,13610,18740,24600,10990,10090,12580,14630,16710,20740,23100,26310,32230,3.2,3.928,0.270,66.4,57.5,3.3,5.5,31.6,7.8,8.5,2.9,3.4,2.1,-14.3
2206,Soissons,39227,91358,62170.3,14520,19520,25200,10690,10890,13400,15560,17540,21520,23840,26960,32680,3.0,3.676,0.256,68.0,59.7,3.5,4.9,31.3,8.1,7.1,2.8,2.6,1.7,-14.5
2207,Beauvais,100209,249180,165277.6,15680,20910,26760,11080,11590,14460,16800,18920,23000,25370,28490,33900,2.9,3.503,0.243,75.0,67.4,3.3,4.3,27.0,6.8,6.2,2.8,2.1,1.3,-15.0
2208,Compiègne,81766,197569,132571.2,16010,21420,27960,11950,11820,14750,17150,19310,23670,26340,29940,36470,3.1,3.747,0.259,75.8,68.3,3.2,4.3,27.4,7.8,5.4,2.4,1.8,1.2,-16.4
2209,Abbeville,29468,67376,46300.8,14310,19150,24980,10670,10670,13230,15360,17280,21130,23590,26750,32720,3.1,3.770,0.263,64.5,54.2,3.0,7.2,33.3,9.9,7.0,2.4,3.0,1.6,-14.7
2210,Amiens,157596,364003,248247.2,14710,20090,26360,11650,10860,13530,15840,17990,22300,24860,28230,34530,3.2,3.903,0.268,72.1,63.2,3.1,5.8,28.4,8.4,6.9,2.5,2.8,1.7,-15.8
2211,Péronne,23135,54482,36962.9,14130,18830,24290,10160,10800,13140,15110,17050,20730,22920,26010,31400,2.9,3.547,0.251,67.0,57.5,3.6,5.8,31.2,8.6,7.3,2.8,2.9,1.6,-14.1
2301,Bernay,25134,56580,39049.7,15330,20140,25900,10570,11430,14160,16400,18320,22130,24450,27640,33070,2.9,3.472,0.243,64.8,56.5,3.1,5.2,34.8,8.6,6.1,2.3,2.4,1.4,-14.3
2302,Évreux,90112,214330,144418.9,15830,20990,26980,11150,11640,14630,16930,18970,23060,25520,28780,34570,3.0,3.577,0.248,72.0,64.5,3.3,4.2,29.5,7.7,6.0,2.6,2.1,1.4,-15.2
2303,Pont-Audemer,22345,52378,35511.5,15570,20380,26050,10480,11810,14460,16580,18500,22370,24640,27860,33450,2.8,3.437,0.243,70.5,62.5,3.3,4.8,30.1,7.8,5.9,2.5,2.1,1.3,-14.3
2304,Vernon - Gisors,49691,121476,81186.9,16070,21200,27530,11460,11880,14840,17160,19230,23340,25930,29400,35500,3.0,3.633,0.252,73.8,66.2,3.5,4.1,28.8,7.3,5.6,2.6,1.8,1.2,-15.5
2305,Dieppe - Caux maritime,53282,120640,83129.8,15250,20080,25890,10640,11540,14160,16260,18190,22060,24400,27690,33770,2.9,3.520,0.248,66.6,58.0,3.0,5.6,33.4,7.8,6.4,2.3,2.6,1.5,-14.2
2306,Le Havre,169434,389850,265847.5,15240,20590,26940,11700,11320,14060,16380,18530,22830,25410,28880,34950,3.1,3.714,0.258,71.2,63.2,3.4,4.5,30.0,7.0,7.0,2.6,2.7,1.8,-15.2
2307,Rouen,346721,794835,542569.3,15560,20990,27360,11800,11350,14310,16750,18910,23210,25780,29310,35660,3.1,3.816,0.261,73.1,65.2,3.2,4.7,28.9,7.2,6.4,2.4,2.3,1.6,-15.6
2401,Bourges,87333,189471,132529.2,15670,20770,26690,11020,11550,14460,16780,18830,22790,25220,28480,34370,3.0,3.569,0.248,67.3,59.9,2.7,4.7,33.9,8.3,5.8,2.0,2.3,1.4,-15.3
2402,Saint-Amand-Montrond,16726,33945,24509.2,14040,18660,23870,9830,10280,12940,15050,16870,20400,22590,25450,30640,3.0,3.611,0.249,54.3,45.6,2.9,5.8,43.4,8.4,6.8,1.9,3.3,1.6,-12.9
2403,Vierzon,20734,44723,31365.1,14290,19190,24440,10150,10450,13120,15350,17320,20980,23190,25990,30990,3.0,3.584,0.248,60.1,53.0,3.2,3.9,38.2,8.0,7.4,2.4,3.2,1.8,-13.7
2404,Chartres,105184,247131,167385.1,16840,22040,28090,11250,12530,15570,17990,20060,24140,26560,29960,35980,2.9,3.461,0.242,74.2,66.6,2.9,4.6,29.0,8.2,4.6,2.3,1.3,1.0,-16.0
2405,Châteaudun,15836,35041,24323.2,15030,19830,25140,10100,11050,13940,16130,18090,21750,23870,26780,32120,2.9,3.461,0.241,61.0,52.7,2.9,5.4,38.1,9.3,5.6,2.5,1.9,1.3,-14.0
2406,Dreux,44907,115036,75419.0,15080,20660,26850,11770,10900,13830,16270,18590,22840,25340,28710,34420,3.2,3.807,0.259,73.2,65.4,3.5,4.3,28.5,7.2,6.4,3.1,2.0,1.4,-15.3
2407,Le Blanc,10041,20320,14698.9,14540,18790,23910,9370,10960,13600,15450,17140,20650,22670,25460,30690,2.8,3.441,0.241,55.0,46.5,2.3,6.2,43.4,8.8,5.6,1.8,2.5,1.3,-12.8
2408,Issoudun,9064,19000,13514.4,15550,20080,25410,9850,11610,14420,16560,18390,21990,23970,27120,32140,2.8,3.373,0.238,65.8,58.3,2.9,4.5,34.3,8.9,5.6,1.9,2.4,1.4,-14.6
2409,Châteauroux,78614,164178,116814.6,15030,19680,25020,9990,11310,13970,16020,17900,21500,23730,26660,31930,2.8,3.438,0.242,61.9,53.8,2.9,5.2,37.6,8.6,5.9,2.0,2.4,1.5,-14.0
2410,Chinon,15663,34413,24056.8,15820,20800,27200,11380,11970,14690,16880,18860,22930,25580,29160,35590,3.0,3.556,0.249,65.2,55.7,2.9,6.7,36.8,8.3,4.8,1.8,1.9,1.1,-15.1
2411,Loches,10712,22579,16038.5,15250,19600,24920,9670,11660,14230,16170,17870,21410,23560,26610,32520,2.8,3.389,0.240,59.2,50.6,3.0,5.6,38.7,10.2,5.5,1.9,2.2,1.4,-13.6
2412,Tours,239082,532052,367919.4,15980,21210,27650,11670,11720,14750,17120,19190,23400,26010,29680,36350,3.1,3.818,0.262,71.6,64.0,3.0,4.6,30.5,8.8,5.4,2.1,1.9,1.4,-16.3
2413,Blois,78137,176741,121608.1,15860,20980,27050,11190,11610,14670,16990,19020,23120,25550,28910,34990,3.0,3.634,0.251,67.7,59.9,2.9,4.9,33.6,8.6,5.4,2.2,1.9,1.2,-15.3
2414,Romorantin-Lanthenay,26027,55714,39323.7,15030,19650,24880,9850,11110,13890,16040,17890,21460,23570,26440,31950,2.9,3.473,0.242,58.7,51.1,3.1,4.6,41.1,8.3,5.7,2.1,2.3,1.4,-13.8
2415,Vendôme,29230,63747,44635.9,15960,20570,26130,10170,12100,14870,16940,18800,22420,24680,27860,33680,2.8,3.431,0.243,64.6,56.2,2.9,5.5,35.6,9.8,4.8,2.0,1.7,1.1,-14.8
2416,Gien,33056,73121,50770.0,15290,20300,26090,10800,11200,14120,16340,18350,22300,24690,27830,33610,3.0,3.589,0.248,64.8,57.2,3.2,4.4,35.8,8.5,5.5,2.3,1.9,1.3,-14.6
2417,Montargis,55238,125545,86132.9,14950,20050,25680,10730,10860,13810,16040,18080,22010,24340,27390,32890,3.0,3.682,0.253,64.8,57.3,3.3,4.2,35.0,8.7,6.2,2.6,2.2,1.5,-14.7
2418,Orléans,206772,485228,328191.0,16240,21780,28450,12220,11830,14920,17440,19650,24070,26780,30460,37030,3.1,3.802,0.260,74.1,67.1,2.9,4.0,28.7,8.6,5.2,2.4,1.6,1.3,-16.6
2419,Pithiviers,21458,52155,34912.9,15910,20660,26170,10270,11930,14750,16980,18810,22570,24820,27770,32860,2.8,3.311,0.233,71.3,63.4,3.4,4.5,29.2,8.5,5.4,2.7,1.6,1.2,-14.4
2501,Bayeux,22850,51207,35457.9,15720,20500,26080,10360,11990,14660,16710,18650,22420,24670,27900,34030,2.8,3.474,0.247,64.1,54.5,2.9,6.7,35.8,9.2,5.2,2.2,1.8,1.2,-14.3
2502,Caen,201700,457129,314086.8,16160,21250,27390,11220,12100,14980,17260,19280,23350,25840,29370,35830,3.0,3.659,0.256,71.3,63.1,3.0,5.3,30.6,8.5,5.4,2.2,1.8,1.4,-15.8
2503,Honfleur,24656,50960,36491.6,15700,21080,28610,12910,11670,14540,16800,18930,23530,26590,31140,40120,3.4,4.501,0.302,62.3,51.8,3.2,7.3,37.8,14.1,4.0,1.5,1.5,1.0,-18.2
2504,Lisieux,28466,62868,43724.3,14820,19500,24930,10110,11150,13750,15850,17710,21430,23580,26670,32370,2.9,3.592,0.252,64.9,56.2,3.0,5.6,34.5,8.4,6.3,2.4,2.3,1.6,-14.1
2505,Vire Normandie,18968,42362,29351.3,15020,19260,24090,9070,11440,13950,15950,17660,20940,22920,25490,30200,2.6,3.271,0.232,64.9,55.7,2.7,6.6,33.4,8.6,6.0,2.5,2.1,1.4,-12.9
2506,Avranches,39651,87363,60899.7,15480,19820,24750,9270,11880,14520,16400,18180,21560,23570,26220,31230,2.6,3.251,0.232,63.9,54.5,2.4,7.0,34.4,9.7,5.3,2.2,1.9,1.2,-13.3
2507,Cherbourg-en-Cotentin,90463,200895,139470.4,15760,20650,26530,10760,12090,14680,16840,18740,22680,25070,28340,34120,2.8,3.375,0.240,69.1,60.9,2.9,5.3,32.2,7.4,5.7,2.2,2.1,1.4,-14.4
2508,Coutances,26780,58474,40937.4,15390,19790,25510,10110,11790,14340,16320,18060,21690,24070,27310,33300,2.8,3.546,0.253,61.2,49.3,2.6,9.3,37.8,9.6,5.3,2.1,2.0,1.3,-13.9
2509,Granville,25375,52905,37759.6,16060,20910,27450,11390,12380,15030,17140,18990,23080,25790,29590,36460,2.9,3.764,0.267,57.1,46.7,2.6,7.9,41.9,12.4,4.3,1.7,1.6,1.1,-15.7
2510,Saint-Lô,37532,84481,58197.0,15710,20180,25290,9580,12070,14670,16640,18470,21920,23990,26760,31930,2.6,3.209,0.229,67.9,59.4,2.7,5.8,32.1,7.8,5.8,2.5,2.0,1.3,-13.6
2511,Argentan,18050,39420,27529.2,14890,19540,24660,9780,11160,13840,15890,17780,21300,23440,26090,31170,2.8,3.365,0.237,62.3,53.3,2.7,6.3,36.3,8.5,6.1,2.4,2.2,1.5,-13.2
2512,Flers,42296,92781,64782.5,15120,19370,24270,9160,11320,14020,16050,17740,21100,23070,25740,30730,2.7,3.331,0.235,61.9,53.4,2.8,5.8,36.3,9.2,5.8,2.4,2.0,1.4,-13.2
2513,L'Aigle,14054,30735,21459.6,14490,19240,24650,10160,10610,13410,15510,17370,21120,23360,26160,31390,3.0,3.633,0.252,62.2,53.5,3.0,5.8,36.6,8.9,6.2,2.4,2.2,1.6,-13.9
2601,Beaune,21684,48415,33580.5,16990,22200,29090,12100,12770,15760,18020,20190,24470,27240,31320,40110,3.1,4.038,0.281,71.8,59.7,2.6,9.6,29.0,13.6,3.7,1.7,1.2,0.8,-18.1
2602,Chatillon,8097,16815,12033.2,14550,19160,24330,9780,10770,13540,15530,17420,20970,23010,25990,31250,2.9,3.548,0.246,57.9,48.7,2.7,6.4,39.7,10.3,5.5,1.9,2.3,1.2,-13.4
2603,Dijon,183150,402551,279896.3,16530,21890,28410,11890,12250,15240,17670,19810,24110,26760,30430,37240,3.0,3.758,0.261,72.7,64.3,2.7,5.8,30.5,9.1,4.7,2.0,1.6,1.2,-17.0
2604,Montbard,14069,29760,21088.7,15530,20160,25390,9860,11720,14410,16550,18400,21900,24040,27030,32300,2.8,3.381,0.238,64.0,55.7,2.6,5.7,36.2,8.7,5.2,2.0,2.1,1.2,-14.1
2605,Le Morvan,16011,30910,22808.1,14180,18880,24480,10300,10190,13060,15120,16990,20820,23100,26210,31670,3.1,3.767,0.254,47.4,37.9,2.5,7.1,49.5,11.1,5.1,1.6,2.5,1.0,-13.1
2606,Nevers,53574,111166,79242.4,15160,20080,25480,10320,11260,14030,16220,18160,22000,24170,27110,32630,2.9,3.529,0.246,62.5,55.0,2.6,4.9,38.0,7.8,6.6,2.0,3.0,1.6,-14.9
2607,Autun,14843,31076,22144.7,14820,19360,24840,10020,11160,13810,15770,17630,21260,23520,26590,32060,2.9,3.491,0.246,61.1,51.2,2.9,7.0,39.4,8.3,5.5,2.0,2.2,1.3,-14.3
2608,Chalon-sur-Saône,85660,190749,132174.7,15870,20700,26500,10630,12070,14720,16930,18840,22710,25070,28370,34430,2.9,3.495,0.247,69.1,60.4,3.0,5.8,32.7,8.3,5.3,2.2,1.9,1.2,-15.4
2609,Louhans,16630,35727,25183.9,15280,19830,24920,9650,11670,14270,16320,18080,21540,23700,26460,31300,2.7,3.206,0.228,61.8,53.4,2.8,5.5,38.5,7.9,5.0,2.1,1.8,1.1,-13.2
2610,Le Creusot - Montceau,45041,95677,67617.9,15050,19600,24920,9870,11520,14050,16020,17820,21460,23610,26530,31830,2.8,3.292,0.234,61.8,54.4,3.1,4.3,38.4,7.2,6.5,2.3,2.5,1.7,-13.9
2611,Le Charolais,37540,80083,56679.0,15330,19680,24840,9510,11810,14340,16230,17990,21460,23540,26360,31820,2.7,3.288,0.235,60.3,50.9,2.6,6.8,38.9,9.5,5.0,2.0,1.8,1.2,-13.7
2612,Auxerre,90652,197232,137865.4,15150,20150,25870,10720,11230,14020,16210,18220,22140,24480,27650,33470,3.0,3.652,0.253,63.9,55.1,2.9,6.0,36.1,9.2,5.9,2.2,2.3,1.4,-15.1
2613,Avallon,10386,21955,15567.7,15000,19770,25300,10300,11270,13900,16020,17930,21600,23920,26960,32830,2.9,3.579,0.249,60.4,50.9,2.6,6.9,38.2,9.8,5.8,2.0,2.4,1.3,-14.2
2614,Sens,47106,108519,74032.5,15440,20500,26180,10740,11620,14310,16570,18580,22500,24750,27870,33350,2.9,3.490,0.245,67.9,60.1,3.1,4.7,33.1,8.1,6.0,2.6,2.1,1.3,-15.1
3110,Roubaix - Tourcoing,166969,419285,275837.9,13320,18870,25660,12340,9900,12250,14440,16690,21220,23960,27660,34640,3.5,4.400,0.295,72.9,64.8,3.8,4.3,24.2,8.8,9.5,3.4,3.7,2.4,-15.4
3111,Lille,328801,757060,515131.2,15150,21390,29240,14090,10880,13810,16470,18940,24040,27220,31680,39630,3.6,4.520,0.296,79.5,70.7,3.1,5.7,23.2,8.5,6.5,2.4,2.4,1.7,-17.7
3112,Dunkerque,104196,244766,166006.2,14370,19390,25320,10950,10940,13340,15400,17390,21480,23880,27060,32840,3.0,3.599,0.254,70.2,62.1,3.6,4.4,30.2,6.9,7.6,2.8,2.8,2.0,-14.9
3113,La Flandre - Lys,49980,123825,82492.7,15970,20920,26630,10660,12230,14840,17020,19040,22910,25270,28420,34060,2.8,3.368,0.240,73.1,64.7,2.8,5.6,27.1,9.0,5.4,2.6,1.7,1.1,-14.6
3114,Douai,98943,241590,161427.7,14020,18960,25090,11070,10630,13010,14990,16980,21110,23590,26810,32380,3.0,3.613,0.254,70.3,62.8,3.5,4.0,28.7,5.8,8.9,3.2,3.4,2.3,-13.7
3115,Valenciennes,139637,337641,225819.0,13040,17840,24010,10980,9900,12070,13960,15840,20020,22530,25740,31260,3.2,3.810,0.266,68.7,60.9,3.6,4.2,27.8,6.6,10.4,3.4,4.3,2.7,-13.5
3116,Cambrai,73621,174998,118163.5,13970,18820,24600,10620,10510,12930,14950,16900,20830,23200,26240,31790,3.0,3.666,0.257,68.7,59.4,3.7,5.6,29.6,7.6,7.9,2.9,3.2,1.8,-13.8
3117,Maubeuge,92446,220952,148578.3,12920,17820,23890,10970,9710,11950,13890,15770,19980,22430,25570,31100,3.2,3.849,0.267,65.3,56.4,3.5,5.3,30.0,7.6,10.3,3.3,4.4,2.6,-13.2
3121,Arras,100913,239535,161903.4,15060,20370,26600,11530,11270,13940,16180,18300,22540,25040,28520,34780,3.1,3.763,0.261,72.6,63.5,2.9,6.2,28.5,8.3,6.2,2.5,2.2,1.4,-15.6
3122,Lens - Hénin,147012,361099,240088.6,12850,17170,22460,9610,9950,12000,13670,15370,19070,21200,23960,28410,2.9,3.349,0.240,67.9,60.9,3.9,3.2,28.6,4.4,11.6,3.9,4.6,3.1,-12.5
3123,Béthune - Bruay,119432,288625,193574.9,13900,18770,24560,10660,10620,12950,14860,16780,20810,23190,26180,31450,3.0,3.545,0.251,70.7,63.2,3.1,4.5,28.8,6.4,8.3,3.1,3.1,2.2,-14.2
3124,Saint-Omer,48007,116406,78060.0,14140,18900,24310,10170,10790,13160,15080,17000,20800,22950,25920,31250,2.9,3.510,0.249,70.0,61.9,3.1,5.1,28.3,7.8,7.9,3.1,2.9,1.9,-14.0
3125,Calais,67290,164106,109422.3,13510,18490,24390,10880,10230,12530,14490,16480,20540,22960,26040,31200,3.0,3.592,0.252,70.7,62.2,3.8,4.7,27.5,6.7,9.2,3.4,3.4,2.4,-14.1
3126,Boulogne-sur-mer,66948,157460,106800.3,13770,18490,24550,10780,10650,12840,14690,16580,20570,23070,26310,32370,3.0,3.759,0.266,68.4,59.1,3.6,5.7,30.2,8.1,8.5,2.9,3.3,2.3,-15.2
3127,Berck - Montreuil,46392,105070,72448.3,14540,19400,25370,10830,11000,13460,15540,17450,21420,23840,27220,33820,3.1,3.913,0.273,62.8,53.1,3.1,6.5,35.7,11.1,6.2,2.4,2.3,1.5,-15.8
4101,Longwy,45023,101972,70089.6,14660,21080,29530,14870,10120,13330,15910,18440,24030,27560,31910,39440,3.9,4.802,0.296,35.0,29.4,2.7,2.9,22.0,47.4,4.1,1.1,1.8,1.2,-8.5
4102,Lunéville,13886,31373,21567.2,14570,19560,24880,10310,10780,13370,15660,17650,21410,23620,26420,31680,2.9,3.551,0.247,66.3,58.5,3.1,4.7,32.8,7.3,7.7,2.7,3.1,1.9,-14.1
4103,Nancy,214639,474720,329237.2,15720,21290,27930,12210,11350,14430,16940,19150,23570,26250,30020,36730,3.2,3.965,0.269,72.8,64.6,2.8,5.4,29.8,8.4,5.9,2.1,2.2,1.6,-16.9
4104,Bar-le-Duc,25649,56173,39328.5,15750,20640,26090,10330,11840,14580,16800,18760,22510,24800,27720,33240,2.8,3.379,0.238,66.1,58.5,2.7,4.8,35.4,7.9,5.3,2.0,2.0,1.3,-14.7
4105,Commercy,18207,41762,28637.0,14680,19400,24730,10040,11040,13640,15650,17540,21250,23400,26310,31340,2.8,3.362,0.237,65.7,56.9,3.0,5.8,33.1,8.3,6.2,2.5,2.2,1.4,-13.3
4106,Verdun,26074,57486,39980.5,14760,19720,25230,10470,10930,13620,15790,17770,21680,23960,26990,32670,3.0,3.647,0.253,64.8,55.9,2.6,6.3,32.7,10.0,6.4,2.3,2.5,1.5,-13.9
4107,Metz,212834,482146,331724.3,15460,21230,28370,12920,11220,14190,16670,18980,23640,26530,30590,37560,3.3,4.132,0.277,65.4,57.7,3.1,4.5,27.5,16.5,5.3,1.9,2.0,1.4,-14.7
4108,Forbach,89158,205041,140909.0,14110,19200,25330,11220,10480,12980,15170,17200,21350,23850,27170,33060,3.2,3.796,0.262,65.5,57.9,3.7,3.9,33.8,7.6,6.9,2.3,2.9,1.8,-13.8
4109,Sarrebourg,29937,69106,47459.9,15650,20460,25860,10220,11950,14550,16680,18560,22380,24560,27560,32570,2.7,3.312,0.236,69.6,61.9,2.8,4.8,31.6,7.7,5.1,2.1,1.9,1.1,-14.0
4110,Sarreguemines,46415,106813,73544.0,15880,21130,27590,11710,11810,14670,16990,19120,23350,25960,29510,35690,3.0,3.699,0.257,72.8,65.5,3.2,4.1,29.3,8.0,4.8,1.8,1.9,1.1,-14.9
4111,Thionville,91166,209919,143441.4,15730,22320,31490,15760,11060,14370,17060,19670,25380,29140,34350,43120,3.9,4.789,0.300,39.5,33.9,2.7,3.0,22.7,43.9,3.8,1.3,1.5,1.1,-9.9
4112,Épinal,70014,155239,107693.6,14790,19850,25600,10820,10980,13660,15860,17900,21850,24200,27350,33010,3.0,3.646,0.254,67.9,59.7,3.2,5.0,32.1,8.0,6.6,2.4,2.5,1.7,-14.6
4113,Remiremont,37564,80653,56877.3,15420,19850,25180,9760,11710,14350,16340,18140,21640,23830,26840,32430,2.8,3.353,0.238,63.9,56.2,3.2,4.4,36.1,8.9,5.2,2.0,1.9,1.3,-14.1
4114,Saint-Dié-des-Vosges,37990,82303,57748.8,14400,19120,24460,10070,10860,13360,15420,17360,20970,23170,26030,31140,2.9,3.454,0.243,63.9,55.5,3.8,4.6,35.3,7.6,6.8,2.3,2.7,1.8,-13.6
4115,Neufchâteau,22518,48687,34249.5,14980,19760,25250,10270,11190,13830,15980,17940,21690,23920,26860,32310,2.9,3.494,0.245,64.6,56.1,3.1,5.4,35.8,8.1,5.6,2.1,2.2,1.3,-14.1
4201,Haguenau,81912,198232,133951.8,17530,22750,29050,11520,13200,16270,18700,20750,24890,27440,31020,36990,2.8,3.378,0.239,77.2,70.7,2.7,3.8,27.4,7.6,3.7,1.8,1.1,0.7,-15.9
4202,Molsheim - Obernai,56937,135353,91960.5,17930,23300,29950,12020,13620,16700,19070,21190,25570,28240,32020,38770,2.8,3.487,0.247,76.5,69.0,2.7,4.9,27.8,9.3,3.3,1.7,0.9,0.6,-16.9
4203,Saverne,31889,76125,51732.8,16610,21740,27720,11110,12670,15400,17730,19770,23820,26210,29520,35460,2.8,3.362,0.238,73.4,66.2,2.8,4.4,29.9,7.8,4.0,1.9,1.3,0.8,-15.1
4204,Sélestat,35619,85069,57611.1,16910,22130,28360,11450,12770,15710,18090,20160,24310,26790,30310,36510,2.9,3.461,0.244,76.1,68.6,2.8,4.7,26.8,8.9,4.3,2.0,1.3,0.9,-16.1
4205,Strasbourg,244149,551659,379055.3,14790,21300,29260,14480,10530,13440,16120,18750,24020,27250,31720,39690,3.8,4.767,0.305,75.6,67.1,3.1,5.4,26.6,10.0,6.1,2.2,2.2,1.7,-18.3
4206,Wissembourg,16711,39671,27056.4,17690,23520,31340,13650,13060,16380,18990,21280,26260,29390,33590,40290,3.1,3.710,0.255,83.8,77.5,2.6,3.7,23.0,7.0,2.8,1.3,0.9,0.6,-16.6
4207,Colmar,84593,192112,132384.9,16650,22310,29280,12630,12190,15300,17860,20110,24710,27530,31500,38970,3.2,3.961,0.271,73.9,65.5,2.8,5.6,28.9,9.8,4.3,1.8,1.4,1.0,-16.9
4208,Mulhouse,179355,420515,285558.6,15430,21470,29020,13580,11150,14100,16730,19110,24040,27070,31380,39030,3.5,4.319,0.287,75.0,67.7,3.5,3.8,28.5,7.6,5.6,2.3,1.9,1.5,-16.7
4209,Saint-Louis,51196,120543,81943.5,19580,28410,40670,21090,13390,17700,21310,24770,32680,37670,44370,56390,4.2,5.270,0.323,89.4,83.9,3.2,2.3,23.3,6.8,2.2,0.9,0.8,0.6,-21.7
4301,Besançon,129718,291658,200458.5,16050,21300,27700,11650,11840,14820,17180,19280,23500,26080,29660,36120,3.1,3.730,0.258,73.3,64.7,2.9,5.7,28.7,8.4,5.7,2.3,1.9,1.4,-16.1
4302,Belfort - Montbéliard - Héricourt,157267,357297,245224.0,15350,20670,26940,11590,11570,14200,16470,18600,22840,25380,28870,34980,3.0,3.597,0.251,71.7,64.4,3.5,3.9,30.5,6.6,6.1,2.4,2.2,1.5,-14.9
4303,Morteau,20612,48680,32829.6,20330,28300,38230,17900,14990,18780,21820,25040,31860,35930,40940,49180,3.3,3.871,0.263,93.7,85.4,4.3,4.0,18.0,6.1,2.1,1.1,0.6,0.4,-19.9
4304,Pontarlier,28042,65780,44420.2,18900,25820,35290,16390,13990,17420,20270,22970,29140,33050,38060,46330,3.3,3.909,0.267,90.2,81.4,3.6,5.1,18.7,7.1,2.8,1.4,0.8,0.6,-18.8
4305,Dole,31329,70198,48458.3,15650,20540,26230,10580,11740,14470,16750,18710,22560,24930,27950,33630,2.9,3.437,0.242,66.7,59.4,2.7,4.6,34.4,7.7,5.8,2.4,2.1,1.3,-14.6
4306,Lons-le-Saunier,53805,115385,81241.9,15910,20770,26510,10600,12080,14770,16950,18910,22750,25100,28390,34240,2.8,3.481,0.246,66.3,58.1,2.7,5.5,34.9,8.9,4.7,2.0,1.7,1.1,-14.8
4307,Saint-Claude,22905,52609,36022.0,16660,22640,30860,14190,12370,15400,17950,20230,25360,28790,33590,41390,3.3,3.964,0.270,80.2,72.9,3.7,3.7,25.6,7.0,3.8,1.7,1.2,0.9,-16.6
4308,Gray,11800,26054,18152.1,14910,19590,24750,9840,11360,13980,15940,17720,21370,23480,26340,31810,2.8,3.380,0.239,62.7,53.4,2.9,6.4,35.6,9.0,6.1,2.4,2.3,1.5,-13.4
4309,Vesoul,50993,112455,78250.1,14990,19760,25090,10100,11300,13920,15960,17900,21590,23780,26670,31950,2.8,3.421,0.241,65.0,56.9,2.8,5.3,34.8,7.7,6.1,2.3,2.3,1.4,-13.6
5201,Ancenis,15278,38006,25128.8,16280,20310,25020,8740,12690,15240,17200,18740,21960,23870,26400,31010,2.4,2.909,0.210,73.2,65.8,3.0,4.3,26.3,7.9,6.0,3.2,1.7,1.2,-13.4
5202,Châteaubriant,15296,35903,24379.3,14890,19050,23710,8820,11350,13920,15760,17390,20610,22480,25140,29660,2.6,3.254,0.233,66.7,56.8,2.8,7.2,30.3,8.9,7.0,3.1,2.5,1.5,-12.9
5203,Nantes,456900,1068856,722874.9,16990,22110,28530,11550,12730,15770,18090,20110,24270,26870,30580,37240,2.9,3.559,0.250,79.0,70.9,3.1,4.9,24.2,8.4,5.1,2.3,1.6,1.2,-16.7
5204,Saint-Nazaire,139404,309465,214457.7,16730,21570,27520,10790,12780,15580,17750,19690,23590,26020,29440,35930,2.8,3.458,0.246,65.0,57.1,3.1,4.8,36.0,10.5,4.7,2.0,1.6,1.1,-16.2
5205,Angers,194663,452480,307230.4,16050,20840,26740,10700,12040,14900,17110,19000,22870,25230,28600,34990,2.9,3.561,0.250,72.3,63.8,3.1,5.3,28.8,8.2,5.9,2.6,1.8,1.5,-15.2
5206,Cholet,85910,209361,139836.0,16430,20360,25150,8710,12970,15500,17300,18860,21990,23940,26620,31670,2.4,2.987,0.218,73.1,65.0,2.8,5.2,27.1,8.4,5.3,2.9,1.3,1.1,-13.9
5207,Saumur,42253,96434,66185.5,15080,19450,24670,9590,11570,14120,15980,17710,21220,23330,26370,32150,2.8,3.365,0.240,64.4,54.9,3.3,6.2,34.2,9.1,6.1,2.5,2.1,1.5,-13.8
5208,Segré,21458,50959,34375.9,15350,19280,23560,8210,11940,14370,16250,17800,20750,22460,24940,29380,2.5,2.995,0.215,67.6,58.5,2.9,6.3,30.4,8.2,6.2,3.2,1.7,1.3,-12.4
5209,Laval,93106,219253,148285.1,16040,20360,25480,9450,12340,14990,17020,18760,22120,24190,27080,32580,2.6,3.263,0.233,70.5,62.6,2.6,5.4,29.7,8.9,5.4,2.8,1.4,1.2,-14.5
5210,La Mayenne,22395,51119,35116.4,15760,19970,24690,8930,11960,14650,16660,18410,21620,23500,26070,31050,2.6,3.185,0.226,66.6,57.8,2.6,6.2,32.5,9.5,5.1,2.5,1.5,1.1,-13.7
5211,La Ferté-Bernard,14977,33491,23198.5,16050,20440,25230,9180,12240,14950,17030,18770,22130,24020,26820,31720,2.6,3.185,0.227,67.2,59.6,2.9,4.7,33.5,8.5,4.9,2.3,1.5,1.1,-14.1
5212,La Flèche,23183,50655,35459.2,15170,19540,24480,9310,11420,14090,16140,17900,21220,23180,26000,31180,2.7,3.333,0.236,61.4,53.8,2.9,4.7,38.1,8.5,5.5,2.3,1.8,1.4,-13.5
5213,Le Mans,180696,412390,282197.7,15760,20700,26230,10470,11620,14560,16910,18870,22620,24850,27960,33560,2.9,3.499,0.243,69.5,62.2,2.8,4.5,31.9,7.7,5.9,2.5,1.9,1.5,-15.0
5214,Sablé-sur-Sarthe,15048,35994,24229.1,15790,19850,24530,8750,12050,14680,16700,18310,21490,23370,25930,30900,2.6,3.213,0.230,70.7,63.2,3.1,4.5,28.2,9.3,5.8,2.9,1.5,1.3,-14.0
5215,Challans,62590,134252,94840.5,16390,20800,26360,9970,12770,15380,17340,19090,22690,24950,28170,34290,2.7,3.266,0.236,56.8,47.9,3.1,5.8,42.8,11.9,3.8,1.7,1.2,0.9,-15.3
5216,Fontenay-le-Comte,29339,67267,46165.4,15280,19530,24480,9190,11870,14360,16180,17840,21230,23190,25980,31070,2.6,3.189,0.229,64.6,55.4,3.0,6.2,34.6,8.6,5.6,2.5,1.9,1.2,-13.4
5217,Les Herbiers,24681,60433,40307.3,16760,20410,24810,8050,13440,15830,17540,18990,21920,23670,26150,30500,2.3,2.731,0.200,75.5,67.5,2.7,5.4,25.5,7.8,4.8,2.8,1.2,0.9,-13.6
5218,La Roche-sur-Yon,108740,253345,172138.2,16330,20640,25610,9280,12750,15310,17290,19000,22350,24380,27120,32280,2.5,3.086,0.223,69.9,61.7,2.9,5.2,31.0,8.2,5.3,2.5,1.6,1.1,-14.4
5219,Les Sables-d'Olonne,35985,73016,52865.1,17050,22040,28760,11710,13120,15880,18060,20040,24250,26990,30870,37880,2.9,3.659,0.261,52.5,43.6,2.9,6.0,48.1,13.3,3.3,1.3,1.2,0.8,-17.2
5301,Dinan,43264,94250,65924.0,16480,21420,27800,11320,12660,15430,17550,19490,23550,26160,29850,36930,2.9,3.582,0.254,62.6,53.5,3.0,6.1,38.2,10.8,4.4,1.9,1.5,1.0,-16.0
5302,Guingamp,23051,49938,34941.6,14910,19380,24430,9510,11340,13920,15850,17660,21170,23190,25980,31080,2.7,3.294,0.233,62.7,53.0,2.9,6.8,36.2,7.9,6.5,2.5,2.5,1.5,-13.3
5303,Lannion,42598,90172,63892.8,16090,21260,27870,11780,12150,14920,17160,19250,23500,26230,29880,36320,3.0,3.591,0.251,58.0,48.7,2.8,6.5,43.0,10.1,4.5,1.8,1.7,1.1,-15.6
5304,Loudéac,15951,36062,24840.3,15450,19840,24570,9120,11870,14430,16430,18160,21530,23430,26020,31120,2.6,3.238,0.230,65.2,54.0,2.7,8.5,33.6,8.9,5.6,2.5,1.8,1.2,-13.3
5305,Saint-Brieuc,138372,306225,212605.9,16130,20820,26510,10380,12290,15040,17140,19010,22770,25090,28320,34420,2.8,3.413,0.242,65.0,55.2,2.9,6.9,36.0,9.2,5.0,2.2,1.7,1.2,-15.2
5306,Brest,198625,441673,305405.5,16460,21220,27190,10740,12550,15350,17490,19360,23250,25670,29040,34980,2.8,3.387,0.241,70.6,61.4,3.1,6.1,31.8,7.9,5.3,2.3,1.8,1.3,-15.6
5307,Carhaix-Plouguer,20501,41959,30152.7,14500,19080,24170,9670,10690,13400,15440,17380,20870,22930,25710,30450,2.8,3.467,0.239,57.6,46.3,2.9,8.4,40.5,8.6,6.1,2.1,2.6,1.3,-12.8
5308,Morlaix,33580,72201,50704.2,15770,20380,25990,10220,11960,14670,16790,18620,22320,24580,27650,33530,2.8,3.478,0.245,62.9,51.5,3.1,8.2,37.8,8.8,5.4,2.1,2.1,1.2,-14.9
5309,Quimper,148581,313817,222486.8,16240,20950,26840,10590,12440,15170,17270,19110,22960,25330,28700,34780,2.8,3.414,0.242,62.8,53.5,3.0,6.3,38.1,9.8,4.6,1.8,1.7,1.1,-15.3
5310,Fougères,29196,66767,45702.0,15690,19760,24560,8870,12180,14750,16610,18190,21440,23350,26030,30860,2.5,3.082,0.222,68.2,59.9,2.8,5.6,30.9,8.4,6.0,2.7,1.9,1.3,-13.5
5311,Redon,20074,45277,31234.9,15660,20100,25050,9390,11860,14570,16640,18430,21760,23780,26560,31580,2.7,3.174,0.225,65.3,57.5,3.1,4.7,34.2,8.3,5.7,2.4,2.0,1.3,-13.5
5312,Rennes,334220,782712,529086.8,16670,21690,27950,11280,12450,15450,17760,19750,23800,26340,29940,36320,2.9,3.552,0.249,78.3,70.2,2.9,5.2,24.5,8.4,5.4,2.4,1.7,1.3,-16.6
5313,Saint-Malo,49884,106266,74944.7,16130,20880,27350,11220,12450,15050,17130,18990,23030,25680,29510,36800,3.0,3.708,0.264,63.2,53.3,3.0,6.8,36.6,11.5,4.8,1.9,1.8,1.2,-16.1
5314,Vitré,21065,52281,34687.7,16760,20790,26020,9250,13310,15810,17650,19260,22520,24740,27570,32940,2.5,3.007,0.220,77.4,69.2,2.8,5.4,23.2,8.7,5.1,2.8,1.3,1.0,-14.4
5315,Lorient,136202,296781,207364.8,15980,20830,26610,10620,12070,14860,17040,18960,22830,25150,28400,34260,2.8,3.451,0.243,65.1,56.1,3.4,5.6,36.0,8.7,5.4,2.0,2.0,1.3,-15.2
5316,Ploërmel,17131,39018,26807.9,15740,20060,25080,9340,12130,14710,16690,18390,21760,23840,26570,31210,2.6,3.097,0.222,66.8,57.1,2.8,6.9,33.1,8.0,5.4,2.5,1.8,1.1,-13.3
5317,Pontivy,25364,57272,39493.2,15620,20080,25090,9470,11920,14570,16520,18320,21860,23880,26650,31620,2.7,3.285,0.233,66.9,56.4,2.9,7.6,32.3,8.7,5.6,2.4,2.0,1.2,-13.5
5318,Vannes,158712,352502,244702.9,16680,21520,27810,11130,12640,15500,17690,19620,23620,26160,29900,36590,2.9,3.537,0.250,63.4,53.9,3.1,6.4,37.4,10.7,4.4,1.9,1.5,1.0,-15.9
5401,Thouars - Loudun,28304,62608,43569.2,14880,19020,23860,8980,11340,13960,15770,17460,20700,22640,25340,30040,2.6,3.292,0.235,63.4,54.0,3.1,6.3,34.9,9.2,5.9,2.4,2.2,1.4,-13.4
5402,Châtellerault,35763,78587,54732.6,15160,19970,25420,10260,11280,14070,16210,18130,21830,24070,27200,32590,2.9,3.496,0.244,64.5,57.0,2.9,4.6,35.1,8.6,6.3,2.4,2.4,1.5,-14.5
5403,Angoulême,123105,266100,186817.2,14920,19850,25520,10610,10990,13810,15970,17940,21790,24120,27250,33000,3.0,3.629,0.251,64.8,55.8,3.1,6.0,34.8,8.5,6.2,2.0,2.6,1.6,-14.3
5404,Jonzac - Barbezieux-Saint-Hilaire,29396,64392,45079.4,14220,18770,24530,10310,10760,13280,15130,16950,20790,23140,26140,31970,3.0,3.658,0.256,61.6,49.1,3.2,9.3,36.1,9.4,6.2,2.1,2.6,1.4,-13.3
5405,Cognac,36420,79379,55666.7,15840,20930,27310,11470,11780,14650,16940,18910,23130,25740,29240,36520,3.1,3.856,0.268,67.8,56.0,3.0,8.9,32.7,10.7,4.9,1.7,2.0,1.2,-16.1
5406,Saintes - Saint-Jean-d'Angely,55780,121448,85114.4,15050,19790,25520,10470,11350,14010,16050,17900,21730,24080,27290,33130,2.9,3.527,0.248,62.2,52.1,3.2,6.9,36.7,9.5,5.9,2.1,2.4,1.4,-14.3
5407,Royan,47312,95315,69261.0,15820,20930,27770,11950,11950,14720,16880,18920,23240,26030,29890,36860,3.1,3.840,0.268,49.2,38.6,3.1,7.6,49.9,13.1,3.9,1.3,1.7,1.0,-16.1
5408,Rochefort,50935,108061,76515.2,15310,20200,25980,10670,11550,14210,16350,18300,22210,24510,27810,33610,2.9,3.497,0.245,59.1,49.1,3.4,6.6,40.1,9.8,5.5,1.9,2.2,1.4,-14.5
5409,La Rochelle,112559,244874,171393.0,16420,21680,28580,12150,12210,15190,17530,19590,23960,26780,30740,37840,3.1,3.855,0.267,65.3,56.0,3.3,6.1,35.4,11.3,4.8,1.8,1.8,1.2,-16.8
5410,Niort,98051,219793,151890.3,16060,20930,26960,10900,12130,14910,17110,19050,22980,25420,28830,35030,2.9,3.473,0.244,71.4,63.6,2.6,5.2,30.9,8.0,5.3,2.1,1.9,1.3,-15.6
5411,Parthenay,14117,31092,21691.7,15060,19140,24190,9130,11750,14150,15930,17550,20880,22900,25710,30640,2.6,3.172,0.229,63.9,54.7,2.8,6.4,34.5,8.9,6.1,2.3,2.3,1.5,-13.4
5412,Bressuire,30468,73256,49239.9,15360,19340,23900,8540,11830,14400,16210,17850,20910,22770,25340,30130,2.5,3.109,0.224,68.8,59.2,2.8,6.8,29.4,9.0,6.0,2.9,1.8,1.2,-13.2
5413,Poitiers,142059,312846,217192.0,15540,20570,26570,11030,11420,14360,16610,18610,22640,25040,28460,34640,3.0,3.683,0.254,70.0,62.0,2.8,5.2,31.1,8.8,5.7,2.2,2.0,1.5,-15.6
7201,Bergerac,49877,107218,75580.3,14220,19260,25260,11040,10570,13150,15250,17270,21310,23730,27030,33040,3.1,3.848,0.264,57.1,47.1,3.4,6.6,40.3,10.5,6.2,2.1,2.5,1.6,-14.1
7202,Périgueux,108408,228471,162385.1,14860,19720,25360,10510,10970,13750,15900,17820,21650,23960,27140,32840,3.0,3.651,0.252,60.8,51.9,3.1,5.9,38.8,9.0,5.4,1.8,2.2,1.4,-14.0
7203,Sarlat-la-Canéda,24219,50413,36126.6,14510,19400,25520,11010,10660,13420,15540,17530,21500,23930,27360,33550,3.1,3.887,0.264,55.6,45.0,3.6,6.9,41.9,12.1,4.7,1.6,2.0,1.2,-14.3
7204,Bordeaux,571412,1289418,887353.0,16270,21980,29130,12860,11860,14960,17470,19750,24400,27310,31370,38680,3.3,4.047,0.274,76.9,67.5,3.5,5.9,26.4,9.1,5.1,1.8,2.0,1.3,-17.5
7205,Libourne,50802,113249,78467.0,14320,19150,24890,10560,10550,13240,15310,17260,21130,23470,26700,32550,3.1,3.826,0.263,64.9,54.5,3.6,6.8,33.2,9.5,6.8,2.3,2.8,1.7,-14.4
7206,Pauillac,23799,52219,36470.2,14930,19680,25400,10480,11020,13820,15910,17840,21680,23920,27060,32640,3.0,3.614,0.251,60.9,50.4,3.8,6.7,38.6,9.2,5.6,2.0,2.3,1.3,-14.3
7207,La Teste-de-Buch,73182,159976,112112.7,16710,21730,28330,11620,12530,15470,17750,19770,24000,26680,30470,37540,3.0,3.705,0.259,62.9,53.2,3.6,6.1,39.0,11.2,3.9,1.6,1.4,0.9,-17.0
7208,Dax,82517,179958,126124.9,15910,20770,26830,10930,12000,14780,16950,18880,22820,25290,28670,35010,2.9,3.604,0.253,62.8,52.9,3.6,6.4,37.2,10.8,4.7,1.7,1.8,1.2,-15.5
7209,Agen,66885,147963,102745.6,14830,20010,26110,11280,10980,13670,15930,17970,22180,24590,27960,34070,3.1,3.806,0.262,67.4,58.1,3.3,6.1,31.9,9.6,6.2,2.2,2.4,1.6,-15.1
7210,Marmande,39374,85697,60131.4,14260,18860,24500,10230,10670,13230,15230,17030,20830,23170,26180,31700,3.0,3.658,0.255,60.3,50.4,3.3,6.6,36.9,10.4,6.2,2.2,2.5,1.6,-13.8
7211,Villeneuve-sur-Lot,43091,94110,65960.1,13950,18590,24220,10260,10400,12920,14900,16800,20590,22810,25930,31570,3.0,3.738,0.259,57.4,46.5,3.6,7.2,39.2,10.8,6.5,2.3,2.6,1.6,-13.9
7212,Bayonne,157606,336976,237478.1,16210,21380,28120,11920,12110,15040,17320,19370,23610,26380,30280,37770,3.1,3.941,0.272,66.6,56.5,3.3,6.7,33.5,12.4,4.6,1.6,1.8,1.2,-17.1
7213,Oloron-Sainte-Marie,18494,40147,28255.1,15490,20240,25980,10490,11690,14360,16530,18440,22130,24520,27550,32760,2.8,3.353,0.236,63.1,53.6,2.8,6.6,37.3,8.5,4.9,1.8,2.0,1.1,-13.8
7214,Pau,150162,333338,231684.9,15960,21330,28070,12110,11880,14770,17080,19230,23620,26340,30130,37090,3.1,3.818,0.263,68.4,60.3,3.0,5.0,32.7,9.7,5.3,1.9,2.1,1.3,-16.1
7301,Foix - Pamiers,50815,109174,76811.2,14420,19360,25140,10730,10640,13300,15420,17430,21400,23730,26850,32420,3.0,3.663,0.253,61.7,52.8,3.4,5.6,36.2,9.2,6.8,2.1,2.9,1.8,-13.9
7302,Saint-Girons,15214,30229,21960.4,13620,18960,24750,11130,9520,12490,14680,16820,21010,23390,26460,31950,3.4,4.054,0.267,55.3,45.4,3.3,6.5,42.0,9.4,6.7,1.8,3.3,1.6,-13.4
7303,Millau,27599,58432,41356.3,14740,19350,24940,10200,11080,13710,15670,17550,21250,23510,26620,32270,2.9,3.543,0.249,61.5,50.1,3.0,8.4,35.7,10.8,5.8,2.1,2.3,1.4,-13.8
7304,Rodez,77737,168552,118236.2,15590,20490,26300,10710,11770,14490,16610,18590,22510,24850,28100,34010,2.9,3.555,0.249,64.7,53.5,2.3,8.9,33.6,11.8,4.7,1.9,1.7,1.1,-14.8
7305,Villefranche-de-Rouergue,16259,34768,24590.8,14510,19350,25060,10550,10890,13520,15500,17410,21330,23630,26750,32700,3.0,3.705,0.256,57.9,46.6,2.6,8.7,39.3,11.3,5.3,1.9,2.1,1.3,-13.8
7306,Saint-Gaudens,27177,55996,40142.5,14530,19640,25510,10980,10580,13380,15580,17620,21660,24070,27220,32900,3.1,3.726,0.255,57.3,48.4,3.0,5.8,41.2,9.4,6.1,1.9,2.8,1.5,-14.0
7307,Auch,51553,110228,78030.1,14800,19880,25920,11110,10960,13720,15860,17840,22010,24410,27810,34000,3.1,3.824,0.262,61.0,50.3,2.8,7.8,36.7,11.4,5.5,1.8,2.4,1.4,-14.6
7308,Cahors,42113,88018,62807.0,14940,20140,26440,11510,10930,13790,15970,18060,22330,24920,28410,34660,3.2,3.845,0.262,57.4,47.3,3.0,7.0,41.3,10.8,5.2,1.7,2.3,1.2,-14.7
7309,Figeac,17912,37622,26776.5,15440,20610,26560,11120,11510,14340,16530,18520,22680,25020,28230,33850,2.9,3.555,0.246,61.4,52.2,2.5,6.7,38.2,10.0,4.7,1.7,1.9,1.1,-14.3
7310,Tarbes - Lourdes,104373,220999,156653.2,14990,19910,25610,10620,11170,13890,16030,18000,21900,24220,27340,32790,2.9,3.550,0.247,62.9,53.2,3.4,6.4,37.2,8.4,5.9,1.9,2.5,1.5,-14.4
7311,Albi,77225,168454,117832.8,14900,19970,26070,11180,11050,13790,15930,17960,22110,24560,27970,34140,3.1,3.769,0.260,62.1,52.4,3.1,6.6,36.3,10.2,6.1,2.1,2.4,1.5,-14.7
7312,Castres - Mazamet,58584,130113,90530.5,14660,19440,25200,10540,11040,13570,15680,17570,21430,23750,26970,32840,3.0,3.663,0.256,62.8,53.7,3.1,6.1,35.5,9.6,6.3,2.2,2.5,1.6,-14.2
7313,Montauban,96575,223584,152630.3,14330,19340,25360,11030,10620,13230,15350,17320,21440,23890,27140,32810,3.1,3.814,0.263,66.0,56.4,3.4,6.2,31.8,9.6,6.9,2.6,2.7,1.7,-14.3
7401,Tulle,31574,64873,46565.4,15490,20510,26160,10660,11630,14370,16590,18600,22470,24790,28010,33480,2.9,3.442,0.240,59.8,51.2,2.5,6.0,41.0,8.7,4.5,1.7,1.7,1.1,-14.0
7402,Ussel,13687,28106,20152.5,15310,19770,25150,9840,11730,14300,16250,18040,21550,23770,26690,32170,2.7,3.393,0.241,61.7,52.7,2.4,6.5,37.5,9.3,5.0,1.9,1.9,1.2,-13.5
7403,Guéret,55530,111365,80701.6,14070,18820,24350,10280,10430,13000,15030,16980,20740,22980,25940,31220,3.0,3.615,0.250,57.4,47.2,2.6,7.6,41.2,8.8,5.9,1.8,2.7,1.4,-13.3
7404,Limoges,166656,349905,247911.7,15200,20400,26430,11230,11070,13990,16330,18430,22490,24920,28280,34350,3.1,3.780,0.258,65.6,57.8,2.5,5.3,35.9,8.2,5.9,1.9,2.5,1.5,-15.6
8201,Ambérieu-en-Bugey,42301,101657,68122.0,16950,22050,28250,11300,12710,15740,18080,20110,24250,26700,30080,35960,2.8,3.342,0.235,76.7,69.5,3.0,4.2,25.9,8.1,4.6,2.4,1.2,0.9,-15.3
8202,Bourg-en-Bresse,57699,132454,90504.9,16270,21430,27380,11110,12220,15100,17420,19500,23510,25870,29300,35550,2.9,3.558,0.249,70.4,63.0,2.7,4.7,30.8,9.3,5.1,2.4,1.6,1.2,-15.6
8203,Oyonnax,26519,63908,42915.0,14810,19960,26070,11260,11050,13660,15930,17970,22020,24490,27940,34050,3.1,3.896,0.269,72.2,65.3,3.5,3.4,27.9,8.9,6.0,2.7,1.8,1.5,-15.0
8204,Annonay,23093,53229,36425.5,15880,20470,25660,9790,11990,14740,16840,18720,22280,24400,27260,32660,2.7,3.341,0.237,66.8,59.1,3.2,4.5,32.4,9.5,5.5,2.4,1.8,1.3,-14.2
8205,Aubenas,43669,92080,65306.7,14350,19200,25150,10810,10500,13240,15350,17290,21270,23680,26890,32690,3.1,3.820,0.261,56.6,46.0,4.1,6.6,39.0,12.7,5.8,2.0,2.3,1.5,-14.1
8206,Montélimar,81079,183879,126462.8,14750,20220,26870,12120,10790,13580,15880,18060,22580,25240,28930,35490,3.3,3.986,0.270,66.0,56.3,3.6,6.2,32.8,11.1,5.7,2.3,1.9,1.4,-15.6
8207,Romans-sur-Isère,37943,88016,59940.2,15230,20360,26390,11150,11360,14110,16310,18380,22470,24930,28280,34670,3.1,3.742,0.260,69.4,60.6,3.3,5.5,29.7,10.2,6.0,2.5,2.0,1.5,-15.3
8208,Valence,152433,345746,237668.6,15500,20660,26880,11380,11590,14390,16600,18680,22800,25310,28840,35180,3.0,3.711,0.258,68.3,59.2,3.4,5.7,30.9,10.6,5.6,2.3,1.9,1.4,-15.4
8209,Bourgoin-Jallieu,90212,227785,150037.2,16360,21640,27800,11440,12250,15150,17530,19640,23750,26270,29670,35680,2.9,3.462,0.243,77.1,70.0,3.3,3.8,24.3,8.0,5.5,2.8,1.5,1.3,-14.9
8210,Grenoble,344379,789565,539779.8,16680,22490,29760,13070,12210,15360,17930,20240,24950,27910,32000,39190,3.2,3.920,0.267,74.5,66.8,2.9,4.7,27.6,10.2,4.7,2.0,1.5,1.2,-17.0
8211,Vienne - Roussillon,92877,224498,150624.7,16130,21460,27630,11500,11900,14920,17290,19430,23600,26120,29430,35470,3.0,3.565,0.248,72.4,64.5,3.1,4.8,28.1,9.5,5.1,2.5,1.5,1.1,-15.1
8212,Roanne,61328,134225,93542.9,15350,20010,25410,10070,11550,14240,16360,18220,21850,24020,27040,32880,2.8,3.508,0.247,63.6,56.1,2.9,4.6,34.9,10.2,5.7,2.3,2.0,1.4,-14.4
8213,Villefranche-sur-Saône,104119,257850,171171.8,17380,22850,29710,12330,12910,16070,18520,20710,25120,27940,31840,38890,3.0,3.669,0.256,76.4,68.3,2.9,5.2,25.5,10.2,4.4,2.3,1.2,0.9,-16.5
8214,Lyon,756977,1757662,1191511.5,15980,22410,30500,14520,11460,14580,17330,19880,25110,28420,33070,41410,3.6,4.521,0.296,78.4,70.5,3.2,4.7,24.4,10.4,5.3,2.2,1.7,1.3,-18.5
8215,La Tarentaise,48242,107284,74374.7,16810,21960,28130,11320,12530,15530,17910,20000,24110,26670,30060,36460,2.9,3.627,0.253,74.0,61.4,3.8,8.7,26.3,12.5,3.8,1.8,1.1,0.9,-16.6
8216,Chambéry,127662,288908,198677.0,17000,22520,29430,12430,12590,15700,18190,20370,24830,27640,31620,38890,3.1,3.808,0.263,71.6,63.2,2.9,5.5,29.6,11.0,4.4,1.9,1.4,1.0,-16.6
8217,La Maurienne,17512,37969,26645.1,17040,21940,27680,10640,13050,15870,18130,20060,23930,26220,29580,34980,2.7,3.238,0.231,69.0,58.1,3.4,7.6,32.3,10.8,3.3,1.7,0.9,0.7,-15.4
8218,Annecy,128917,298331,203442.0,18730,25030,34080,15340,13740,17310,20050,22510,27870,31600,37300,48640,3.5,4.491,0.300,79.7,71.8,2.9,5.1,23.3,11.7,2.8,1.4,0.8,0.6,-17.5
8219,Le Genevois Français,164386,390800,261983.1,18810,29140,45750,26940,12110,16760,20740,24700,34680,41470,50870,66540,5.5,7.013,0.367,88.0,81.6,3.3,3.1,17.7,7.7,2.0,0.9,0.6,0.5,-15.4
8220,La Vallée de l'Arve,24663,60485,40359.2,17060,22850,30050,12990,12570,15810,18380,20510,25270,28230,32350,40740,3.2,3.971,0.272,79.9,72.3,3.5,4.1,22.4,10.3,3.8,2.0,1.0,0.8,-16.4
8221,Le Mont Blanc,28579,62612,43688.2,17560,23030,30340,12780,13040,16250,18750,20860,25400,28390,32730,41260,3.2,4.117,0.280,75.2,63.5,3.0,8.6,25.3,15.4,2.7,1.4,0.7,0.6,-18.6
8222,Le Chablais,42996,97936,67056.9,18320,25340,35720,17400,13140,16750,19750,22430,28730,32980,39010,49650,3.8,4.651,0.301,83.1,74.5,3.4,5.1,22.1,10.8,2.6,1.2,0.8,0.6,-18.6
8301,Montluçon,50890,104962,75000.3,14720,19660,25270,10550,10930,13640,15780,17770,21630,23900,26900,32370,3.0,3.602,0.250,59.7,51.3,2.8,5.6,38.4,9.8,6.6,2.0,3.0,1.6,-14.5
8302,Moulins,44789,95140,67205.8,15020,19780,25350,10330,11220,13920,16030,17950,21710,23970,27030,32680,2.9,3.537,0.247,61.6,52.6,2.6,6.3,36.2,10.3,6.2,2.1,2.6,1.5,-14.3
8303,Vichy,62420,129098,92155.9,14910,19790,25570,10660,11090,13800,15890,17830,21810,24160,27330,33500,3.0,3.720,0.258,60.0,51.6,3.0,5.5,38.0,10.6,6.2,1.9,2.7,1.6,-14.8
8304,Aurillac,37631,79156,56228.3,15740,20510,26160,10410,12040,14690,16760,18630,22470,24770,27950,33920,2.8,3.476,0.247,64.5,54.5,2.2,7.8,34.2,11.5,4.8,1.7,1.9,1.2,-15.0
8305,Mauriac,13307,26545,19325.0,14540,18880,23960,9420,11190,13610,15370,17100,20670,22780,25470,30740,2.7,3.363,0.240,56.6,43.8,2.2,10.6,40.3,11.3,4.8,1.6,2.1,1.1,-13.0
8306,Saint-Flour,15531,32834,23320.8,14910,19280,24620,9700,11430,13910,15860,17540,21090,23320,26210,31540,2.8,3.379,0.239,61.4,48.1,2.4,10.9,35.0,12.3,4.8,1.9,1.9,1.1,-13.5
8307,Brioude,20338,42614,30319.7,14660,19090,24330,9660,11040,13670,15550,17330,20970,23050,25770,30720,2.8,3.343,0.236,59.6,49.4,3.1,7.2,37.3,10.1,6.0,2.1,2.5,1.4,-13.0
8308,Le Puy-en-Velay,41311,89489,62736.2,15430,20040,25740,10310,11770,14400,16400,18270,22040,24330,27480,33190,2.8,3.421,0.242,64.4,54.6,2.7,7.1,33.7,10.5,6.0,2.2,2.4,1.4,-14.6
8309,Ambert,9507,19503,14024.9,14850,19490,25180,10320,11080,13800,15800,17600,21540,23830,26820,32610,2.9,3.555,0.248,59.2,50.9,3.1,5.2,39.2,10.6,4.8,1.8,1.9,1.1,-13.8
8310,Clermont-Ferrand,234300,507476,354807.5,16230,21740,28410,12170,11850,14930,17420,19620,24020,26740,30480,37250,3.1,3.864,0.264,71.7,63.8,2.7,5.1,30.2,9.8,4.9,1.9,1.8,1.3,-16.6
8311,Issoire,22103,47363,33316.1,15560,20280,25710,10160,11800,14410,16540,18440,22180,24430,27400,32790,2.8,3.381,0.239,64.9,56.4,3.0,5.5,34.3,9.6,5.2,2.1,2.0,1.2,-14.0
8312,Thiers,20640,45353,31677.7,14750,19380,24860,10100,11100,13730,15730,17570,21300,23550,26530,31830,2.9,3.487,0.245,64.4,56.4,3.6,4.5,34.7,8.5,5.9,2.2,2.3,1.4,-13.5
9101,Carcassonne,54797,120848,83984.7,13520,18640,24740,11220,9940,12420,14580,16650,20800,23220,26490,32490,3.3,4.003,0.271,62.4,52.7,3.6,6.1,34.9,9.0,8.3,2.5,3.6,2.2,-14.6
9102,Limoux,19741,40929,29310.6,13240,17990,23710,10470,9580,12150,14250,16080,20030,22350,25360,30850,3.2,3.976,0.266,53.4,42.9,3.4,7.1,42.1,10.1,7.5,1.9,3.6,2.0,-13.1
9103,Narbonne,77299,163377,115528.4,13480,18490,24610,11130,9840,12420,14510,16450,20620,23110,26440,32200,3.3,4.008,0.271,57.9,47.1,4.0,6.8,38.8,9.6,7.9,2.2,3.6,2.1,-14.2
9104,Alès,65693,140960,99270.2,13210,18170,24180,10970,9710,12190,14240,16180,20320,22750,25910,31620,3.3,3.925,0.268,56.7,47.1,3.9,5.8,39.1,9.5,8.5,2.4,3.8,2.3,-13.8
9105,Bagnols-sur-Cèze,29073,66395,45599.6,14590,20140,26480,11880,10540,13370,15730,17940,22310,24880,28390,34500,3.3,3.883,0.262,67.7,59.0,3.3,5.4,32.3,8.7,6.4,2.3,2.4,1.6,-15.1
9106,Nîmes,156366,361547,246552.3,13880,19510,26100,12220,10040,12720,15030,17290,21820,24510,28080,34540,3.4,4.207,0.280,67.6,58.0,3.7,5.9,31.0,9.3,7.8,2.6,3.1,2.1,-15.7
9107,Agde - Pézenas,42246,89920,63545.3,13530,18620,24800,11270,9920,12480,14540,16580,20750,23320,26680,32790,3.3,4.096,0.276,55.8,44.5,4.4,6.8,40.3,11.8,7.2,2.1,3.1,1.9,-15.1
9108,Béziers,106462,232302,162092.5,13000,18220,24440,11440,9450,11970,14070,16130,20430,22910,26230,32030,3.4,4.247,0.282,59.1,47.9,3.8,7.4,36.8,10.1,8.4,2.6,3.6,2.2,-14.4
9109,Clermont-l'Hérault - Lodève,25033,57638,39347.9,13790,18680,24640,10850,10180,12750,14760,16800,20760,23200,26410,31910,3.1,3.762,0.259,65.1,54.3,4.2,6.6,32.1,9.0,7.8,2.8,3.0,2.0,-14.0
9110,Ganges,21157,44865,31726.5,13300,18280,24080,10780,9680,12310,14330,16320,20280,22690,25760,31410,3.2,3.945,0.265,57.6,46.6,4.2,6.8,38.4,9.9,7.4,2.2,3.3,1.9,-13.3
9111,Montpellier,292498,647979,448708.2,14770,20990,28630,13860,10490,13430,16070,18550,23610,26700,30980,38830,3.7,4.585,0.296,73.1,62.3,3.8,6.9,28.2,10.5,6.2,2.1,2.4,1.7,-18.0
9112,Sète,48131,101874,72057.5,14000,19310,25680,11690,10220,12900,15090,17240,21520,24140,27620,34070,3.3,4.077,0.276,60.9,50.6,3.8,6.5,38.0,10.3,6.9,2.0,3.0,1.9,-16.1
9113,La Lozère,33235,71112,50065.9,15030,19770,25360,10330,11220,13960,16030,17950,21690,23990,27000,32370,2.9,3.524,0.246,64.3,53.2,2.6,8.5,34.0,10.1,5.4,2.1,2.1,1.2,-13.8
9114,Céret,35489,71562,51858.6,14400,19660,26020,11630,10520,13220,15480,17590,21870,24470,27980,34320,3.3,4.030,0.272,49.9,39.9,3.6,6.4,47.5,12.4,5.5,1.6,2.5,1.5,-15.3
9115,Perpignan,159805,345223,241784.1,13490,18760,25140,11650,9900,12430,14560,16640,20980,23570,27040,33210,3.4,4.159,0.280,61.5,50.5,3.8,7.1,35.8,9.8,8.4,2.4,3.7,2.3,-15.5
9116,Prades,19595,41010,29133.4,13620,18540,24360,10750,9870,12540,14640,16610,20600,22960,25990,31490,3.2,3.857,0.260,59.2,48.1,3.9,7.2,38.1,10.0,6.9,2.1,3.0,1.8,-14.2
9301,Digne-les-Bains,32836,68320,48702.8,14640,19800,25870,11240,10720,13510,15730,17780,21900,24390,27730,33380,3.1,3.678,0.252,60.7,51.3,3.5,5.9,37.9,9.6,6.0,2.0,2.4,1.6,-14.2
9302,Manosque,37640,81666,57145.2,14680,20140,27030,12350,10760,13500,15830,17990,22440,25270,29180,35870,3.3,4.185,0.281,61.4,51.0,3.5,6.9,35.3,13.5,5.4,1.9,2.1,1.4,-15.6
9303,Briançon,16051,33983,23985.0,15530,20160,26080,10550,11580,14470,16480,18310,22130,24560,28050,34150,2.9,3.591,0.251,67.1,54.0,4.3,8.8,32.6,11.6,4.3,1.8,1.4,1.1,-15.6
9304,Gap,48501,103117,72780.3,15370,20400,26450,11080,11430,14230,16410,18390,22530,24950,28380,34460,3.0,3.646,0.253,63.1,52.4,3.4,7.4,35.5,11.2,5.1,2.0,1.8,1.3,-14.9
9305,Cannes - Antibes,196538,421008,296320.5,15740,21970,30250,14510,11230,14380,17040,19500,24700,28100,32960,41630,3.7,4.775,0.306,69.9,60.2,3.5,6.2,30.8,14.9,4.1,1.5,1.6,1.0,-19.7
9306,Menton - Vallée de la Roya,40917,86559,61244.0,15790,21940,29820,14030,10980,14410,17110,19560,24600,27820,32270,40260,3.7,4.736,0.301,77.1,69.0,3.1,5.1,28.5,11.0,2.9,0.8,1.3,0.7,-19.5
9307,Nice,294877,631021,443647.8,15020,21280,29250,14240,10540,13660,16290,18780,23970,27190,31730,40010,3.8,4.847,0.307,71.7,61.4,3.4,7.0,29.6,12.7,5.2,1.6,2.2,1.3,-19.2
9308,Aix-en-Provence,172501,397143,272295.9,16810,23290,31680,14870,12060,15360,18160,20690,26130,29580,34330,42890,3.6,4.435,0.291,74.7,65.6,3.3,5.8,28.0,12.6,3.9,1.6,1.4,0.9,-19.2
9309,Arles,36217,82015,56443.0,14020,19560,26180,12160,10300,12860,15140,17380,21850,24550,28240,34830,3.4,4.180,0.281,66.8,56.4,3.9,6.5,31.3,11.4,6.9,2.3,2.6,1.9,-16.4
9310,Marseille - Aubagne,561939,1288667,879879.3,13840,20260,28040,14200,9780,12560,15130,17710,22960,26100,30410,38070,3.9,4.852,0.306,72.9,62.5,3.9,6.5,28.2,9.8,7.4,2.3,3.0,2.0,-18.3
9311,Istres - Martigues,59533,137750,93993.1,15190,20890,27530,12340,11220,14000,16390,18690,23260,25910,29470,35400,3.2,3.675,0.253,72.4,64.7,3.8,3.9,29.3,7.2,6.5,2.3,2.4,1.8,-15.4
9312,Salon-de-Provence,53186,126099,85184.9,15630,21400,28470,12830,11520,14400,16830,19090,23810,26710,30490,37020,3.2,3.861,0.264,75.6,67.1,3.8,4.7,26.7,8.6,5.6,2.3,1.9,1.4,-16.5
9313,Draguignan,52917,119216,82355.6,14560,20090,26430,11870,10380,13310,15720,17930,22350,24920,28410,34500,3.3,4.098,0.272,61.9,51.9,3.5,6.5,37.3,10.8,5.9,2.1,2.3,1.4,-15.9
9314,Fréjus - Saint-Raphaël,88080,185626,131936.8,15320,21280,29160,13850,10940,14030,16600,18950,23870,27080,31660,40190,3.7,4.770,0.308,58.4,47.5,3.6,7.3,40.4,17.0,3.9,1.4,1.6,0.9,-19.7
9315,Toulon,287311,618962,435143.9,15130,20950,27940,12810,10840,13860,16370,18690,23380,26200,30120,37080,3.4,4.185,0.279,63.5,53.9,3.3,6.3,36.5,11.5,5.8,1.8,2.4,1.5,-17.3
9316,Cavaillon - Apt,33895,76416,52756.0,13760,19160,25930,12170,10090,12670,14830,17050,21420,24170,28040,35470,3.5,4.443,0.294,62.6,51.4,4.0,7.2,34.1,13.6,6.0,2.2,2.2,1.5,-16.3
9317,Orange,40609,95989,64965.1,14120,19390,25580,11460,10350,12970,15230,17320,21550,24070,27370,33240,3.2,3.905,0.266,67.5,57.9,3.7,5.9,30.7,9.7,6.8,2.7,2.4,1.8,-14.7
9401,Ajaccio,41111,86213,61434.9,15460,21530,29200,13740,11180,14180,16770,19150,24210,27300,31500,39000,3.5,4.391,0.289,70.4,60.6,2.6,7.2,32.2,11.0,4.8,1.3,2.4,1.1,-18.4
9402,Porto-Vecchio,11541,26163,18028.1,13570,19120,26140,12570,9760,12400,14750,16920,21580,24430,28350,35970,3.7,4.874,0.312,67.5,53.7,3.9,10.0,30.2,15.0,5.3,1.9,2.2,1.2,-18.0
9403,Sartène - Propriano,4248,8927,6335.6,13480,19550,26370,12890,9760,12450,14530,17010,21840,24700,28540,34140,3.5,4.493,0.291,64.4,52.0,3.7,8.7,34.0,11.0,6.0,1.7,2.9,1.4,-15.4
9404,Bastia,46979,98506,69993.7,13740,19460,26660,12930,9940,12600,14890,17100,21990,24890,28870,35800,3.6,4.625,0.300,68.8,57.0,2.8,9.0,31.4,9.9,6.7,1.6,3.4,1.7,-16.8
9405,Calvi - L'Île-Rousse,9522,19944,14159.6,13360,18900,25770,12410,9440,12240,14490,16700,21120,23910,27870,34920,3.7,5.004,0.313,64.4,48.5,4.1,11.8,33.6,12.9,5.4,1.6,2.4,1.4,-16.3
9406,Corte,4354,8768,6343.4,13940,19320,26270,12330,9790,12690,15050,17160,21740,24510,28190,34280,3.5,4.343,0.281,67.5,55.9,2.8,8.8,32.6,9.0,6.1,1.5,3.1,1.5,-15.2
9407,Ghisonaccia - Aléria,6030,13564,9372.5,13240,18450,24860,11630,9480,12050,14230,16220,20750,23380,27120,33480,3.5,4.470,0.291,64.5,52.0,3.3,9.3,33.7,9.5,7.0,2.1,3.2,1.7,-14.7
