Emploi non salarié par zone d'emploi en France (hors Mayotte),,,,,,,,,,,,,,,,,,,,,
"Source : Insee, Estimations d'emploi",,,,,,,,,,,,,,,,,,,,,
"NB : Lors du passage au nouveau découpage régional au 1er janvier 2016, les zones d'emploi de Saint-Étienne et Toulouse auparavant interrégionales deviennent mono-régionales",,,,,,,,,,,,,,,,,,,,,
,,,,,,,,,,,,,,,,,,,,,
,,,,,,,,,,,,,,,,,,,,,
Zone_emploi,Region,2017,2016,2015,2014,2013,2012,2011,2010,2009,2008,2007,2006,2005,2004,2003,2002,2001,2000,1999,1998
0050_Mont-de-Marsan,INT-INTERREGIONAL,"8,899","8,960","8,942","9,084","9,225","9,095","8,921","8,879","8,648","8,546","8,721","8,714","8,863","8,921","8,900","9,022","9,117","9,162","9,664","9,903"
0051_Alençon,INT-INTERREGIONAL,"5,537","5,878","5,493","5,553","5,604","5,537","5,496","5,404","5,292","5,316","5,354","5,517","5,575","5,593","5,578","5,610","5,737","5,770","5,814","6,002"
0052_Cosne-Clamecy,INT-INTERREGIONAL,"3,760","3,797","3,892","3,936","3,993","3,965","3,942","3,948","3,808","3,855","3,874","3,881","3,897","3,917","3,831","3,855","3,894","3,917","3,935","3,936"
0053_Mâcon,INT-INTERREGIONAL,"7,382","7,338","7,330","7,367","7,495","7,305","7,167","6,970","6,768","6,721","6,768","6,767","6,716","6,732","6,754","6,658","6,629","6,569","6,702","6,710"
0054_Nogent-le-Rotrou,INT-INTERREGIONAL,"2,399","2,310","2,440","2,474","2,535","2,499","2,457","2,449","2,401","2,390","2,413","2,504","2,517","2,560","2,558","2,620","2,605","2,688","2,580","2,650"
0055_Vallée de la Bresle-Vimeu,INT-INTERREGIONAL,"3,565","3,570","3,633","3,669","3,729","3,655","3,631","3,507","3,413","3,342","3,368","3,378","3,422","3,430","3,308","3,330","3,404","3,445","3,426","3,480"
0056_Roissy - Sud Picardie,INT-INTERREGIONAL,"41,644","41,118","41,041","40,716","41,200","38,798","37,251","35,781","33,747","34,043","32,466","32,042","29,099","28,280","27,295","27,007","26,984","27,212","26,813","26,382"
0057_Brive-la-Gaillarde,INT-INTERREGIONAL,"11,096","11,255","11,243","11,332","11,517","11,380","11,152","10,998","10,737","10,774","10,949","11,016","11,015","11,060","11,061","11,170","11,258","11,449","11,623","11,601"
0059_Avignon,INT-INTERREGIONAL,"28,521","28,538","28,823","28,671","28,858","28,052","27,071","26,281","24,960","24,764","24,315","23,992","23,581","23,615","23,321","23,159","22,755","22,583","23,245","22,860"
0060_Saint-Étienne,84_AUVERGNE-RHONE-ALPES,"27,345","27,443","27,507","27,754","28,056","27,377","26,498","25,921","25,027","24,823","25,446","25,157","24,832","24,355","24,242","24,162","24,093","24,315","24,822","24,793"
0061_Toulouse,76_OCCITANIE,"69,286","68,212","67,460","66,690","66,720","64,248","60,075","59,003","55,487","54,411","54,787","53,918","52,689","51,572","51,098","50,606","50,677","50,253","51,266","50,353"
0101_Pointe à Pitre,01_GUADELOUPE,"7,850","7,925","8,068","6,677","6,692","5,739","5,331","6,220","5,577","6,058","6,855","6,575","6,447","6,362","6,296","7,155","7,036","6,955","6,690","6,455"
0102_Basse-Terre,01_GUADELOUPE,"1,635","1,666","1,699","1,484","1,536","1,339","1,245","1,398","1,255","1,355","1,622","1,555","1,525","1,505","1,489","1,692","1,664","1,645","1,582","1,526"
0103_Marie-Galante,01_GUADELOUPE,315,313,320,"1,009","1,050",910,853,996,901,970,"1,104","1,058","1,037","1,024","1,012","1,152","1,133","1,120","1,076","1,038"
0106_Est - Grande-Terre,01_GUADELOUPE,"2,717","2,732","2,792","3,324","3,387","2,892","2,675","3,046","2,765","2,954","3,251","3,117","3,057","3,016","2,984","3,394","3,337","3,299","3,173","3,061"
0201_Centre agglomération,02_MARTINIQUE,"5,576","5,611","5,603","4,667","4,746","3,853","3,550","4,180","3,815","4,170","3,969","3,793","3,715","3,686","3,630","3,844","3,887","4,020","5,161","4,977"
0202_Sud-Caraibe,02_MARTINIQUE,"2,239","2,192","2,170","2,064","2,065","1,730","1,567","1,845","1,662","1,828","1,781","1,703","1,668","1,654","1,629","1,726","1,744","1,805","2,318","2,236"
0203_Sud,02_MARTINIQUE,"1,645","1,570","1,585","1,647","1,665","1,428","1,355","1,586","1,407","1,572","1,566","1,496","1,466","1,454","1,432","1,517","1,534","1,586","2,038","1,966"
0204_Centre-Atlantique,02_MARTINIQUE,"1,631","1,612","1,608","1,838","1,893","1,559","1,487","1,733","1,547","1,659","1,687","1,612","1,578","1,566","1,541","1,634","1,652","1,709","2,197","2,118"
0205_Nord-Caraibe,02_MARTINIQUE,634,636,631,976,990,812,797,921,823,923,870,831,814,808,794,842,852,882,"1,134","1,094"
0206_Nord-Atlantique,02_MARTINIQUE,395,399,400,635,652,537,537,641,566,621,629,600,588,584,575,609,616,637,819,790
0301_Cayenne,03_GUYANE,"3,638","3,584","3,550","3,188","3,155","2,717","2,519","2,777","2,625","2,805","2,705","2,572","2,521","2,516","2,434","2,654","2,603","2,616","2,817","2,566"
0302_Kourou,03_GUYANE,606,634,621,636,647,579,556,592,571,594,586,557,546,545,527,575,563,566,610,555
0303_Saint-Laurent,03_GUYANE,525,528,516,749,778,646,598,681,632,695,657,625,612,611,591,645,632,636,684,623
0401_Est,04_LA REUNION,"3,999","3,943","3,925","4,528","4,592","4,374","4,045","3,947","3,535","3,598","3,454","3,122","3,058","2,977","2,880","2,797","2,810","2,758","2,735","2,743"
0402_Nord,04_LA REUNION,"8,497","8,700","8,512","7,323","7,081","6,796","6,261","6,199","5,622","5,666","5,440","4,920","4,821","4,693","4,542","4,413","4,434","4,352","4,316","4,329"
0403_Ouest,04_LA REUNION,"10,401","10,106","9,892","8,829","8,619","8,105","7,244","7,188","6,391","6,393","6,138","5,550","5,439","5,294","5,123","4,977","5,000","4,909","4,867","4,882"
0404_Sud,04_LA REUNION,"12,847","12,523","12,290","13,050","12,642","12,192","10,865","10,898","9,737","9,523","9,143","8,262","8,095","7,878","7,623","7,405","7,440","7,303","7,240","7,263"
1101_Paris,11_ILE-DE-FRANCE,"286,241","280,838","277,733","274,537","273,371","247,322","234,703","222,435","207,723","209,813","197,601","193,368","192,271","188,352","181,156","184,026","185,616","188,524","187,631","185,486"
1102_Marne-la-Vallée,11_ILE-DE-FRANCE,"9,817","9,737","9,554","9,375","9,356","8,685","8,289","7,873","6,976","6,953","6,621","6,648","6,324","6,125","5,823","5,734","5,664","5,776","5,594","5,545"
1103_Coulommiers,11_ILE-DE-FRANCE,"2,523","2,567","2,528","2,516","2,532","2,451","2,374","2,260","2,056","2,034","2,026","1,980","1,914","1,891","1,817","1,825","1,853","1,869","1,857","1,885"
1104_Meaux,11_ILE-DE-FRANCE,"4,369","4,341","4,295","4,312","4,325","4,063","4,049","3,915","3,562","3,612","3,540","3,498","3,461","3,316","3,211","3,324","3,307","3,369","3,227","3,215"
1105_Melun,11_ILE-DE-FRANCE,"11,828","11,679","11,535","11,552","11,564","10,926","10,674","10,292","9,190","9,247","9,157","8,985","8,693","8,524","8,139","8,263","8,123","8,263","8,136","8,097"
1106_Montereau-Fault-Yonne,11_ILE-DE-FRANCE,"1,237","1,197","1,223","1,238","1,241","1,171","1,158","1,146","1,064","1,060","1,048","1,039","1,061","1,051","1,015","1,023","1,068","1,038","1,037","1,007"
1107_Nemours,11_ILE-DE-FRANCE,"1,752","1,758","1,783","1,814","1,846","1,761","1,710","1,690","1,571","1,557","1,535","1,511","1,579","1,503","1,451","1,448","1,467","1,508","1,392","1,482"
1108_Provins,11_ILE-DE-FRANCE,"1,511","1,511","1,507","1,542","1,550","1,496","1,470","1,421","1,293","1,285","1,275","1,268","1,264","1,287","1,228","1,239","1,273","1,296","1,278","1,253"
1109_Houdan,11_ILE-DE-FRANCE,"1,884","1,830","1,824","1,815","1,837","1,721","1,617","1,561","1,452","1,446","1,418","1,376","1,341","1,315","1,256","1,245","1,243","1,214","1,207","1,190"
1110_Mantes-la-Jolie,11_ILE-DE-FRANCE,"4,461","4,426","4,414","4,473","4,508","4,273","4,053","3,869","3,673","3,736","3,542","3,495","3,373","3,220","3,307","3,118","3,239","3,288","3,270","3,154"
1111_Poissy,11_ILE-DE-FRANCE,"6,855","6,895","6,866","6,830","6,845","6,484","6,140","5,900","5,378","5,392","5,110","5,046","4,948","4,779","4,580","4,644","4,743","4,801","4,737","4,568"
1112_Rambouillet,11_ILE-DE-FRANCE,"2,632","2,607","2,611","2,583","2,614","2,492","2,419","2,318","2,126","2,072","2,020","1,961","1,931","2,005","1,895","1,906","1,970","1,919","1,893","1,805"
1113_Plaisir,11_ILE-DE-FRANCE,"1,543","1,578","1,588","1,543","1,532","1,476","1,405","1,368","1,295","1,270","1,217","1,155","1,102","1,047","1,010","1,005",994,984,902,917
1114_Étampes,11_ILE-DE-FRANCE,"1,896","1,867","1,902","1,906","1,919","1,890","1,834","1,751","1,645","1,652","1,620","1,648","1,640","1,601","1,522","1,556","1,598","1,573","1,568","1,489"
1115_Évry,11_ILE-DE-FRANCE,"8,601","8,442","8,463","8,429","8,475","8,120","7,820","7,560","7,008","6,918","6,584","6,218","5,990","5,666","5,536","5,512","5,398","5,442","5,231","5,220"
1116_Saclay,11_ILE-DE-FRANCE,"35,833","35,612","35,115","34,815","34,852","33,096","31,637","30,125","27,748","27,430","26,503","26,293","25,474","24,967","23,981","24,017","23,627","23,637","23,548","23,049"
1117_Créteil,11_ILE-DE-FRANCE,"15,751","15,768","15,619","15,544","15,616","14,702","14,145","13,440","12,228","12,182","11,757","11,829","11,616","11,103","10,363","10,423","10,432","10,264","10,090","9,783"
1118_Orly,11_ILE-DE-FRANCE,"13,049","12,755","12,633","12,597","12,576","11,667","11,022","10,407","9,820","10,088","9,431","9,000","8,329","7,908","7,586","7,740","7,743","7,936","8,066","7,978"
1119_Cergy,11_ILE-DE-FRANCE,"11,201","11,058","11,079","11,024","11,098","10,575","10,105","9,609","8,915","8,728","8,380","8,314","8,193","7,841","7,516","7,523","7,514","7,598","7,656","7,370"
2101_Charleville-Mézières,44_GRAND-EST,"7,591","7,532","7,562","7,696","7,751","7,500","7,334","7,325","6,951","7,020","7,044","6,896","6,806","6,774","6,643","6,674","6,798","6,942","7,136","7,001"
2102_Troyes,44_GRAND-EST,"13,569","13,719","13,781","13,791","13,849","13,617","13,397","13,261","12,865","12,714","12,734","12,766","12,743","12,749","12,799","12,908","13,068","13,227","13,123","13,091"
2103_Châlons-en-Champagne,44_GRAND-EST,"4,195","4,234","4,190","4,239","4,249","4,154","4,075","4,010","3,957","3,990","4,020","4,033","4,074","4,000","4,013","3,907","4,004","3,982","4,036","4,149"
2104_Épernay,44_GRAND-EST,"7,440","7,518","7,622","7,587","7,661","7,508","7,426","7,326","7,246","7,331","7,374","7,540","7,566","7,457","7,413","7,459","7,720","7,802","7,915","8,042"
2105_Reims,44_GRAND-EST,"14,547","14,442","14,436","14,442","14,480","14,165","13,803","13,359","12,924","13,017","12,996","12,961","12,937","12,661","12,586","12,409","12,646","12,692","12,921","12,654"
2106_Chaumont-Langres,44_GRAND-EST,"4,834","4,908","4,965","5,043","5,062","5,039","4,989","4,904","4,745","4,779","4,847","4,828","4,804","4,741","4,513","4,664","4,637","4,584","4,577","4,475"
2107_Vitry-le-François/Saint-Dizier,44_GRAND-EST,"4,099","4,119","4,200","4,300","4,408","4,354","4,288","4,170","4,053","4,057","4,048","3,983","3,988","4,001","3,918","3,882","3,928","3,973","4,035","4,185"
2201_Château-Thierry,32_HAUTS-DE-FRANCE,"2,734","2,714","2,713","2,761","2,822","2,775","2,681","2,681","2,577","2,530","2,559","2,537","2,555","2,524","2,533","2,574","2,586","2,627","2,736","2,689"
2202_Tergnier,32_HAUTS-DE-FRANCE,"1,417","1,425","1,463","1,445","1,458","1,455","1,391","1,379","1,322","1,313","1,285","1,306","1,314","1,266","1,286","1,281","1,309","1,313","1,366","1,369"
2203_Thiérache,32_HAUTS-DE-FRANCE,"2,223","2,236","2,243","2,273","2,293","2,320","2,325","2,337","2,315","2,357","2,393","2,444","2,477","2,456","2,474","2,504","2,521","2,551","2,595","2,579"
2204_Laon,32_HAUTS-DE-FRANCE,"3,189","3,272","3,300","3,360","3,420","3,358","3,327","3,291","3,105","3,138","3,116","3,123","3,114","3,118","3,145","3,138","3,122","3,156","3,200","3,230"
2205_St-Quentin,32_HAUTS-DE-FRANCE,"3,970","3,985","4,025","4,098","4,156","4,118","4,046","3,992","3,876","3,919","3,892","3,940","3,859","3,851","3,892","3,884","4,019","4,054","4,175","4,226"
2206_Soissons,32_HAUTS-DE-FRANCE,"2,744","2,795","2,795","2,838","2,909","2,896","2,831","2,792","2,674","2,657","2,639","2,625","2,557","2,528","2,519","2,562","2,592","2,695","2,736","2,815"
2207_Beauvais,32_HAUTS-DE-FRANCE,"8,073","8,079","8,118","8,091","8,118","7,829","7,758","7,494","6,989","7,124","6,985","6,962","6,879","6,807","6,796","6,861","6,794","6,897","6,909","6,982"
2208_Compiègne,32_HAUTS-DE-FRANCE,"6,379","6,247","6,346","6,411","6,456","6,168","5,978","5,853","5,456","5,579","5,528","5,539","5,476","5,493","5,444","5,322","5,331","5,359","5,409","5,546"
2209_Abbeville,32_HAUTS-DE-FRANCE,"2,934","2,950","2,960","2,949","2,969","2,944","2,878","2,743","2,691","2,639","2,648","2,670","2,692","2,664","2,664","2,629","2,631","2,655","2,669","2,730"
2210_Amiens,32_HAUTS-DE-FRANCE,"12,207","12,280","12,314","12,259","12,219","12,044","11,636","11,259","10,943","10,922","10,906","11,023","11,097","11,025","11,033","11,020","11,174","11,251","11,346","11,444"
2211_Péronne,32_HAUTS-DE-FRANCE,"1,997","2,015","2,052","2,103","2,173","2,119","2,074","1,992","1,975","2,003","2,011","2,044","2,028","2,039","2,069","2,096","2,164","2,247","2,317","2,426"
2301_Bernay,28_NORMANDIE,"2,623","2,659","2,693","2,668","2,707","2,667","2,589","2,514","2,447","2,421","2,437","2,462","2,462","2,499","2,466","2,469","2,508","2,602","2,576","2,587"
2302_Évreux,28_NORMANDIE,"7,855","7,845","7,832","7,906","8,048","7,845","7,682","7,379","7,050","7,127","7,155","7,128","7,037","7,008","6,998","6,979","7,188","7,258","7,303","7,129"
2303_Pont-Audemer,28_NORMANDIE,"2,078","2,049","2,048","2,136","2,121","2,081","2,068","1,982","1,911","1,902","1,911","1,889","1,938","1,875","1,879","1,857","1,834","1,851","1,832","1,856"
2304_Vernon - Gisors,28_NORMANDIE,"3,968","3,908","3,937","3,980","4,007","3,920","3,777","3,594","3,395","3,448","3,423","3,397","3,491","3,443","3,356","3,272","3,271","3,295","3,394","3,437"
2305_Dieppe - Caux maritime,28_NORMANDIE,"4,673","4,551","4,762","4,758","4,762","4,677","4,564","4,419","4,254","4,151","4,210","4,197","4,230","4,283","4,229","4,191","4,277","4,317","4,399","4,453"
2306_Le Havre,28_NORMANDIE,"10,622","10,568","10,654","10,635","10,703","10,461","10,107","9,678","9,249","9,124","9,163","9,108","9,017","8,975","8,842","8,855","8,952","8,960","9,218","9,179"
2307_Rouen,28_NORMANDIE,"26,773","26,836","26,757","26,812","26,889","26,295","25,727","24,648","23,308","22,738","22,871","22,602","22,413","22,110","21,740","21,869","22,006","22,624","22,935","22,952"
2401_Bourges,24_CENTRE-VAL-DE-LOIRE,"7,205","7,212","7,258","7,407","7,488","7,409","7,319","7,076","6,907","6,864","6,895","6,994","6,979","6,950","7,015","7,233","7,083","7,192","7,208","7,303"
2402_Saint-Amand-Montrond,24_CENTRE-VAL-DE-LOIRE,"1,941","1,967","2,017","2,064","2,108","2,089","2,070","2,027","2,037","2,060","2,068","2,151","2,156","2,124","2,128","2,179","2,211","2,273","2,364","2,287"
2403_Vierzon,24_CENTRE-VAL-DE-LOIRE,"1,462","1,494","1,506","1,565","1,618","1,593","1,578","1,554","1,480","1,476","1,504","1,527","1,502","1,426","1,394","1,475","1,603","1,582","1,491","1,466"
2404_Chartres,24_CENTRE-VAL-DE-LOIRE,"8,803","8,751","8,727","8,796","8,915","8,497","8,404","8,191","7,813","7,828","7,857","7,848","7,757","7,665","7,597","7,743","7,902","8,035","8,391","8,338"
2405_Châteaudun,24_CENTRE-VAL-DE-LOIRE,"1,274","1,400","1,383","1,406","1,437","1,399","1,407","1,403","1,385","1,392","1,394","1,428","1,419","1,419","1,375","1,425","1,476","1,533","1,567","1,534"
2406_Dreux,24_CENTRE-VAL-DE-LOIRE,"3,539","3,564","3,564","3,556","3,621","3,458","3,319","3,226","3,052","3,091","3,069","3,090","3,093","3,045","3,026","3,045","3,092","3,119","3,121","3,055"
2407_Le Blanc,24_CENTRE-VAL-DE-LOIRE,"1,300","1,299","1,318","1,375","1,402","1,363","1,351","1,352","1,340","1,334","1,374","1,409","1,407","1,394","1,372","1,388","1,416","1,424","1,463","1,513"
2408_Issoudun,24_CENTRE-VAL-DE-LOIRE,710,716,749,756,785,766,777,752,729,746,744,771,755,751,737,763,791,800,796,801
2409_Châteauroux,24_CENTRE-VAL-DE-LOIRE,"7,752","7,847","7,968","8,026","8,159","8,034","7,961","7,890","7,741","7,802","7,979","7,981","8,023","7,994","7,861","8,118","8,117","8,276","8,385","8,385"
2410_Chinon,24_CENTRE-VAL-DE-LOIRE,"1,709","1,688","1,682","1,699","1,746","1,716","1,690","1,669","1,636","1,611","1,669","1,631","1,623","1,632","1,592","1,641","1,636","1,654","1,671","1,654"
2411_Loches,24_CENTRE-VAL-DE-LOIRE,"1,311","1,337","1,353","1,344","1,356","1,358","1,343","1,333","1,303","1,311","1,348","1,383","1,396","1,351","1,317","1,349","1,370","1,356","1,358","1,363"
2412_Tours,24_CENTRE-VAL-DE-LOIRE,"21,418","21,197","21,069","20,958","21,092","20,297","19,707","19,062","17,985","17,815","18,135","18,209","17,761","17,536","17,018","17,080","17,203","17,473","17,598","17,600"
2413_Blois,24_CENTRE-VAL-DE-LOIRE,"7,055","7,151","7,135","7,191","7,212","7,069","6,862","6,568","6,443","6,328","6,408","6,447","6,483","6,456","6,234","6,422","6,297","6,229","6,498","6,501"
2414_Romorantin-Lanthenay,24_CENTRE-VAL-DE-LOIRE,"2,449","2,473","2,488","2,520","2,548","2,481","2,445","2,409","2,350","2,348","2,378","2,469","2,477","2,337","2,319","2,412","2,613","2,644","2,623","2,553"
2415_Vendôme,24_CENTRE-VAL-DE-LOIRE,"3,068","3,145","3,221","3,292","3,332","3,251","3,200","3,107","3,069","3,012","3,061","3,125","3,107","3,087","3,032","3,079","3,179","3,191","3,199","3,230"
2416_Gien,24_CENTRE-VAL-DE-LOIRE,"2,937","3,060","3,109","3,162","3,234","3,217","3,163","3,084","3,007","2,970","2,958","3,002","3,126","3,095","3,008","3,115","3,110","3,144","3,198","3,085"
2417_Montargis,24_CENTRE-VAL-DE-LOIRE,"4,649","4,745","4,797","4,841","4,954","4,827","4,739","4,612","4,500","4,372","4,368","4,406","4,400","4,355","4,264","4,300","4,324","4,472","4,448","4,453"
2418_Orléans,24_CENTRE-VAL-DE-LOIRE,"16,341","16,232","16,264","16,439","16,495","16,062","15,519","14,954","14,251","13,815","13,735","13,712","13,504","13,531","13,133","13,346","13,584","13,757","13,693","13,703"
2419_Pithiviers,24_CENTRE-VAL-DE-LOIRE,"1,932","1,921","1,985","2,014","1,992","1,963","1,941","1,898","1,831","1,827","1,817","1,859","1,875","1,957","1,927","1,943","1,986","1,964","1,993","2,010"
2501_Bayeux,28_NORMANDIE,"2,636","2,637","2,618","2,617","2,581","2,551","2,504","2,395","2,354","2,377","2,329","2,429","2,474","2,503","2,519","2,518","2,571","2,583","2,633","2,715"
2502_Caen,28_NORMANDIE,"19,466","19,189","19,121","19,197","19,098","18,541","17,991","17,296","16,320","16,109","15,930","15,857","15,744","15,764","15,593","15,427","15,651","15,817","15,881","15,736"
2503_Honfleur,28_NORMANDIE,"3,270","3,302","3,314","3,339","3,371","3,266","3,138","3,050","2,897","2,877","2,817","2,824","2,783","2,740","2,752","2,687","2,638","2,621","2,638","2,707"
2504_Lisieux,28_NORMANDIE,"3,352","3,408","3,479","3,444","3,488","3,440","3,335","3,274","3,170","3,102","3,085","3,148","3,164","3,131","3,133","3,128","3,193","3,184","3,286","3,321"
2505_Vire,28_NORMANDIE,"1,852","1,945","1,856","2,037","2,087","2,093","2,084","2,060","2,070","2,058","2,093","2,127","2,149","2,180","2,183","2,182","2,210","2,261","2,290","2,345"
2506_Avranches,28_NORMANDIE,"5,671","5,607","5,777","5,797","5,881","5,842","5,732","5,700","5,692","5,663","5,746","5,901","5,929","5,940","5,928","5,903","6,045","6,050","6,145","6,364"
2507_Cherbourg-Octeville,28_NORMANDIE,"7,545","6,917","7,669","7,801","7,933","7,868","7,689","7,652","7,424","7,310","7,384","7,419","7,408","7,451","7,479","7,534","7,642","7,893","8,020","8,266"
2508_Coutances,28_NORMANDIE,"3,309","3,261","3,297","3,263","3,323","3,306","3,241","3,209","3,129","3,078","3,161","3,173","3,184","3,220","3,179","3,197","3,230","3,291","3,269","3,352"
2509_Granville,28_NORMANDIE,"2,900","2,879","2,865","2,841","2,814","2,770","2,677","2,613","2,546","2,459","2,534","2,526","2,539","2,524","2,549","2,532","2,512","2,510","2,544","2,517"
2510_Saint-Lô,28_NORMANDIE,"4,386","5,280","4,111","4,130","4,168","4,096","4,001","3,959","3,872","3,877","3,982","4,080","4,095","4,076","4,085","4,064","4,122","4,244","4,369","4,554"
2511_Argentan,28_NORMANDIE,"1,990","2,066","2,087","2,060","2,105","2,091","2,088","2,048","2,009","1,999","2,020","2,064","2,082","2,055","2,095","2,108","2,120","2,156","2,189","2,312"
2512_Flers,28_NORMANDIE,"4,871","4,794","5,022","4,875","4,953","4,910","4,940","4,859","4,819","4,811","4,915","4,935","5,037","5,073","5,170","5,167","5,265","5,484","5,574","5,637"
2513_L' Aigle,28_NORMANDIE,"1,609","1,586","1,703","1,745","1,774","1,744","1,721","1,727","1,709","1,721","1,739","1,765","1,776","1,786","1,763","1,763","1,814","1,881","1,803","1,859"
2601_Beaune,27_BOURGOGNE-FRANCHE-COMTE,"3,221","3,228","3,230","3,251","3,297","3,217","3,165","3,115","2,972","3,019","3,049","3,028","3,039","3,020","3,036","2,998","3,077","3,113","3,064","3,100"
2602_Chatillon,27_BOURGOGNE-FRANCHE-COMTE,"1,126","1,118","1,113","1,124","1,146","1,134","1,148","1,130","1,102","1,095","1,093","1,125","1,117","1,112","1,134","1,122","1,151","1,182","1,147","1,175"
2603_Dijon,27_BOURGOGNE-FRANCHE-COMTE,"17,824","17,491","17,444","17,392","17,495","16,894","16,531","16,078","15,128","15,054","15,175","15,030","14,917","14,644","14,581","14,535","14,638","14,745","14,896","14,633"
2604_Montbard,27_BOURGOGNE-FRANCHE-COMTE,"1,623","1,663","1,663","1,687","1,700","1,665","1,614","1,592","1,531","1,536","1,546","1,521","1,487","1,515","1,508","1,498","1,500","1,548","1,526","1,515"
2605_Morvan,27_BOURGOGNE-FRANCHE-COMTE,"2,567","2,571","2,595","2,633","2,692","2,656","2,620","2,627","2,568","2,604","2,607","2,678","2,717","2,718","2,719","2,703","2,747","2,753","2,804","2,874"
2606_Nevers,27_BOURGOGNE-FRANCHE-COMTE,"4,125","4,129","4,143","4,190","4,292","4,244","4,228","4,205","4,101","4,080","4,114","4,139","4,163","4,165","4,165","4,146","4,176","4,316","4,278","4,257"
2607_Autun,27_BOURGOGNE-FRANCHE-COMTE,"1,748","1,773","1,803","1,819","1,859","1,842","1,823","1,812","1,792","1,754","1,765","1,805","1,808","1,783","1,813","1,814","1,813","1,835","1,837","1,884"
2608_Chalon-sur-Saône,27_BOURGOGNE-FRANCHE-COMTE,"8,259","8,275","8,292","8,328","8,461","8,280","8,110","7,878","7,700","7,604","7,675","7,680","7,550","7,541","7,450","7,470","7,590","7,614","7,931","7,995"
2609_Louhans,27_BOURGOGNE-FRANCHE-COMTE,"1,890","1,888","1,930","1,908","1,935","1,890","1,873","1,834","1,786","1,775","1,816","1,809","1,772","1,749","1,726","1,711","1,720","1,736","1,785","1,759"
2610_Le Creusot-Montceau,27_BOURGOGNE-FRANCHE-COMTE,"3,304","3,363","3,396","3,495","3,521","3,437","3,431","3,314","3,246","3,222","3,288","3,256","3,197","3,152","3,133","3,155","3,158","3,231","3,222","3,281"
2611_Charolais,27_BOURGOGNE-FRANCHE-COMTE,"4,759","4,765","4,837","4,922","4,999","4,927","4,921","4,857","4,725","4,715","4,736","4,735","4,775","4,829","4,829","4,861","4,890","4,809","4,843","4,869"
2612_Auxerre,27_BOURGOGNE-FRANCHE-COMTE,"9,126","9,137","9,267","9,409","9,469","9,328","9,246","9,159","8,841","8,776","8,982","9,064","9,034","8,900","8,952","8,816","9,037","9,144","9,285","9,213"
2613_Avallon,27_BOURGOGNE-FRANCHE-COMTE,"1,315","1,342","1,356","1,360","1,378","1,349","1,333","1,324","1,289","1,269","1,273","1,293","1,311","1,322","1,339","1,334","1,332","1,348","1,347","1,336"
2614_Sens,27_BOURGOGNE-FRANCHE-COMTE,"4,031","4,000","4,105","4,178","4,249","4,074","4,008","3,937","3,755","3,688","3,719","3,686","3,592","3,591","3,578","3,587","3,574","3,582","3,607","3,540"
3110_Roubaix-Tourcoing,32_HAUTS-DE-FRANCE,"12,252","12,174","12,210","12,142","12,450","11,974","11,143","10,640","10,044","10,239","9,832","9,790","9,730","9,447","9,278","9,254","9,403","9,660","9,746","9,416"
3111_Lille,32_HAUTS-DE-FRANCE,"28,064","27,563","26,973","26,539","26,288","25,074","23,638","22,611","21,189","21,124","20,161","19,985","19,621","19,160","18,582","18,664","18,616","19,212","19,335","19,014"
3112_Dunkerque,32_HAUTS-DE-FRANCE,"6,412","6,304","6,392","6,434","6,523","6,387","6,223","5,597","5,786","5,770","5,706","5,742","5,683","5,667","5,528","5,549","5,693","5,845","5,875","5,714"
3113_Flandre-Lys,32_HAUTS-DE-FRANCE,"4,529","4,551","4,525","4,517","4,500","4,437","4,205","4,106","3,930","3,945","3,871","3,913","3,840","3,795","3,711","3,721","3,745","3,759","3,833","3,775"
3114_Douai,32_HAUTS-DE-FRANCE,"6,054","6,063","6,126","6,112","6,148","5,955","5,695","5,506","5,244","5,293","5,285","5,167","5,128","5,257","5,175","5,022","4,918","5,120","5,331","5,067"
3115_Valenciennes,32_HAUTS-DE-FRANCE,"7,808","8,099","8,052","7,953","7,971","7,788","7,367","7,100","6,783","6,722","6,508","6,445","6,206","6,040","5,870","5,831","5,575","5,630","5,691","5,446"
3116_Cambrai,32_HAUTS-DE-FRANCE,"5,491","5,582","5,560","5,620","5,688","5,588","5,402","5,619","5,148","5,144","5,186","5,312","5,331","5,296","5,253","5,144","5,194","5,362","5,336","5,251"
3117_Maubeuge,32_HAUTS-DE-FRANCE,"6,146","6,163","6,214","6,220","6,349","6,260","6,001","5,913","5,754","5,762","5,715","5,614","5,601","5,557","5,340","5,291","5,429","5,579","5,735","5,907"
3121_Arras,32_HAUTS-DE-FRANCE,"8,571","8,599","8,578","8,593","8,687","8,462","8,166","8,025","7,832","7,799","7,717","7,783","7,886","7,760","7,674","7,732","7,782","7,823","8,113","8,056"
3122_Lens-Hénin,32_HAUTS-DE-FRANCE,"7,257","7,286","7,450","7,494","7,544","7,271","6,862","6,561","6,323","6,174","6,119","5,851","5,653","5,459","5,477","5,308","5,271","5,359","5,281","5,105"
3123_Béthune-Bruay,32_HAUTS-DE-FRANCE,"7,408","7,341","7,480","7,453","7,501","7,220","6,853","6,620","6,357","6,184","6,177","6,249","6,242","6,110","6,046","5,997","5,922","5,856","5,902","5,712"
3124_Saint-Omer,32_HAUTS-DE-FRANCE,"4,007","3,982","4,065","4,025","4,041","3,903","3,761","3,658","3,538","3,521","3,506","3,526","3,526","3,502","3,379","3,367","3,328","3,377","3,397","3,374"
3125_Calais,32_HAUTS-DE-FRANCE,"4,667","4,666","4,723","4,775","4,804","4,720","4,576","4,303","4,145","4,164","4,094","4,139","4,303","4,274","4,168","4,216","4,315","4,403","4,527","4,398"
3126_Boulogne-sur-mer,32_HAUTS-DE-FRANCE,"5,072","5,080","5,161","5,184","5,292","5,129","4,962","4,786","4,676","4,661","4,603","4,551","4,442","4,406","4,296","4,270","4,191","4,291","4,331","4,364"
3127_Berck-Montreuil,32_HAUTS-DE-FRANCE,"4,596","4,593","4,628","4,637","4,746","4,648","4,541","4,392","4,272","4,308","4,250","4,292","4,265","4,222","4,140","4,221","4,162","4,165","4,208","4,141"
4101_Longwy,44_GRAND-EST,"2,325","2,394","2,448","2,469","2,450","2,458","2,462","2,459","2,339","2,296","2,325","2,253","2,306","2,279","2,255","2,191","2,230","2,222","2,339","2,322"
4102_Lunéville,44_GRAND-EST,"1,128","1,150","1,174","1,165","1,144","1,110","1,089","1,042","1,019",990,"1,002",981,"1,008",977,959,990,982,990,"1,048",993
4103_Nancy,44_GRAND-EST,"18,126","17,961","17,918","17,751","17,636","16,992","16,674","16,177","15,179","14,898","14,864","14,410","14,237","14,101","13,829","13,792","14,066","14,135","14,451","14,510"
4104_Bar-le-Duc,44_GRAND-EST,"2,032","2,065","2,115","2,108","2,162","2,178","2,147","2,090","1,999","1,980","2,006","1,988","1,972","1,957","1,967","1,923","1,925","2,014","2,058","2,066"
4105_Commercy,44_GRAND-EST,"1,889","1,935","1,931","1,974","2,020","1,947","1,985","1,957","1,943","1,879","1,922","1,952","1,964","1,981","1,960","2,006","2,016","2,008","2,075","2,093"
4106_Verdun,44_GRAND-EST,"2,713","2,721","2,818","2,813","2,833","2,820","2,768","2,732","2,665","2,679","2,672","2,674","2,655","2,699","2,645","2,697","2,728","2,767","2,790","2,750"
4107_Metz,44_GRAND-EST,"15,061","15,019","15,220","15,284","15,480","15,141","14,500","14,050","13,133","13,347","13,062","13,070","12,867","12,559","12,464","12,475","12,303","12,451","12,560","12,597"
4108_Forbach,44_GRAND-EST,"5,205","5,259","5,323","5,429","5,480","5,468","5,391","5,184","4,827","4,918","4,824","4,597","4,496","4,412","4,339","4,355","4,372","4,365","4,468","4,536"
4109_Sarrebourg,44_GRAND-EST,"2,489","2,419","2,401","2,406","2,413","2,364","2,296","2,239","2,144","2,142","2,126","2,081","2,073","2,086","2,013","2,023","2,003","2,077","2,152","2,087"
4110_Sarreguemines,44_GRAND-EST,"2,935","2,955","3,009","3,071","3,126","3,052","2,987","2,914","2,663","2,670","2,632","2,563","2,508","2,446","2,423","2,405","2,434","2,435","2,507","2,518"
4111_Thionville,44_GRAND-EST,"5,126","5,121","5,211","5,259","5,330","5,236","4,957","4,791","4,501","4,520","4,511","4,494","4,452","4,422","4,320","4,362","4,389","4,421","4,466","4,530"
4112_Épinal,44_GRAND-EST,"6,453","6,469","6,520","6,497","6,400","6,362","6,142","6,030","5,849","5,840","5,827","5,768","5,662","5,494","5,495","5,475","5,438","5,466","5,586","5,726"
4113_Remiremont,44_GRAND-EST,"3,813","3,791","3,795","3,729","3,753","3,587","3,452","3,331","3,192","3,159","3,191","3,170","3,084","2,972","2,917","2,932","2,910","2,900","2,937","2,932"
4114_Saint-Dié-des-Vosges,44_GRAND-EST,"3,211","3,243","3,283","3,297","3,307","3,307","3,184","3,141","3,065","2,972","3,030","3,061","3,001","3,024","3,045","2,903","2,895","2,785","2,824","2,916"
4115_Neufchâteau,44_GRAND-EST,"2,456","2,488","2,516","2,527","2,523","2,521","2,475","2,465","2,451","2,426","2,400","2,426","2,354","2,390","2,337","2,340","2,310","2,320","2,361","2,358"
4201_Haguenau,44_GRAND-EST,"6,751","6,649","6,737","6,737","6,660","6,449","6,208","5,986","5,543","5,420","5,309","5,251","4,962","4,806","4,609","4,567","4,530","4,559","4,646","4,721"
4202_Molsheim-Obernai,44_GRAND-EST,"5,404","5,310","5,317","5,305","5,205","5,048","4,819","4,715","4,379","4,276","4,183","4,011","3,886","3,771","3,568","3,462","3,437","3,576","3,709","3,681"
4203_Saverne,44_GRAND-EST,"2,678","2,633","2,640","2,626","2,632","2,620","2,493","2,412","2,301","2,261","2,237","2,171","2,104","1,972","1,875","1,836","1,823","1,845","1,886","1,856"
4204_Sélestat,44_GRAND-EST,"3,086","3,057","3,067","3,032","3,109","3,029","2,943","2,849","2,644","2,601","2,605","2,533","2,485","2,368","2,279","2,217","2,190","2,169","2,183","2,180"
4205_Strasbourg,44_GRAND-EST,"22,654","22,212","21,908","21,720","21,565","20,745","19,492","18,883","17,336","17,446","16,974","16,545","16,191","15,641","15,237","14,978","14,797","14,930","15,387","15,297"
4206_Wissembourg,44_GRAND-EST,"1,381","1,360","1,358","1,376","1,421","1,397","1,324","1,304","1,233","1,193","1,165","1,171","1,132","1,095","1,088","1,038","1,029","1,057","1,060","1,049"
4207_Colmar,44_GRAND-EST,"8,069","8,165","8,007","7,989","7,971","7,850","7,434","7,175","6,671","6,757","6,695","6,594","6,451","6,316","6,004","5,890","5,888","5,822","6,016","6,049"
4208_Mulhouse,44_GRAND-EST,"12,950","12,749","12,981","13,037","13,028","12,672","12,111","11,628","10,783","10,760","10,547","10,167","9,988","9,754","9,593","9,476","9,388","9,331","9,533","9,290"
4209_Saint-Louis,44_GRAND-EST,"3,483","3,443","3,511","3,568","3,565","3,467","3,301","3,176","2,970","2,915","2,859","2,805","2,732","2,680","2,580","2,526","2,532","2,534","2,631","2,654"
4301_Besançon,27_BOURGOGNE-FRANCHE-COMTE,"12,809","12,703","12,659","12,578","12,494","12,252","11,939","11,672","10,956","10,832","10,705","10,646","10,451","10,306","10,204","10,151","10,281","10,317","10,471","10,484"
4302_Belfort-Montbéliard-Héricourt,27_BOURGOGNE-FRANCHE-COMTE,"10,815","10,835","11,030","11,145","11,205","10,886","10,440","10,321","9,816","9,645","9,623","9,506","9,443","9,315","9,028","9,139","9,129","9,175","9,340","9,300"
4303_Morteau,27_BOURGOGNE-FRANCHE-COMTE,"2,191","2,180","2,143","2,125","2,120","2,111","2,050","2,030","1,977","1,960","1,973","1,971","1,963","1,960","1,919","1,930","1,949","1,940","2,004","1,980"
4304_Pontarlier,27_BOURGOGNE-FRANCHE-COMTE,"3,223","3,219","3,162","3,121","3,127","3,127","3,083","3,035","2,912","2,895","2,893","2,898","2,840","2,813","2,811","2,890","2,860","2,923","2,987","2,945"
4305_Dole,27_BOURGOGNE-FRANCHE-COMTE,"2,630","2,618","2,664","2,664","2,686","2,584","2,526","2,488","2,377","2,357","2,366","2,367","2,344","2,317","2,328","2,283","2,316","2,411","2,389","2,352"
4306_Lons-le-Saunier,27_BOURGOGNE-FRANCHE-COMTE,"5,993","5,952","5,990","6,081","6,117","6,004","5,945","5,809","5,574","5,574","5,635","5,622","5,555","5,614","5,570","5,585","5,661","5,678","5,755","5,749"
4307_Saint-Claude,27_BOURGOGNE-FRANCHE-COMTE,"2,236","2,206","2,226","2,300","2,347","2,262","2,217","2,150","2,000","2,034","2,106","2,119","2,213","2,097","2,153","2,145","2,215","2,254","2,360","2,226"
4308_Gray,27_BOURGOGNE-FRANCHE-COMTE,"1,307","1,324","1,364","1,384","1,403","1,377","1,388","1,405","1,360","1,331","1,345","1,343","1,312","1,337","1,315","1,336","1,319","1,350","1,393","1,402"
4309_Vesoul,27_BOURGOGNE-FRANCHE-COMTE,"4,929","4,941","5,001","5,061","5,126","4,989","4,993","4,998","4,779","4,770","4,821","4,850","4,852","4,821","4,841","4,820","4,869","4,899","4,870","5,010"
5201_Ancenis,52_PAYS-DE-LA-LOIRE,"1,807","1,721","1,996","2,203","2,251","2,164","2,075","2,052","1,999","1,938","1,960","1,944","2,000","1,965","1,928","1,911","1,919","1,955","1,981","1,950"
5202_Châteaubriant,52_PAYS-DE-LA-LOIRE,"2,023","2,049","2,070","2,073","2,055","2,034","2,000","2,001","1,954","1,960","1,986","2,003","2,025","2,021","2,025","2,027","2,068","1,982","2,044","2,054"
5203_Nantes,52_PAYS-DE-LA-LOIRE,"47,879","46,932","45,716","45,143","43,922","42,613","39,881","39,115","37,241","36,297","36,098","35,523","34,844","33,990","33,055","32,446","32,404","32,591","33,120","33,263"
5204_Saint-Nazaire,52_PAYS-DE-LA-LOIRE,"13,428","13,368","13,306","13,240","13,124","12,812","12,117","12,023","11,689","11,599","11,665","11,459","11,190","10,884","10,690","10,936","10,503","11,031","10,957","11,084"
5205_Angers,52_PAYS-DE-LA-LOIRE,"20,278","19,775","19,584","19,665","19,544","19,112","18,387","17,806","17,109","16,817","16,841","16,807","16,679","16,478","16,141","16,081","16,277","16,653","16,944","16,995"
5206_Cholet,52_PAYS-DE-LA-LOIRE,"9,525","9,507","9,392","8,735","8,769","8,645","8,454","8,373","8,102","8,046","8,248","8,189","8,194","8,168","8,086","8,024","8,099","8,139","8,393","8,472"
5207_Saumur,52_PAYS-DE-LA-LOIRE,"4,556","4,581","4,656","4,687","4,741","4,686","4,540","4,492","4,424","4,453","4,479","4,540","4,602","4,519","4,552","4,476","4,542","4,578","4,737","4,728"
5208_Segré,52_PAYS-DE-LA-LOIRE,"2,643","3,008","3,036","3,079","3,134","3,071","3,049","3,061","3,038","3,023","3,070","3,061","3,092","3,114","3,117","3,175","3,212","3,195","3,208","3,269"
5209_Laval,52_PAYS-DE-LA-LOIRE,"11,192","11,369","11,452","11,531","11,612","11,434","11,131","11,078","10,937","10,951","11,052","11,199","11,290","11,281","11,334","11,374","11,540","11,689","11,878","12,040"
5210_Mayenne,52_PAYS-DE-LA-LOIRE,"3,110","3,199","3,228","3,265","3,303","3,314","3,284","3,288","3,258","3,251","3,323","3,450","3,487","3,481","3,542","3,579","3,623","3,653","3,763","3,796"
5211_La Ferté-Bernard,52_PAYS-DE-LA-LOIRE,"1,364","1,381","1,409","1,420","1,430","1,406","1,371","1,361","1,368","1,335","1,361","1,348","1,323","1,344","1,281","1,327","1,325","1,389","1,431","1,350"
5212_La Flèche,52_PAYS-DE-LA-LOIRE,"2,217","2,295","2,367","2,359","2,379","2,357","2,321","2,288","2,274","2,246","2,279","2,265","2,292","2,271","2,356","2,275","2,337","2,271","2,338","2,390"
5213_Le Mans,52_PAYS-DE-LA-LOIRE,"14,798","14,823","14,824","14,812","14,701","14,232","13,775","13,529","13,251","13,024","13,133","12,954","13,068","12,982","12,919","12,729","12,673","12,976","13,394","13,508"
5214_Sablé-sur-Sarthe,52_PAYS-DE-LA-LOIRE,"1,495","1,560","1,566","1,568","1,568","1,582","1,545","1,523","1,522","1,501","1,513","1,543","1,571","1,599","1,634","1,629","1,659","1,654","1,738","1,754"
5215_Challans,52_PAYS-DE-LA-LOIRE,"7,291","7,281","7,290","7,250","7,195","7,047","6,662","6,489","6,259","6,154","6,267","6,187","6,138","6,062","6,004","5,882","5,868","5,795","5,824","5,738"
5216_Fontenay-le-Comte,52_PAYS-DE-LA-LOIRE,"3,374","3,389","3,449","3,476","3,495","3,434","3,338","3,305","3,233","3,209","3,251","3,284","3,316","3,277","3,298","3,285","3,306","3,296","3,402","3,457"
5217_Les Herbiers,52_PAYS-DE-LA-LOIRE,"2,900","2,830","2,908","2,924","2,914","2,945","2,834","2,844","2,785","2,776","2,817","2,798","2,804","2,776","2,750","2,773","2,779","2,796","2,848","2,894"
5218_La Roche-sur-Yon,52_PAYS-DE-LA-LOIRE,"11,319","11,483","11,457","11,377","11,356","11,134","10,733","10,456","10,121","9,968","10,016","9,948","9,773","9,698","9,506","9,502","9,411","9,453","9,688","9,761"
5219_Les Sables-d'Olonne,52_PAYS-DE-LA-LOIRE,"3,731","3,640","3,651","3,625","3,602","3,456","3,242","3,162","3,067","3,034","3,111","3,068","3,068","2,967","2,873","2,756","2,781","2,797","2,781","2,729"
5301_Dinan,53_BRETAGNE,"4,891","4,891","4,829","4,782","4,784","4,606","4,479","4,363","4,189","4,150","4,283","4,271","4,341","4,185","4,064","3,971","3,996","4,042","4,075","4,073"
5302_Guingamp,53_BRETAGNE,"2,835","2,820","2,814","2,826","2,812","2,821","2,755","2,749","2,737","2,739","2,842","2,905","2,957","2,903","2,879","2,957","2,982","2,933","2,976","3,075"
5303_Lannion,53_BRETAGNE,"4,801","4,760","4,715","4,680","4,671","4,589","4,500","4,454","4,295","4,329","4,382","4,433","4,351","4,069","4,086","4,171","4,305","4,323","4,418","4,453"
5304_Loudéac,53_BRETAGNE,"2,049","2,118","2,206","2,376","2,416","2,385","2,394","2,435","2,435","2,482","2,533","2,620","2,655","2,660","2,676","2,724","2,739","2,754","2,853","2,924"
5305_Saint-Brieuc,53_BRETAGNE,"15,716","15,675","15,697","15,658","15,696","15,533","15,258","15,088","14,741","14,849","15,220","15,061","14,872","14,856","14,768","14,852","14,949","15,279","15,747","15,976"
5306_Brest,53_BRETAGNE,"17,928","17,923","17,950","17,892","17,947","17,600","17,309","16,872","16,197","15,845","15,928","15,700","15,711","15,563","15,405","15,590","15,534","15,698","16,268","16,548"
5307_Carhaix-Plouguer,53_BRETAGNE,"2,985","3,026","3,067","3,107","3,171","3,129","3,091","3,117","3,082","3,104","3,122","3,137","3,245","3,190","3,207","3,279","3,307","3,315","3,447","3,543"
5308_Morlaix,53_BRETAGNE,"4,223","4,183","4,188","4,160","4,174","4,134","4,084","3,965","3,946","3,932","3,956","4,027","4,091","4,066","4,033","4,062","4,119","4,351","4,481","4,576"
5309_Quimper,53_BRETAGNE,"15,594","15,379","15,379","15,354","15,548","15,181","15,002","14,634","14,343","14,218","14,368","14,400","14,432","14,245","14,154","14,171","14,199","14,398","14,793","14,885"
5310_Fougères,53_BRETAGNE,"3,372","3,451","3,500","3,483","3,534","3,549","3,506","3,497","3,417","3,473","3,535","3,613","3,718","3,739","3,793","3,769","3,815","3,816","3,900","3,970"
5311_Redon,53_BRETAGNE,"2,028","2,063","2,069","2,088","2,115","2,047","2,004","1,954","1,864","1,846","1,894","1,968","1,933","1,894","1,888","1,915","2,009","2,104","2,082","2,053"
5312_Rennes,53_BRETAGNE,"35,920","35,425","35,040","34,700","34,506","33,899","32,837","31,741","29,952","29,544","29,654","29,239","29,158","29,011","28,472","28,532","28,576","28,942","29,229","29,507"
5313_Saint-Malo,53_BRETAGNE,"5,517","5,498","5,489","5,451","5,413","5,290","5,158","5,017","4,810","4,794","4,840","4,778","4,761","4,685","4,581","4,535","4,558","4,588","4,657","4,736"
5314_Vitré,53_BRETAGNE,"2,610","2,637","2,643","2,669","2,681","2,665","2,621","2,608","2,514","2,456","2,482","2,505","2,528","2,515","2,560","2,591","2,690","2,722","2,748","2,735"
5315_Lorient,53_BRETAGNE,"13,464","13,388","13,330","13,264","13,228","12,993","12,583","12,247","11,932","11,692","11,945","11,924","11,849","11,653","11,478","11,289","11,431","11,442","11,691","11,848"
5316_Ploermel,53_BRETAGNE,"2,173","2,114","2,189","2,213","2,179","2,150","2,114","2,058","2,050","2,017","2,083","2,082","2,142","2,092","2,098","2,138","2,153","2,189","2,254","2,300"
5317_Pontivy,53_BRETAGNE,"3,182","3,230","3,315","3,302","3,317","3,299","3,292","3,260","3,296","3,256","3,279","3,351","3,354","3,308","3,408","3,463","3,476","3,444","3,529","3,578"
5318_Vannes,53_BRETAGNE,"19,473","19,265","19,318","19,110","18,961","18,284","17,732","16,971","16,414","15,989","16,124","16,019","15,723","15,471","15,011","14,956","14,732","14,864","15,221","15,052"
5401_Thouars-Loudun,75_NOUVELLE-AQUITAINE,"3,187","3,245","3,260","3,321","3,388","3,336","3,315","3,303","3,252","3,224","3,298","3,306","3,344","3,359","3,410","3,525","3,536","3,530","3,608","3,603"
5402_Châtellerault,75_NOUVELLE-AQUITAINE,"2,962","2,990","3,044","3,091","3,115","3,068","2,957","2,905","2,851","2,788","2,862","2,831","2,840","2,921","2,847","2,954","3,022","3,044","3,133","3,161"
5403_Angoulême,75_NOUVELLE-AQUITAINE,"13,533","13,658","13,739","13,803","13,910","13,683","13,199","12,953","12,604","12,553","12,750","12,894","12,970","13,138","13,019","13,423","13,628","13,967","14,105","14,092"
5404_Jonzac-Barbezieux-Saint Hilaire,75_NOUVELLE-AQUITAINE,"4,009","4,116","4,125","4,144","4,222","4,122","4,055","4,021","3,924","3,904","3,965","4,026","4,135","4,190","4,192","4,198","4,252","4,269","4,340","4,394"
5405_Cognac,75_NOUVELLE-AQUITAINE,"4,415","4,455","4,503","4,542","4,546","4,503","4,405","4,397","4,267","4,264","4,388","4,476","4,571","4,602","4,608","4,759","4,763","4,832","4,968","5,117"
5406_Saintes-Saint Jean d'Angely,75_NOUVELLE-AQUITAINE,"6,446","6,404","6,423","6,457","6,472","6,325","6,137","5,966","5,823","5,704","5,797","5,794","5,841","5,892","5,868","6,047","6,083","6,118","6,275","6,273"
5407_Royan,75_NOUVELLE-AQUITAINE,"5,759","5,630","5,635","5,636","5,726","5,465","5,263","5,144","4,971","4,892","5,001","4,976","4,868","4,724","4,668","4,812","4,713","4,775","4,813","4,691"
5408_Rochefort,75_NOUVELLE-AQUITAINE,"5,649","5,619","5,572","5,573","5,570","5,362","5,145","4,937","4,795","4,695","4,782","4,700","4,666","4,723","4,677","4,851","4,805","4,792","4,845","4,816"
5409_La Rochelle,75_NOUVELLE-AQUITAINE,"12,998","12,719","12,577","12,434","12,256","11,904","11,220","10,755","10,162","9,956","10,041","9,961","9,818","9,630","9,506","9,612","9,730","9,527","9,574","9,603"
5410_Niort,75_NOUVELLE-AQUITAINE,"9,737","9,714","9,652","9,686","9,756","9,555","9,392","9,150","8,857","8,667","8,799","8,874","9,022","9,128","9,086","9,277","9,362","9,416","9,613","9,669"
5411_Parthenay,75_NOUVELLE-AQUITAINE,"1,648","1,664","1,646","1,679","1,692","1,646","1,612","1,607","1,592","1,581","1,646","1,675","1,724","1,751","1,756","1,845","1,863","1,884","1,943","1,937"
5412_Bressuire,75_NOUVELLE-AQUITAINE,"3,893","3,897","3,983","3,998","4,045","4,048","3,998","3,928","3,859","3,786","3,891","3,991","3,974","4,111","4,056","4,182","4,456","4,539","4,674","4,730"
5413_Poitiers,75_NOUVELLE-AQUITAINE,"14,351","14,318","14,293","14,321","14,256","13,815","13,478","12,930","12,620","12,399","12,638","12,597","12,782","12,800","12,829","13,248","13,409","13,419","13,642","13,724"
7201_Bergerac,75_NOUVELLE-AQUITAINE,"6,931","6,875","6,744","6,783","6,802","6,650","6,519","6,427","6,243","6,172","6,364","6,361","6,390","6,504","6,535","6,493","6,601","6,618","6,834","6,927"
7202_Périgueux,75_NOUVELLE-AQUITAINE,"13,180","13,132","12,872","12,827","12,936","12,729","12,511","12,275","11,944","11,740","12,105","12,099","12,163","12,397","12,199","12,252","12,300","12,533","12,915","13,072"
7203_Sarlat-la-Canéda,75_NOUVELLE-AQUITAINE,"4,142","4,169","4,135","4,146","4,135","4,110","4,040","3,956","3,884","3,787","3,875","3,825","3,858","3,902","3,838","3,848","3,861","3,923","4,036","4,079"
7204_Bordeaux,75_NOUVELLE-AQUITAINE,"66,173","64,081","62,029","60,504","59,855","56,575","53,406","51,035","48,172","46,931","46,600","45,980","45,190","44,298","43,496","43,226","42,920","43,350","44,450","44,160"
7205_Libourne,75_NOUVELLE-AQUITAINE,"6,387","6,435","6,401","6,435","6,467","6,286","6,115","5,962","5,792","5,710","5,782","5,887","5,966","6,070","6,087","6,023","6,202","6,233","6,404","6,369"
7206_Pauillac,75_NOUVELLE-AQUITAINE,"2,999","2,955","2,947","2,960","2,908","2,843","2,676","2,538","2,425","2,348","2,346","2,329","2,293","2,353","2,315","2,337","2,338","2,362","2,387","2,384"
7207_La Teste-de-Buch,75_NOUVELLE-AQUITAINE,"8,315","8,039","7,930","7,801","7,669","7,212","6,850","6,582","6,117","5,760","5,752","5,562","5,474","5,624","5,477","5,488","5,286","5,202","5,098","5,107"
7208_Dax,75_NOUVELLE-AQUITAINE,"10,724","10,538","10,450","10,276","10,119","9,831","9,453","9,037","8,515","8,274","8,482","8,512","8,515","8,281","8,253","8,036","7,961","8,062","8,292","8,341"
7209_Agen,75_NOUVELLE-AQUITAINE,"7,524","7,587","7,600","7,726","7,807","7,664","7,560","7,361","7,102","7,065","7,161","7,213","7,239","7,339","7,275","7,312","7,391","7,487","7,690","7,693"
7210_Marmande,75_NOUVELLE-AQUITAINE,"4,794","4,863","4,911","4,995","5,064","5,045","4,979","4,897","4,820","4,804","4,880","4,987","5,010","5,105","5,070","5,126","5,138","5,177","5,289","5,372"
7211_Villeneuve-sur-Lot,75_NOUVELLE-AQUITAINE,"5,919","5,978","5,993","6,100","6,210","6,201","6,142","6,028","5,862","5,877","6,005","6,064","6,142","6,210","6,124","6,146","6,241","6,224","6,337","6,392"
7212_Bayonne,75_NOUVELLE-AQUITAINE,"22,629","22,024","21,882","21,643","21,397","20,850","19,795","18,892","17,883","17,543","17,265","17,117","16,998","17,149","16,704","16,549","16,570","16,606","17,197","17,246"
7213_Oloron-Sainte-Marie,75_NOUVELLE-AQUITAINE,"3,099","3,111","3,111","3,137","3,167","3,155","3,120","3,065","2,996","2,975","2,980","3,035","3,140","3,216","3,070","3,139","3,172","3,241","3,345","3,438"
7214_Pau,75_NOUVELLE-AQUITAINE,"17,972","17,925","18,048","17,957","18,027","17,860","17,411","16,839","16,375","16,284","16,203","16,343","16,409","16,494","16,323","16,384","16,505","16,726","17,484","17,745"
7301_Foix-Pamiers,76_OCCITANIE,"5,962","5,993","5,967","6,004","6,063","5,933","5,706","5,590","5,351","5,373","5,318","5,294","5,334","5,311","5,285","5,293","5,246","5,340","5,465","5,483"
7302_Saint-Girons,76_OCCITANIE,"2,253","2,265","2,276","2,286","2,278","2,214","2,126","2,084","2,032","2,001","2,060","2,106","2,128","2,113","2,124","2,178","2,147","2,159","2,218","2,252"
7303_Millau,76_OCCITANIE,"4,561","4,567","4,566","4,540","4,604","4,579","4,420","4,418","4,284","4,298","4,445","4,428","4,500","4,520","4,521","4,602","4,593","4,624","4,748","4,902"
7304_Rodez,76_OCCITANIE,"13,754","13,907","13,814","13,953","14,147","13,910","13,642","13,657","13,604","13,809","14,131","14,319","14,476","14,642","14,804","14,988","15,132","15,330","15,815","15,952"
7305_Villefranche-de-Rouergue,76_OCCITANIE,"3,067","3,107","3,096","3,129","3,149","3,093","3,018","3,044","3,011","3,043","3,128","3,166","3,178","3,223","3,257","3,267","3,318","3,357","3,509","3,512"
7306_Saint-Gaudens,76_OCCITANIE,"3,410","3,423","3,454","3,451","3,493","3,415","3,307","3,289","3,214","3,238","3,307","3,318","3,286","3,333","3,396","3,381","3,402","3,443","3,542","3,464"
7307_Auch,76_OCCITANIE,"8,457","8,564","8,650","8,769","8,973","8,772","8,574","8,529","8,350","8,459","8,566","8,727","8,842","8,997","9,091","9,210","9,261","9,369","9,725","9,778"
7308_Cahors,76_OCCITANIE,"6,498","6,402","6,380","6,356","6,339","6,166","6,011","5,952","5,814","5,779","5,896","6,020","6,141","6,201","6,327","6,380","6,419","6,484","6,664","6,734"
7309_Figeac,76_OCCITANIE,"2,529","2,578","2,529","2,583","2,650","2,639","2,562","2,616","2,576","2,567","2,603","2,605","2,575","2,625","2,616","2,635","2,615","2,675","2,728","2,751"
7310_Tarbes-Lourdes,76_OCCITANIE,"13,602","13,588","13,505","13,601","13,740","13,421","12,947","13,027","12,621","12,642","12,784","12,763","12,862","12,720","12,755","13,028","12,945","12,902","13,603","13,501"
7311_Albi,76_OCCITANIE,"9,733","9,780","9,755","9,748","9,715","9,500","8,967","8,942","8,777","8,640","8,742","8,792","8,887","8,941","8,972","8,912","8,876","8,912","9,152","9,259"
7312_Castres-Mazamet,76_OCCITANIE,"6,504","6,499","6,578","6,599","6,644","6,550","6,275","6,218","6,158","6,168","6,211","6,248","6,281","6,307","6,327","6,481","6,576","6,716","6,752","6,979"
7313_Montauban,76_OCCITANIE,"12,618","12,788","12,994","13,035","13,114","12,656","11,985","11,894","11,505","11,588","11,810","11,695","11,739","11,765","11,719","11,742","11,760","11,968","12,172","12,153"
7401_Tulle,75_NOUVELLE-AQUITAINE,"3,825","3,822","3,818","3,881","3,958","3,952","3,883","3,891","3,855","3,903","3,999","4,087","4,150","4,240","4,299","4,354","4,369","4,479","4,575","4,522"
7402_Ussel,75_NOUVELLE-AQUITAINE,"1,752","1,781","1,771","1,756","1,815","1,820","1,872","1,881","1,831","1,822","1,876","1,908","1,963","1,962","1,988","1,998","2,079","2,084","2,160","2,223"
7403_Guéret,75_NOUVELLE-AQUITAINE,"8,205","8,362","8,252","8,343","8,469","8,463","8,353","8,222","8,353","8,450","8,073","8,193","8,303","8,188","8,113","8,319","8,518","8,584","8,588","8,758"
7404_Limoges,75_NOUVELLE-AQUITAINE,"16,310","16,225","16,188","16,206","16,265","15,953","15,451","15,321","15,083","14,974","15,251","15,217","15,135","15,027","15,038","15,088","15,256","15,452","15,561","15,705"
8201_Ambérieu-en-Bugey,84_AUVERGNE-RHONE-ALPES,"4,054","3,974","3,900","3,939","3,844","3,755","3,683","3,486","3,334","3,211","3,221","3,163","3,039","2,959","2,959","2,808","2,804","2,710","2,743","2,654"
8202_Bourg-en-Bresse,84_AUVERGNE-RHONE-ALPES,"5,683","5,631","5,557","5,526","5,456","5,336","5,298","5,102","4,885","4,803","4,882","4,801","4,868","4,730","4,690","4,653","4,679","4,694","4,749","4,732"
8203_Oyonnax,84_AUVERGNE-RHONE-ALPES,"2,230","2,235","2,228","2,250","2,273","2,237","2,195","2,121","2,012","1,986","1,981","1,987","2,067","1,994","1,961","1,959","1,962","2,075","2,077","1,998"
8204_Annonay,84_AUVERGNE-RHONE-ALPES,"2,135","2,147","2,123","2,093","2,077","2,013","1,991","1,923","1,841","1,836","1,862","1,835","1,839","1,828","1,800","1,800","1,867","1,944","1,964","1,908"
8205_Aubenas,84_AUVERGNE-RHONE-ALPES,"6,871","6,796","6,562","6,573","6,566","6,321","6,094","5,833","5,562","5,496","5,572","5,484","5,466","5,467","5,289","5,253","5,190","5,114","5,262","5,280"
8206_Montélimar,84_AUVERGNE-RHONE-ALPES,"10,726","10,731","10,593","10,582","10,593","10,319","9,963","9,580","9,190","9,027","9,078","9,028","8,860","8,770","8,567","8,509","8,542","8,506","8,803","8,877"
8207_Romans-sur-Isère,84_AUVERGNE-RHONE-ALPES,"4,154","4,105","4,077","4,076","4,001","3,900","3,803","3,653","3,493","3,464","3,454","3,401","3,450","3,425","3,417","3,382","3,333","3,299","3,391","3,301"
8208_Valence,84_AUVERGNE-RHONE-ALPES,"18,675","18,527","18,206","18,104","18,004","17,482","16,734","16,109","15,373","15,128","15,141","15,036","14,853","14,747","14,486","14,455","14,287","14,254","14,654","14,719"
8209_Bourgoin-Jallieu,84_AUVERGNE-RHONE-ALPES,"8,974","8,675","8,752","8,709","8,786","8,398","7,972","7,632","7,113","6,969","7,004","6,958","6,877","6,600","6,369","6,241","6,147","6,004","6,027","5,955"
8210_Grenoble,84_AUVERGNE-RHONE-ALPES,"38,231","38,183","37,801","37,609","37,577","36,100","34,260","33,084","30,898","30,860","31,140","30,362","29,930","29,207","28,472","28,071","27,518","27,799","28,371","28,015"
8211_Vienne-Roussillon,84_AUVERGNE-RHONE-ALPES,"10,279","10,232","10,317","10,236","10,316","9,877","9,500","9,144","8,671","8,662","8,878","8,737","8,706","8,547","8,484","8,507","8,367","8,408","8,548","8,394"
8212_Roanne,84_AUVERGNE-RHONE-ALPES,"6,611","6,639","6,716","6,767","6,790","6,650","6,512","6,270","6,162","6,027","6,174","6,175","6,230","5,975","5,941","5,942","5,976","6,067","6,212","6,342"
8213_Villefranche-sur-Saône,84_AUVERGNE-RHONE-ALPES,"13,589","13,599","13,443","13,377","13,406","12,838","12,393","11,970","11,489","11,206","11,351","11,324","11,189","11,112","10,938","10,899","10,893","10,945","11,731","11,632"
8214_Lyon,84_AUVERGNE-RHONE-ALPES,"82,311","80,147","79,505","78,663","78,569","71,828","67,932","64,740","61,690","60,008","60,046","58,473","57,303","55,890","54,265","53,882","53,370","53,593","54,468","53,438"
8215_Tarentaise,84_AUVERGNE-RHONE-ALPES,"11,310","11,217","11,393","11,283","11,280","10,890","10,383","10,139","9,691","9,977","9,874","9,729","9,498","9,321","9,075","8,504","8,484","8,400","8,684","8,677"
8216_Chambéry,84_AUVERGNE-RHONE-ALPES,"14,528","14,357","13,979","13,939","13,977","13,331","12,702","12,162","11,475","11,441","11,447","11,215","10,993","10,693","10,459","10,121","9,955","9,914","10,049","9,947"
8217_Maurienne,84_AUVERGNE-RHONE-ALPES,"2,837","3,132","3,101","3,088","3,102","3,024","2,919","2,829","2,648","2,717","2,687","2,839","2,782","2,780","2,642","2,537","2,510","2,347","2,404","2,418"
8218_Annecy,84_AUVERGNE-RHONE-ALPES,"17,074","16,744","16,694","16,473","16,389","15,810","15,139","14,373","13,655","13,366","13,443","13,146","12,957","13,081","12,699","12,450","12,324","12,421","12,527","12,456"
8219_Genevois Français,84_AUVERGNE-RHONE-ALPES,"14,773","14,654","14,702","14,639","14,585","14,116","13,398","12,787","12,072","11,802","11,912","12,013","11,823","11,646","11,517","11,266","11,213","11,326","11,617","11,473"
8220_Vallée de l'Arve,84_AUVERGNE-RHONE-ALPES,"3,086","3,153","3,099","3,102","3,085","3,034","2,895","2,803","2,701","2,710","2,731","2,696","2,697","2,627","2,545","2,440","2,432","2,529","2,453","2,419"
8221_Mont Blanc,84_AUVERGNE-RHONE-ALPES,"6,856","6,798","6,660","6,618","6,618","6,364","6,140","5,867","5,723","5,744","5,737","5,723","5,621","5,432","5,409","5,179","5,104","5,294","5,231","5,132"
8222_Chablais,84_AUVERGNE-RHONE-ALPES,"5,987","6,039","6,043","5,950","5,920","5,703","5,462","5,220","5,065","5,112","5,050","5,047","4,998","4,861","4,737","4,543","4,398","4,323","4,487","4,443"
8301_Montluçon,84_AUVERGNE-RHONE-ALPES,"4,807","4,832","4,872","4,873","4,910","4,824","4,716","4,724","4,647","4,634","4,772","4,815","4,782","4,810","4,870","4,917","4,867","4,973","5,054","5,102"
8302_Moulins,84_AUVERGNE-RHONE-ALPES,"5,081","5,104","5,138","5,216","5,286","5,147","5,014","5,014","4,974","4,985","5,132","5,154","5,212","5,247","5,312","5,353","5,419","5,342","5,400","5,412"
8303_Vichy,84_AUVERGNE-RHONE-ALPES,"6,302","6,371","6,365","6,458","6,559","6,419","6,194","6,229","6,088","6,011","6,164","6,206","6,217","6,268","6,167","6,166","6,328","6,539","6,632","6,643"
8304_Aurillac,84_AUVERGNE-RHONE-ALPES,"5,247","5,280","5,270","5,289","5,392","5,374","5,230","5,185","5,189","5,236","5,351","5,360","5,410","5,486","5,460","5,518","5,569","5,657","5,668","5,747"
8305_Mauriac,84_AUVERGNE-RHONE-ALPES,"2,676","2,685","2,684","2,703","2,760","2,762","2,759","2,776","2,803","2,839","2,889","2,922","2,925","2,972","2,949","3,000","3,132","3,191","3,222","3,190"
8306_Saint-Flour,84_AUVERGNE-RHONE-ALPES,"3,722","3,809","3,805","3,803","3,874","3,888","3,876","3,918","3,925","3,994","4,072","4,134","4,232","4,224","4,167","4,235","4,314","4,332","4,446","4,488"
8307_Brioude,84_AUVERGNE-RHONE-ALPES,"2,969","3,030","3,066","3,082","3,124","3,140","3,122","3,145","3,157","3,147","3,178","3,247","3,325","3,300","3,304","3,324","3,375","3,384","3,447","3,507"
8308_Le Puy-en-Velay,84_AUVERGNE-RHONE-ALPES,"5,530","5,559","5,576","5,617","5,638","5,542","5,320","5,363","5,244","5,240","5,339","5,386","5,410","5,535","5,462","5,570","5,584","5,767","5,636","5,731"
8309_Ambert,84_AUVERGNE-RHONE-ALPES,"1,161","1,181","1,194","1,201","1,200","1,201","1,191","1,187","1,153","1,151","1,167","1,190","1,182","1,162","1,157","1,167","1,183","1,185","1,209","1,252"
8310_Clermont-Ferrand,84_AUVERGNE-RHONE-ALPES,"24,113","23,868","23,640","23,587","23,580","22,932","22,006","21,711","20,941","20,670","21,149","21,190","21,114","20,790","20,772","20,918","21,238","21,379","21,434","21,463"
8311_Issoire,84_AUVERGNE-RHONE-ALPES,"2,679","2,660","2,624","2,699","2,687","2,629","2,514","2,514","2,471","2,413","2,452","2,427","2,508","2,481","2,522","2,503","2,519","2,408","2,392","2,417"
8312_Thiers,84_AUVERGNE-RHONE-ALPES,"2,211","2,198","2,206","2,218","2,225","2,191","2,110","2,108","2,047","2,014","2,064","2,040","2,006","1,954","2,036","2,155","2,179","2,194","2,239","2,277"
9101_Carcassonne,76_OCCITANIE,"6,432","6,465","6,224","6,263","6,342","6,203","6,046","5,907","5,781","5,728","5,720","5,731","5,688","5,658","5,517","5,535","5,592","5,610","5,793","5,740"
9102_Limoux,76_OCCITANIE,"2,844","2,813","2,995","3,049","3,050","3,016","2,983","2,859","2,743","2,657","2,570","2,639","2,665","2,697","2,687","2,725","2,728","2,731","2,792","2,870"
9103_Narbonne,76_OCCITANIE,"9,350","9,282","9,315","9,287","9,425","9,122","8,863","8,494","8,211","8,247","8,196","8,175","8,079","8,058","7,743","7,648","7,635","7,540","7,635","7,582"
9104_Alès,76_OCCITANIE,"7,307","7,280","7,199","7,103","7,124","6,970","6,723","6,510","6,170","6,096","6,240","6,293","6,253","6,222","5,897","5,939","5,716","5,672","5,846","5,853"
9105_Bagnols-sur-Cèze,76_OCCITANIE,"3,282","3,279","3,266","3,258","3,256","3,205","3,118","3,033","2,933","2,925","2,948","2,916","2,914","2,922","2,827","2,856","2,851","2,959","3,014","2,991"
9106_Nîmes,76_OCCITANIE,"18,099","18,028","17,924","17,823","17,670","17,072","16,690","16,041","15,139","15,153","15,154","14,895","14,894","14,825","14,214","13,948","13,659","13,685","13,883","13,774"
9107_Agde-Pézenas,76_OCCITANIE,"5,617","5,667","5,672","5,616","5,625","5,390","5,194","4,972","4,732","4,737","4,694","4,525","4,469","4,503","4,297","4,084","4,055","3,946","4,016","3,954"
9108_Béziers,76_OCCITANIE,"12,620","12,617","12,699","12,575","12,739","12,450","11,994","11,696","11,079","11,127","11,155","11,065","10,987","11,111","10,694","10,509","10,431","10,416","10,670","10,816"
9109_Clermont-l'Hérault-Lodève,76_OCCITANIE,"3,445","3,456","3,469","3,379","3,380","3,196","3,073","2,981","2,785","2,694","2,690","2,652","2,559","2,626","2,535","2,527","2,506","2,455","2,507","2,519"
9110_Ganges,76_OCCITANIE,"3,235","3,262","3,261","3,198","3,241","3,096","2,998","2,897","2,757","2,678","2,768","2,832","2,801","2,824","2,769","3,174","3,048","3,026","3,062","3,029"
9111_Montpellier,76_OCCITANIE,"37,818","37,055","36,587","36,126","35,900","34,371","32,420","30,645","28,209","28,020","27,673","26,954","26,109","25,644","24,495","23,756","22,873","22,804","23,446","23,054"
9112_Sète,76_OCCITANIE,"5,014","5,056","5,103","5,053","5,061","5,000","4,755","4,530","4,290","4,285","4,272","4,152","4,259","3,966","3,711","3,674","3,648","3,715","3,825","3,800"
9113_Lozère,76_OCCITANIE,"6,157","6,237","6,215","6,239","6,291","6,236","6,158","6,107","6,014","5,996","6,081","6,003","6,016","6,083","6,038","6,105","6,133","6,179","6,255","7,476"
9114_Céret,76_OCCITANIE,"4,301","4,310","4,364","4,391","4,424","4,237","4,081","3,991","3,835","3,712","3,666","3,658","3,782","3,759","3,621","3,547","3,459","3,463","3,638","3,639"
9115_Perpignan,76_OCCITANIE,"16,851","16,871","17,126","17,051","17,174","16,653","16,036","15,655","14,663","14,510","14,396","14,091","14,187","14,009","13,328","13,141","12,818","12,636","12,724","12,862"
9116_Prades,76_OCCITANIE,"2,745","2,771","2,832","2,818","2,821","2,767","2,687","2,624","2,552","2,492","2,492","2,503","2,597","2,626","2,533","2,513","2,411","2,415","2,484","2,634"
9301_Digne-les-Bains,93_PROVENCE-ALPES-COTE D'AZUR,"4,437","4,431","4,440","4,461","4,469","4,421","4,281","4,193","4,020","3,978","4,002","4,040","3,991","4,032","4,000","3,945","3,836","3,888","4,067","4,084"
9302_Manosque,93_PROVENCE-ALPES-COTE D'AZUR,"5,372","5,333","5,259","5,239","5,181","5,089","4,902","4,718","4,589","4,480","4,521","4,400","4,358","4,305","4,290","4,250","4,071","4,142","4,226","4,120"
9303_Briançon,93_PROVENCE-ALPES-COTE D'AZUR,"3,615","3,677","3,687","3,678","3,693","3,606","3,507","3,392","3,255","3,300","3,283","3,230","3,255","3,308","3,218","3,228","3,201","3,228","3,252","3,075"
9304_Gap,93_PROVENCE-ALPES-COTE D'AZUR,"8,110","8,059","7,937","7,938","7,914","7,753","7,531","7,266","6,999","7,000","6,947","6,881","6,806","6,834","6,556","6,604","6,451","6,616","6,798","6,715"
9305_Cannes-Antibes,93_PROVENCE-ALPES-COTE D'AZUR,"27,143","27,065","26,954","26,958","27,252","26,143","25,251","23,924","22,731","22,500","21,825","21,069","20,293","19,805","19,596","19,430","18,967","18,611","18,635","18,039"
9306_Menton Vallée de la Roya,93_PROVENCE-ALPES-COTE D'AZUR,"4,145","4,131","4,126","4,116","4,134","3,922","3,771","3,590","3,470","3,486","3,388","3,301","3,253","3,233","3,212","3,216","3,205","3,144","3,291","3,156"
9307_Nice,93_PROVENCE-ALPES-COTE D'AZUR,"37,279","37,123","37,347","37,119","37,619","35,889","34,554","33,334","31,878","31,577","30,567","30,085","29,564","29,122","28,954","28,564","28,067","28,117","29,124","28,539"
9308_Aix-en-Provence,93_PROVENCE-ALPES-COTE D'AZUR,"22,927","22,590","22,440","22,360","22,229","21,227","20,367","19,656","18,136","18,086","17,558","16,995","16,389","15,977","15,373","15,256","14,781","14,567","14,533","14,111"
9309_Arles,93_PROVENCE-ALPES-COTE D'AZUR,"4,440","4,442","4,439","4,394","4,408","4,385","4,303","4,146","3,948","3,941","3,881","3,866","3,889","3,821","3,674","3,736","3,695","3,867","4,102","3,949"
9310_Marseille-Aubagne,93_PROVENCE-ALPES-COTE D'AZUR,"56,943","56,323","56,155","56,081","56,065","52,740","51,147","49,798","46,960","47,735","46,334","45,646","45,012","44,073","42,935","42,608","41,325","41,760","43,515","42,036"
9311_Istres-Martigues,93_PROVENCE-ALPES-COTE D'AZUR,"4,526","4,465","4,503","4,535","4,561","4,478","4,304","4,121","3,875","3,921","3,728","3,613","3,609","3,521","3,395","3,377","3,376","3,377","3,451","3,380"
9312_Salon-de-Provence,93_PROVENCE-ALPES-COTE D'AZUR,"5,170","5,158","5,117","5,110","5,104","5,000","4,812","4,675","4,356","4,304","4,111","4,104","4,147","4,051","3,884","3,750","3,541","3,471","3,600","3,685"
9313_Draguignan,93_PROVENCE-ALPES-COTE D'AZUR,"6,699","6,700","6,760","6,676","6,787","6,347","6,097","5,788","5,464","5,312","5,199","5,128","5,064","4,838","4,721","4,602","4,391","4,371","4,451","4,331"
9314_Fréjus-Saint Raphaël,93_PROVENCE-ALPES-COTE D'AZUR,"13,538","13,534","13,644","13,573","13,723","12,979","12,445","12,098","11,490","11,487","11,112","10,856","10,330","9,986","9,743","9,623","9,314","9,003","9,100","8,586"
9315_Toulon,93_PROVENCE-ALPES-COTE D'AZUR,"32,398","31,925","32,225","32,125","32,517","30,562","29,181","28,208","26,711","26,330","25,505","24,889","24,186","23,695","23,151","22,828","22,379","22,537","23,211","22,692"
9316_Cavaillon-Apt,93_PROVENCE-ALPES-COTE D'AZUR,"5,273","5,308","5,344","5,377","5,363","5,235","5,086","4,986","4,782","4,743","4,669","4,644","4,579","4,590","4,558","4,492","4,412","4,352","4,401","4,252"
9317_Orange,93_PROVENCE-ALPES-COTE D'AZUR,"4,697","4,688","4,688","4,701","4,786","4,680","4,539","4,415","4,193","4,188","4,193","4,164","4,125","4,279","4,250","4,164","4,063","4,224","4,329","4,293"
9401_Ajaccio,94_CORSE,"5,712","5,711","5,647","5,587","5,581","5,164","4,936","4,685","4,502","4,518","4,487","4,326","4,258","3,894","3,936","3,857","3,789","3,855","3,863","3,708"
9402_Porto-Vecchio,94_CORSE,"2,443","2,425","2,408","2,368","2,335","2,179","2,064","1,901","1,753","1,816","1,666","1,560","1,527","1,386","1,371","1,302","1,297","1,301","1,293","1,255"
9403_Sartène-Propriano,94_CORSE,787,792,807,798,811,744,731,710,701,727,699,669,657,604,612,580,589,619,623,612
9404_Bastia,94_CORSE,"6,655","6,637","6,575","6,474","6,502","6,007","5,827","5,506","5,255","5,318","5,168","4,994","4,928","4,584","4,550","4,397","4,365","4,429","4,430","4,325"
9405_Calvi-L'Île-Rousse,94_CORSE,"1,900","1,893","1,872","1,823","1,834","1,713","1,666","1,570","1,496","1,498","1,414","1,375","1,330","1,179","1,211","1,149","1,148","1,183","1,225","1,162"
9406_Corte,94_CORSE,702,702,692,684,679,627,615,617,602,605,585,550,545,490,494,484,499,500,517,519
9407_Ghisonaccia-Aléria,94_CORSE,"1,066","1,060","1,036","1,026",971,936,914,911,870,891,877,859,861,837,830,843,863,894,919,933
