Fichier Localisé Social et Fiscal (FiLoSoFi) - Année 2014,,,,,,,,,,,,,,,,,,,,,,,,,
Distribution des revenus déclarés par unité de consommation et composition du revenu déclaré - Ensemble,,,,,,,,,,,,,,,,,,,,,,,,,
Mise en ligne le 25/04/2019      Géographie au 01/01/2015,,,,,,,,,,,,,,,,,,,,,,,,,
"©Insee       Source(s) : Insee-DGFIP-Cnaf-Cnav-CCMSA, Fichier localisé social et fiscal.",,,,,,,,,,,,,,,,,,,,,,,,,
Code géographique,Libellé géographique,Nombre de ménages fiscaux,Nombre de personnes dans les ménages fiscaux,Nbre d'unités de consommation dans les ménages fiscaux,Part des ménages fiscaux imposés (%),1er quartile (€),Médiane (€),3e quartile (€),Ecart interquartile (€),1er décile (€),2e décile (€),3e décile  (€),4e décile (€) ,6e décile (€),7e décile (€),8e décile (€) ,9e décile (€),Rapport interdécile D9/D1,S80/S20,Indice de Gini,Part des salaires et traitements hors chômage (%),Part des indemnités chômage (%),Part des revenus d'activités non salariées (%),"Part des pensions, retraites et rentes (%)",Part des autres revenus (%)
CODGEO,LIBGEO,NBMEN14,NBPERS14,NBUC14,PMIMP14,Q114,Q214,Q314,Q3_Q1,D114,D214,D314,D414,D614,D714,D814,D914,RD,S80S2014,GI14,PTSA14,PCHO14,PBEN14,PPEN14,PAUT14
0050,Mont-de-Marsan,69717,157014,108720.8,53.6,13692.0,19334.0,26012.0,12320.0,8264.0,12226.0,14946.0,17202.0,21668.0,24380.0,27998.0,34518.0,4.2,5.5,0.3,52.4,2.7,6.5,33.0,5.4
0051,Alençon,51623,115901,79928.5,52.7,12970.0,18744.0,25178.0,12208.0,6892.0,11388.0,14328.0,16590.0,21018.0,23574.0,27134.0,33826.0,4.9,6.4,0.3,52.3,3.1,5.8,33.8,5.0
0052,Cosne - Clamecy,34581,71172,50957.4,54.7,13306.0,19172.0,26003.0,12697.0,7582.0,11814.0,14620.0,16910.0,21576.0,24310.0,28140.0,35300.0,4.7,6.3,0.3,44.2,2.7,8.1,39.8,5.2
0053,Mâcon,61898,143215,97660.4,59.8,14472.0,20512.0,27706.0,13234.0,8908.0,12990.0,15796.0,18192.0,22944.0,25832.0,29954.0,37434.0,4.2,5.5,0.3,56.9,2.8,6.1,29.0,5.2
0054,Nogent-le-Rotrou,20344,45291,31429.7,55.8,13696.0,19222.0,25456.0,11760.0,8096.0,12292.0,14898.0,17082.0,21358.0,23942.0,27326.0,33500.0,4.1,5.6,0.3,49.3,3.2,6.5,35.2,5.8
0055,La Vallée de la Bresle - Vimeu,42260,97036,66641.7,52.0,12682.0,18292.0,24396.0,11714.0,7270.0,11170.0,14028.0,16224.0,20444.0,22848.0,26264.0,32496.0,4.5,6.1,0.3,52.5,3.3,5.5,33.5,5.2
0056,Roissy - Sud Picardie,620667,1726062,1098186.6,60.9,11236.0,19478.0,28672.0,17436.0,5802.0,9510.0,12938.0,16226.0,22782.0,26486.0,31272.0,39390.0,6.8,8.8,0.4,67.8,3.4,3.5,21.6,3.7
0057,Brive-la-Gaillarde,85105,184123,129287.0,54.2,13504.0,19374.0,26514.0,13010.0,8476.0,12132.0,14786.0,17106.0,21808.0,24684.0,28634.0,35698.0,4.2,5.6,0.3,50.8,2.8,6.3,34.6,5.5
0059,Avignon,214222,507870,343613.8,52.3,11344.0,18496.0,26700.0,15356.0,5536.0,9606.0,12940.0,15776.0,21336.0,24684.0,29204.0,37238.0,6.7,8.9,0.4,54.5,3.8,6.3,28.3,7.1
0060,Saint-Étienne,269899,623321,424797.3,52.9,12940.0,19064.0,25992.0,13052.0,7114.0,11294.0,14338.0,16782.0,21464.0,24270.0,28114.0,34980.0,4.9,6.6,0.3,57.0,3.1,5.0,30.2,4.7
0061,Toulouse,604163,1388304,947609.5,60.5,14326.0,21858.0,30836.0,16510.0,7736.0,12478.0,15978.0,18956.0,24978.0,28608.0,33576.0,42214.0,5.5,7.2,0.3,64.3,3.2,5.1,22.0,5.4
0201,Centre agglomération,62878,145470,99135.1,44.8,7966.0,16299.0,27118.0,19152.0,1576.0,5984.0,9670.0,12956.0,19978.0,24406.0,30400.0,40286.0,25.6,22.4,0.5,65.8,3.4,4.9,22.1,3.8
0202,Sud-Caraibe,25119,60930,40899.9,42.2,8214.0,16468.0,27152.0,18938.0,1844.0,6356.0,9940.0,13108.0,20050.0,24508.0,30310.0,39540.0,21.4,20.0,0.4,65.5,3.7,5.6,21.2,4.0
0203,Sud,20510,51020,34088.2,34.5,6224.0,13108.0,22210.0,15986.0,712.0,4648.0,7592.0,10422.0,16196.0,19854.0,24882.0,33464.0,47.0,29.6,0.5,60.3,4.5,5.5,23.0,6.7
0204,Centre-Atlantique,23880,56945,38552.3,33.7,5872.0,12655.0,21850.0,15978.0,610.0,4342.0,7210.0,9846.0,15732.0,19482.0,24617.0,33388.0,54.7,28.9,0.5,62.3,4.4,5.8,24.4,3.1
0205,Nord-Caraibe,9139,22253,14972.5,36.5,6858.0,14044.0,23402.0,16544.0,1898.0,5426.0,8258.0,11084.0,17082.0,20912.0,26348.0,35390.0,18.6,20.7,0.5,60.4,3.6,7.1,25.0,3.9
0206,Nord-Atlantique,7183,16987,11591.4,24.6,5732.0,11060.0,17606.0,11874.0,1130.0,4514.0,6716.0,8786.0,13432.0,16022.0,19542.0,25276.0,22.4,18.9,0.4,56.3,5.5,5.2,30.1,2.9
0401,L'Est,41916,126837,77983.8,25.3,2998.0,9440.0,18116.0,15118.0,0.0,1500.0,4298.0,6858.0,12324.0,15940.0,20826.0,29236.0,,202.5,0.5,65.4,6.2,8.9,14.8,4.7
0402,Le Nord,74556,201293,128916.5,40.8,5556.0,13792.0,26140.0,20584.0,0.0,3844.0,7098.0,10312.0,17858.0,22924.0,30046.0,41536.0,,54.1,0.5,67.2,4.2,7.4,15.3,5.9
0403,L'Ouest,71762,211901,132194.3,36.8,5206.0,12238.0,23458.0,18252.0,106.0,3734.0,6562.0,9244.0,15824.0,20426.0,27126.0,38646.0,364.6,45.5,0.5,66.1,5.3,8.4,14.4,5.8
0404,Le Sud,106830,300400,190160.4,30.1,4044.0,10668.0,20258.0,16214.0,0.0,2706.0,5408.0,7922.0,13848.0,17774.0,23384.0,33226.0,,70.8,0.5,60.9,5.7,8.7,18.5,6.2
1101,Paris,2568643,5880541,4008358.9,69.4,13198.0,24406.0,39526.0,26328.0,6418.0,10974.0,15422.0,19868.0,29444.0,35638.0,44356.0,60720.0,9.5,13.6,0.5,66.1,2.9,5.4,18.0,7.6
1102,Marne-la-Vallée,128375,341505,220551.3,70.2,14740.0,23398.0,32932.0,18192.0,8138.0,12768.0,16634.0,20110.0,26768.0,30640.0,35658.0,44204.0,5.4,6.9,0.3,73.7,3.1,3.3,16.4,3.5
1103,Coulommiers,26177,66802,43916.7,62.0,14772.0,21218.0,28225.0,13453.0,8742.0,13132.0,16282.0,18856.0,23588.0,26482.0,30316.0,37212.0,4.3,5.6,0.3,63.0,3.0,5.0,24.1,4.9
1104,Meaux,57343,151042,97820.3,63.3,13656.0,21102.0,28942.0,15286.0,7364.0,11820.0,15272.0,18328.0,23934.0,27044.0,31156.0,38320.0,5.2,6.7,0.3,68.2,3.2,3.7,20.8,4.1
1105,Melun,151403,390919,255667.7,67.5,14946.0,22786.0,31472.0,16526.0,8258.0,12992.0,16684.0,19870.0,25818.0,29338.0,34072.0,42466.0,5.1,6.7,0.3,66.3,2.8,3.9,22.5,4.5
1106,Montereau-Fault-Yonne,16771,43321,28281.5,55.2,11136.0,18474.0,25946.0,14810.0,5266.0,9510.0,12710.0,15780.0,21260.0,24268.0,28050.0,34260.0,6.5,8.1,0.3,62.1,3.4,3.2,27.9,3.4
1107,Nemours,19910,49188,32744.5,61.5,13808.0,20556.0,28122.0,14314.0,7824.0,12034.0,15304.0,17970.0,23180.0,26316.0,30290.0,37332.0,4.8,6.3,0.3,60.0,3.1,4.9,27.2,4.8
1108,Provins,17207,42734,28400.0,58.5,13402.0,19792.0,27346.0,13944.0,7568.0,11790.0,14818.0,17366.0,22436.0,25410.0,29578.0,36540.0,4.8,6.5,0.3,58.6,3.1,6.2,26.8,5.3
1109,Houdan,14444,37507,24704.9,79.9,21638.0,30332.0,41882.0,20244.0,14876.0,19716.0,23558.0,26998.0,34098.0,38966.0,45116.0,58086.0,3.9,5.3,0.3,64.6,2.2,4.6,21.9,6.7
1110,Mantes-la-Jolie,64273,175305,112305.6,63.0,12710.0,20628.0,28970.0,16260.0,6788.0,10892.0,14422.0,17652.0,23666.0,27006.0,31328.0,38582.0,5.7,7.2,0.3,66.6,3.4,3.0,23.4,3.6
1111,Poissy,94959,253563,163538.5,69.3,14486.0,23490.0,34364.0,19878.0,7946.0,12468.0,16364.0,19976.0,27226.0,31704.0,37546.0,47842.0,6.0,7.7,0.4,69.3,2.9,3.0,20.9,3.9
1112,Rambouillet,28890,72895,48339.5,77.7,19822.0,27948.0,38142.0,18320.0,13306.0,18006.0,21512.0,24784.0,31418.0,35594.0,41336.0,51308.0,3.9,5.1,0.3,65.1,2.2,3.7,24.0,5.0
1113,Plaisir,20719,55614,35915.7,76.8,18126.0,26772.0,36710.0,18584.0,10496.0,15938.0,20000.0,23540.0,30348.0,34338.0,39690.0,48912.0,4.7,5.7,0.3,70.9,2.4,3.0,19.9,3.8
1114,Étampes,24254,61665,40534.4,65.6,14778.0,22038.0,30060.0,15282.0,8456.0,12996.0,16432.0,19255.0,24994.0,28080.0,32522.0,39994.0,4.7,6.0,0.3,64.6,2.8,4.1,23.9,4.6
1115,Évry,126524,343658,219808.4,65.1,12342.0,21168.0,30348.0,18006.0,6276.0,10401.0,14232.0,17812.0,24518.0,28196.0,32942.0,41008.0,6.5,8.1,0.4,69.9,3.2,2.7,21.0,3.2
1116,Saclay,460749,1177048,773106.7,75.6,17650.0,26980.0,38672.0,21022.0,10082.0,15446.0,19650.0,23336.0,30956.0,35762.0,42220.0,53890.0,5.3,6.9,0.4,68.4,2.3,3.1,21.5,4.7
1117,Créteil,212958,563025,365354.9,70.2,14878.0,23422.0,32808.0,17930.0,8184.0,12838.0,16774.0,20200.0,26718.0,30536.0,35534.0,44126.0,5.4,6.8,0.3,68.2,2.7,3.3,21.9,3.9
1118,Orly,197864,508558,331830.3,61.1,10954.0,19090.0,28524.0,17570.0,5586.0,9280.0,12588.0,15840.0,22514.0,26318.0,31118.0,38958.0,7.0,8.8,0.4,70.6,3.4,2.5,20.6,2.9
1119,Cergy,147831,400677,257238.7,69.0,14566.0,23046.0,32228.0,17662.0,7926.0,12536.0,16440.0,19836.0,26350.0,30022.0,34892.0,42922.0,5.4,6.7,0.3,71.4,3.1,2.9,19.4,3.2
2101,Charleville-Mézières,96454,221543,151618.2,49.0,11142.0,17768.0,24698.0,13556.0,5164.0,9480.0,12684.0,15320.0,20188.0,23010.0,26708.0,33076.0,6.4,8.5,0.4,55.8,3.6,5.2,30.5,4.9
2102,Troyes,133924,302488,207786.9,54.9,12634.0,19118.0,26382.0,13748.0,6534.0,10900.0,14200.0,16786.0,21516.0,24506.0,28662.0,36648.0,5.6,7.7,0.4,53.3,3.3,8.5,28.9,6.0
2103,Châlons-en-Champagne,44053,101765,69246.9,58.9,13688.0,20270.0,27670.0,13982.0,7772.0,11956.0,15238.0,17858.0,22828.0,25894.0,29992.0,37854.0,4.9,6.6,0.3,56.8,2.7,8.1,27.2,5.2
2104,Épernay,46679,105924,72861.2,63.4,14668.0,21392.0,30051.0,15383.0,8788.0,13058.0,16152.0,18792.0,24196.0,27768.0,32930.0,44510.0,5.1,6.9,0.4,48.5,2.4,15.1,24.7,9.3
2105,Reims,146832,334686,228766.7,58.2,12954.0,20346.0,28860.0,15906.0,6402.0,11100.0,14640.0,17572.0,23248.0,26686.0,31626.0,41178.0,6.4,8.7,0.4,57.9,3.0,8.4,25.0,5.7
2106,Chaumont - Langres,49304,107962,75459.7,54.1,13597.0,19234.0,25620.0,12023.0,8114.0,12156.0,14862.0,17152.0,21432.0,24012.0,27582.0,33842.0,4.2,5.5,0.3,53.5,2.7,5.9,33.1,4.8
2107,Vitry-le-François - Saint-Dizier,48894,111315,76476.1,50.3,11758.0,17831.0,24196.0,12438.0,6308.0,10220.0,13160.0,15566.0,20109.0,22710.0,26118.0,32403.0,5.1,6.9,0.3,53.1,3.6,5.7,33.0,4.6
2201,Château-Thierry,27385,66908,44675.1,57.8,13424.0,19612.0,26687.0,13263.0,7770.0,11846.0,14808.0,17302.0,22188.0,25014.0,28866.0,36436.0,4.7,6.4,0.3,56.6,3.2,8.4,26.0,5.8
2202,Tergnier,23547,55193,37388.2,48.1,10514.0,17150.0,23816.0,13302.0,4580.0,8814.0,12050.0,14730.0,19508.0,22242.0,25674.0,31896.0,7.0,8.6,0.3,56.1,3.7,4.6,32.5,3.1
2203,La Thiérache,24314,57026,38631.8,44.0,9660.0,16117.0,22614.0,12954.0,3708.0,7988.0,11142.0,13818.0,18434.0,21074.0,24428.0,30124.0,8.1,9.8,0.4,51.3,3.7,7.3,32.3,5.4
2204,Laon,41140,98160,66022.0,50.5,11662.0,18192.0,25228.0,13566.0,5874.0,10010.0,13152.0,15806.0,20746.0,23526.0,27323.0,34426.0,5.9,7.9,0.4,56.7,3.4,7.0,28.1,4.8
2205,Saint-Quentin,57850,136118,92088.2,49.4,10516.0,17534.0,24692.0,14176.0,4428.0,8772.0,12110.0,14992.0,20060.0,22964.0,26822.0,34104.0,7.7,10.2,0.4,54.5,3.6,7.1,30.2,4.6
2206,Soissons,38886,92710,62523.9,52.2,12050.0,18444.0,25464.0,13414.0,6248.0,10416.0,13502.0,16106.0,20948.0,23738.0,27560.0,34712.0,5.6,7.5,0.3,55.8,3.6,6.1,29.6,4.9
2207,Beauvais,99058,251661,165586.0,59.2,13556.0,20202.0,27308.0,13752.0,7528.0,11884.0,15072.0,17716.0,22696.0,25590.0,29398.0,35980.0,4.8,6.2,0.3,62.8,3.3,5.0,24.8,4.1
2208,Compiègne,81146,201019,133584.3,60.6,14036.0,20798.0,28596.0,14560.0,8050.0,12294.0,15552.0,18204.0,23510.0,26666.0,30956.0,38740.0,4.8,6.4,0.3,62.7,3.3,4.5,25.0,4.5
2209,Abbeville,29359,68678,46719.8,49.9,11692.0,18020.0,24978.0,13286.0,5874.0,9958.0,13140.0,15612.0,20424.0,23234.0,27066.0,34430.0,5.9,7.9,0.4,51.8,3.3,7.9,31.5,5.5
2210,Amiens,156418,369830,249876.5,54.8,12402.0,19286.0,26874.0,14472.0,6080.0,10580.0,14002.0,16780.0,21956.0,25024.0,29198.0,36794.0,6.1,8.1,0.4,58.9,3.0,6.6,26.6,4.9
2211,Péronne,23246,56140,37718.6,50.1,11486.0,17750.0,24182.0,12696.0,5998.0,9974.0,12956.0,15462.0,19972.0,22654.0,26294.0,32996.0,5.5,7.5,0.3,53.7,3.8,8.0,29.7,4.8
2301,Bernay,25331,58096,39770.5,55.2,13142.0,19216.0,26082.0,12940.0,7466.0,11570.0,14514.0,16956.0,21606.0,24378.0,28144.0,34920.0,4.7,6.4,0.3,52.9,3.4,6.1,32.3,5.3
2302,Évreux,89300,216973,144945.2,59.4,13826.0,20320.0,27588.0,13762.0,7568.0,12064.0,15318.0,17926.0,22834.0,25758.0,29738.0,36842.0,4.9,6.4,0.3,60.3,3.4,4.8,27.0,4.5
2303,Pont-Audemer,22098,52731,35457.9,54.1,13344.0,19276.0,26410.0,13066.0,7978.0,11840.0,14636.0,17034.0,21700.0,24606.0,28488.0,35342.0,4.4,6.0,0.3,58.0,3.4,5.6,27.9,5.1
2304,Vernon - Gisors,49175,123225,81559.7,61.0,13940.0,20506.0,28052.0,14112.0,8052.0,12186.0,15472.0,18044.0,23094.0,26192.0,30360.0,37959.0,4.7,6.2,0.3,61.5,3.5,4.5,26.1,4.4
2305,Dieppe - Caux maritime,52752,122097,83363.6,53.4,13048.0,18944.0,25872.0,12824.0,7368.0,11424.0,14384.0,16720.0,21304.0,24122.0,28024.0,35292.0,4.8,6.4,0.3,55.5,3.0,5.9,31.1,4.5
2306,Le Havre,168051,394936,267211.7,56.7,12912.0,19712.0,27386.0,14474.0,6614.0,11140.0,14486.0,17176.0,22358.0,25472.0,29714.0,36906.0,5.6,7.4,0.3,60.0,3.4,4.3,28.3,4.0
2307,Rouen,342717,800881,542838.1,57.9,13440.0,20275.0,27922.0,14482.0,6912.0,11590.0,15018.0,17742.0,22906.0,26036.0,30248.0,37756.0,5.5,7.2,0.3,60.9,3.3,4.7,27.1,4.0
2401,Bourges,87055,191942,133390.5,57.5,13818.0,20088.0,27260.0,13442.0,7632.0,12140.0,15234.0,17714.0,22550.0,25486.0,29466.0,36346.0,4.8,6.3,0.3,56.0,2.6,5.1,31.9,4.4
2402,Saint-Amand-Montrond,17018,35056,25155.7,48.0,11956.0,17624.0,23922.0,11966.0,6154.0,10482.0,13282.0,15516.0,19792.0,22320.0,25760.0,31694.0,5.2,6.7,0.3,44.4,3.0,6.2,41.8,4.6
2403,Vierzon,20901,45519,31800.9,49.6,12074.0,18252.0,24452.0,12378.0,5280.0,10262.0,13596.0,16050.0,20444.0,23006.0,26284.0,32192.0,6.1,7.7,0.3,51.2,3.3,4.2,37.5,3.8
2404,Chartres,104038,248710,167288.1,63.8,15282.0,21524.0,28876.0,13594.0,9370.0,13682.0,16706.0,19116.0,24026.0,27024.0,31150.0,38510.0,4.1,5.4,0.3,61.1,2.8,5.1,26.3,4.7
2405,Châteaudun,15990,35942,24783.0,55.3,13292.0,19184.0,25614.0,12322.0,7532.0,11704.0,14798.0,17104.0,21506.0,24052.0,27540.0,34064.0,4.5,5.9,0.3,49.4,2.8,6.5,35.9,5.4
2406,Dreux,44066,114301,74538.7,58.8,13024.0,20012.0,27514.0,14490.0,7004.0,11292.0,14636.0,17426.0,22732.0,25708.0,29742.0,37038.0,5.3,6.9,0.3,61.3,3.5,4.6,26.3,4.3
2407,Le Blanc,10107,21064,15051.1,47.0,12548.0,17750.0,23434.0,10886.0,7506.0,11264.0,13778.0,15770.0,19784.0,22006.0,25362.0,31712.0,4.2,5.6,0.3,45.0,2.4,6.4,41.4,4.8
2408,Issoudun,9283,19922,14026.4,54.9,13672.0,19248.0,25548.0,11876.0,7958.0,12112.0,14992.0,17140.0,21590.0,24046.0,27516.0,33876.0,4.3,5.8,0.3,53.2,3.0,6.3,32.6,4.9
2409,Châteauroux,79195,168603,119025.6,52.1,13094.0,18802.0,25264.0,12170.0,7494.0,11600.0,14398.0,16670.0,21000.0,23662.0,27254.0,33590.0,4.5,6.0,0.3,51.0,2.9,5.6,35.5,5.0
2410,Chinon,15409,34412,23892.6,56.8,14258.0,20088.0,27768.0,13510.0,9070.0,12916.0,15472.0,17762.0,22624.0,25758.0,30184.0,37650.0,4.2,5.5,0.3,53.2,2.8,6.5,33.1,4.4
2411,Loches,10577,22591,15950.7,51.3,13494.0,18696.0,25182.0,11688.0,8500.0,12160.0,14644.0,16700.0,20988.0,23662.0,27068.0,33696.0,4.0,5.3,0.3,48.3,3.0,6.1,36.4,6.2
2412,Tours,231080,520509,358177.8,58.8,14398.0,20680.0,28370.0,13972.0,8238.0,12774.0,15814.0,18304.0,23254.0,26396.0,30780.0,38684.0,4.7,6.2,0.3,59.0,2.9,4.6,28.8,4.7
2413,Blois,77084,175917,120560.0,59.4,14196.0,20378.0,27648.0,13452.0,7994.0,12546.0,15598.0,18080.0,22900.0,25830.0,29914.0,37112.0,4.6,6.1,0.3,55.8,2.9,5.1,31.4,4.8
2414,Romorantin-Lanthenay,25904,56354,39506.4,52.6,13106.0,18722.0,25037.0,11931.0,7372.0,11628.0,14352.0,16626.0,20922.0,23502.0,26954.0,33384.0,4.5,5.9,0.3,47.9,3.3,4.6,39.7,4.5
2415,Vendôme,29427,65436,45404.9,56.2,14238.0,19758.0,26304.0,12066.0,8666.0,12762.0,15466.0,17636.0,21968.0,24594.0,28340.0,35382.0,4.1,5.5,0.3,51.9,2.9,6.7,33.2,5.3
2416,Gien,33251,75196,51739.3,56.5,13178.0,19478.0,26436.0,13258.0,7190.0,11504.0,14668.0,17140.0,21906.0,24710.0,28472.0,35356.0,4.9,6.3,0.3,53.7,3.2,4.8,33.8,4.5
2417,Montargis,54925,126619,86342.4,56.5,12772.0,19232.0,26244.0,13472.0,6820.0,11062.0,14268.0,16884.0,21724.0,24524.0,28388.0,35122.0,5.1,6.8,0.3,53.4,3.4,5.1,33.2,4.9
2418,Orléans,200838,477899,321591.2,63.5,14592.0,21476.0,29428.0,14836.0,8110.0,12796.0,16160.0,18882.0,24208.0,27454.0,31840.0,39652.0,4.9,6.3,0.3,61.5,2.9,4.3,26.6,4.7
2419,Pithiviers,21396,52727,35088.1,58.5,13862.0,19812.0,26714.0,12852.0,8486.0,12296.0,15236.0,17592.0,22142.0,24982.0,28730.0,35420.0,4.2,5.4,0.3,58.6,3.4,6.4,26.9,4.7
2501,Bayeux,22548,51802,35497.5,53.7,13508.0,19300.0,25937.0,12429.0,8200.0,12072.0,14820.0,17068.0,21648.0,24270.0,28046.0,35006.0,4.3,5.6,0.3,51.4,3.1,6.6,33.5,5.4
2502,Caen,198564,459230,312943.1,58.1,14210.0,20436.0,27764.0,13554.0,8174.0,12608.0,15600.0,18064.0,22952.0,25954.0,30056.0,37656.0,4.6,6.1,0.3,58.5,3.2,5.1,28.2,5.0
2503,Honfleur,24570,52067,36870.0,58.8,13784.0,20010.0,28826.0,15042.0,8240.0,12222.0,15098.0,17528.0,22842.0,26338.0,31802.0,42168.0,5.1,7.1,0.4,46.6,3.1,7.1,34.3,8.9
2504,Lisieux,29631,67658,46398.3,50.8,12424.0,18164.0,24820.0,12396.0,6740.0,10824.0,13736.0,16050.0,20464.0,23188.0,26900.0,33908.0,5.0,6.9,0.3,53.3,3.5,5.7,32.3,5.2
2505,Vire,17131,38817,26751.5,48.6,12890.0,18030.0,23870.0,10980.0,7698.0,11436.0,14110.0,16156.0,20060.0,22382.0,25566.0,31290.0,4.1,5.5,0.3,53.2,2.7,7.2,31.8,5.1
2506,Avranches,39624,88643,61403.6,50.5,13610.0,18680.0,24568.0,10958.0,8730.0,12282.0,14742.0,16690.0,20690.0,23106.0,26303.0,32040.0,3.7,4.9,0.3,51.2,2.5,8.1,32.6,5.6
2507,Cherbourg-Octeville,89305,202744,139553.9,54.4,13586.0,19554.0,26638.0,13052.0,8148.0,12104.0,14898.0,17302.0,22046.0,24914.0,28814.0,35338.0,4.3,5.6,0.3,57.3,3.1,5.3,30.1,4.2
2508,Coutances,26235,58535,40563.3,50.1,13112.0,18554.0,25078.0,11966.0,7934.0,11744.0,14344.0,16474.0,20708.0,23402.0,27160.0,34302.0,4.3,5.8,0.3,46.7,2.8,9.3,35.8,5.4
2509,Granville,24530,52095,36855.4,54.8,14032.0,19746.0,27350.0,13318.0,8746.0,12576.0,15246.0,17522.0,22230.0,25398.0,29794.0,38032.0,4.3,5.8,0.3,43.7,2.7,7.3,39.6,6.7
2510,Saint-Lô,36986,84670,57936.4,52.4,13802.0,19190.0,25450.0,11648.0,8410.0,12350.0,15036.0,17170.0,21327.0,23890.0,27446.0,33521.0,4.0,5.2,0.3,56.4,3.0,6.2,30.0,4.4
2511,Argentan,17796,39668,27472.0,51.0,12782.0,18422.0,24456.0,11674.0,7128.0,11208.0,14122.0,16366.0,20554.0,22920.0,26280.0,32102.0,4.5,5.9,0.3,51.6,3.2,6.3,34.2,4.7
2512,Flers,43462,97276,67303.5,50.3,13020.0,18240.0,24102.0,11082.0,7636.0,11542.0,14258.0,16326.0,20278.0,22628.0,25824.0,31546.0,4.1,5.6,0.3,51.2,3.1,6.4,33.9,5.4
2513,L'Aigle,14623,33074,22758.1,51.1,12174.0,18078.0,24518.0,12344.0,6514.0,10650.0,13580.0,15922.0,20264.0,22908.0,26474.0,32576.0,5.0,6.7,0.3,50.8,3.0,6.2,34.7,5.3
2601,Beaune,21595,49086,33809.9,62.2,15000.0,21310.0,29264.0,14264.0,9336.0,13482.0,16428.0,18968.0,23920.0,27148.0,31980.0,42006.0,4.5,6.2,0.3,53.8,2.5,8.5,26.6,8.6
2602,Chatillon,8195,17382,12329.3,52.9,13098.0,18464.0,24810.0,11712.0,7516.0,11722.0,14374.0,16556.0,20696.0,23246.0,26900.0,33154.0,4.4,5.8,0.3,46.3,3.0,7.8,36.8,6.1
2603,Dijon,181249,404221,279431.4,62.4,14888.0,21488.0,29324.0,14436.0,8862.0,13224.0,16364.0,18976.0,24156.0,27310.0,31712.0,39676.0,4.5,5.9,0.3,59.1,2.6,5.3,28.1,4.9
2604,Montbard,14230,30872,21633.3,54.9,13790.0,19090.0,25478.0,11688.0,8318.0,12324.0,14922.0,17110.0,21284.0,23882.0,27490.0,33586.0,4.0,5.4,0.3,53.5,2.5,5.5,33.9,4.6
2605,Le Morvan,16332,31960,23430.5,49.4,12174.0,17662.0,24502.0,12328.0,6820.0,10704.0,13400.0,15558.0,20114.0,22910.0,26488.0,32784.0,4.8,6.1,0.3,36.0,2.5,7.2,48.3,6.0
2606,Nevers,54784,115580,81808.1,54.6,12958.0,19256.0,25882.0,12924.0,6320.0,11208.0,14460.0,16956.0,21602.0,24272.0,27814.0,34240.0,5.4,7.1,0.3,52.0,2.6,5.0,36.2,4.2
2607,Autun,15112,32429,22869.0,51.5,12882.0,18332.0,24876.0,11994.0,7542.0,11342.0,14068.0,16204.0,20516.0,23200.0,26786.0,33314.0,4.4,5.7,0.3,48.6,2.9,6.7,37.4,4.4
2608,Chalon-sur-Saône,85441,193158,133031.2,57.2,13920.0,19952.0,26922.0,13002.0,8284.0,12360.0,15300.0,17664.0,22332.0,25168.0,29040.0,36286.0,4.4,5.9,0.3,56.5,2.9,5.5,30.5,4.6
2609,Louhans,16433,35921,25128.3,50.9,13300.0,18520.0,24564.0,11264.0,8102.0,11832.0,14452.0,16506.0,20646.0,23058.0,26364.0,32144.0,4.0,5.2,0.3,50.8,2.8,5.3,37.1,4.0
2610,Le Creusot - Montceau,45640,98367,69117.5,51.7,12992.0,18620.0,25010.0,12018.0,7260.0,11458.0,14286.0,16528.0,20840.0,23424.0,26890.0,33016.0,4.5,6.0,0.3,52.4,3.2,4.2,36.5,3.7
2611,Le Charolais,37903,82013,57665.7,50.7,13546.0,18608.0,24628.0,11082.0,8546.0,12218.0,14712.0,16736.0,20704.0,23144.0,26486.0,32606.0,3.8,5.0,0.3,48.9,2.7,6.6,36.5,5.3
2612,Auxerre,91068,202582,140376.6,56.4,13112.0,19336.0,26374.0,13262.0,7134.0,11444.0,14528.0,16986.0,21802.0,24650.0,28488.0,35632.0,5.0,6.6,0.3,51.6,2.8,6.5,33.9,5.2
2613,Avallon,10553,22723,15978.8,53.9,12918.0,18640.0,24906.0,11988.0,7396.0,11488.0,14272.0,16580.0,20798.0,23350.0,26932.0,33826.0,4.6,6.1,0.3,48.6,2.5,7.0,36.1,5.8
2614,Sens,46839,110008,74472.7,58.1,13444.0,19788.0,26645.0,13201.0,7544.0,11818.0,14856.0,17440.0,22178.0,24948.0,28792.0,35708.0,4.7,6.3,0.3,55.6,3.3,5.4,31.1,4.6
3110,Roubaix - Tourcoing,164816,422409,275792.9,50.3,9854.0,17520.0,25598.0,15744.0,3578.0,8084.0,11544.0,14696.0,20374.0,23608.0,28022.0,36094.0,10.1,12.8,0.4,62.5,4.1,4.1,24.0,5.3
3111,Lille,321111,752252,508628.6,58.5,12682.0,20614.0,29920.0,17238.0,5874.0,10642.0,14508.0,17632.0,23804.0,27586.0,32754.0,42076.0,7.2,9.5,0.4,64.7,3.2,5.2,22.0,4.9
3112,Dunkerque,103552,250158,167914.2,52.5,11822.0,18371.0,25632.0,13810.0,6242.0,10230.0,13246.0,15860.0,20952.0,23884.0,27774.0,34666.0,5.6,7.3,0.3,59.8,3.9,4.3,28.0,4.0
3113,La Flandre - Lys,48991,123900,81893.0,55.6,13948.0,19784.0,26666.0,12718.0,8566.0,12464.0,15290.0,17592.0,22158.0,24932.0,28718.0,35352.0,4.1,5.5,0.3,61.0,3.1,5.4,25.1,5.4
3114,Douai,97896,244601,162051.1,47.6,10732.0,17488.0,24980.0,14248.0,4810.0,9030.0,12248.0,14946.0,20154.0,23186.0,27114.0,33734.0,7.0,9.0,0.4,60.8,3.6,4.2,28.1,3.3
3115,Valenciennes,139464,344119,228375.4,44.8,9398.0,16304.0,23732.0,14334.0,3476.0,7804.0,10914.0,13694.0,18934.0,21954.0,25906.0,32512.0,9.4,11.3,0.4,60.2,3.9,4.4,27.7,3.8
3116,Cambrai,73059,177102,118583.3,48.2,11134.0,17524.0,24532.0,13398.0,5458.0,9462.0,12616.0,15200.0,19954.0,22858.0,26636.0,33498.0,6.1,8.3,0.4,56.4,3.7,6.8,28.7,4.4
3117,Maubeuge,91969,223961,149509.5,45.4,9446.0,16432.0,23750.0,14304.0,3306.0,7770.0,10952.0,13788.0,19014.0,22010.0,25864.0,32490.0,9.8,11.6,0.4,56.3,3.8,5.6,29.7,4.6
3121,Arras,98391,238349,159845.5,55.2,12958.0,19580.0,27150.0,14192.0,7062.0,11276.0,14438.0,17052.0,22220.0,25290.0,29492.0,37060.0,5.2,7.1,0.3,58.8,2.7,7.1,26.7,4.7
3122,Lens - Hénin,145261,362000,239412.5,40.7,8934.0,15520.0,22064.0,13130.0,3524.0,7536.0,10314.0,13032.0,17872.0,20534.0,23864.0,29397.0,8.3,10.1,0.4,60.4,4.4,3.4,29.5,2.3
3123,Béthune - Bruay,117824,290578,193294.8,46.8,11112.0,17556.0,24544.0,13432.0,5480.0,9512.0,12562.0,15152.0,20034.0,22846.0,26586.0,32862.0,6.0,8.0,0.3,60.4,3.4,4.7,28.1,3.4
3124,Saint-Omer,47036,116780,77583.8,48.6,11226.0,17560.0,24000.0,12774.0,5876.0,9744.0,12628.0,15200.0,19824.0,22458.0,25970.0,32138.0,5.5,7.4,0.3,59.4,3.7,5.4,26.9,4.6
3125,Calais,65971,164630,108769.2,47.6,10460.0,17176.0,24310.0,13850.0,4462.0,8852.0,11946.0,14608.0,19698.0,22566.0,26322.0,32550.0,7.3,9.2,0.4,60.4,4.2,5.2,26.3,3.9
3126,Boulogne-sur-mer,66274,159883,107352.9,47.9,10716.0,17240.0,24514.0,13798.0,5072.0,9092.0,12200.0,14806.0,19850.0,22710.0,26676.0,33752.0,6.7,9.0,0.4,56.7,3.7,5.5,29.0,5.1
3127,Berck - Montreuil,45351,105563,71961.2,51.6,12112.0,18174.0,25308.0,13196.0,6702.0,10530.0,13504.0,15914.0,20650.0,23548.0,27550.0,35206.0,5.3,7.3,0.4,50.1,3.2,7.0,32.8,6.9
4101,Longwy,45327,103774,71011.3,38.7,13052.0,20060.0,28718.0,15666.0,6460.0,11340.0,14530.0,17218.0,23052.0,26620.0,31184.0,38746.0,6.0,7.5,0.3,29.9,2.8,3.2,22.5,41.6
4102,Lunéville,14003,32258,21992.4,49.3,11762.0,18390.0,24948.0,13186.0,5752.0,10050.0,13390.0,16076.0,20676.0,23320.0,26766.0,33252.0,5.8,7.8,0.3,56.1,3.6,4.7,31.5,4.1
4103,Nancy,214225,481703,331981.8,58.6,13806.0,20790.0,28740.0,14934.0,7082.0,11988.0,15392.0,18196.0,23524.0,26770.0,31188.0,39184.0,5.5,7.3,0.3,60.1,2.8,5.1,27.6,4.4
4104,Bar-le-Duc,26331,58783,40793.7,56.0,13830.0,19650.0,26352.0,12522.0,8056.0,12274.0,15126.0,17420.0,22018.0,24672.0,28330.0,34554.0,4.3,5.7,0.3,55.2,2.7,5.3,32.5,4.3
4105,Commercy,18371,43083,29258.5,50.0,12420.0,18242.0,24676.0,12256.0,7222.0,10960.0,13670.0,16034.0,20552.0,23162.0,26498.0,32612.0,4.5,5.9,0.3,53.7,3.3,7.1,31.0,4.9
4106,Verdun,26333,59501,40990.8,51.3,12704.0,18722.0,25384.0,12680.0,6930.0,11174.0,14046.0,16452.0,21064.0,23778.0,27384.0,33892.0,4.9,6.6,0.3,53.4,2.7,7.2,30.9,5.8
4107,Metz,210389,486685,332397.5,54.3,13574.0,20432.0,28532.0,14958.0,7356.0,11884.0,15064.0,17760.0,23246.0,26542.0,30986.0,38936.0,5.3,7.0,0.3,54.9,3.2,4.4,25.9,11.6
4108,Forbach,89961,211712,144309.9,48.9,11716.0,18022.0,25276.0,13560.0,6002.0,10124.0,13166.0,15716.0,20614.0,23542.0,27370.0,34266.0,5.7,7.5,0.3,55.6,4.0,3.7,32.5,4.2
4109,Sarrebourg,29834,70393,47933.4,53.6,13870.0,19510.0,26036.0,12166.0,8700.0,12478.0,15140.0,17368.0,21774.0,24528.0,27914.0,33886.0,3.9,5.2,0.3,58.8,2.9,4.7,29.5,4.1
4110,Sarreguemines,46404,109591,74713.7,53.8,14060.0,20198.0,27572.0,13512.0,8252.0,12498.0,15402.0,17796.0,22768.0,25722.0,29760.0,36890.0,4.5,6.0,0.3,60.9,3.6,3.8,27.3,4.4
4111,Thionville,90575,211408,143766.1,44.3,14022.0,21272.0,30484.0,16462.0,7622.0,12306.0,15526.0,18380.0,24434.0,28160.0,33244.0,41880.0,5.5,7.1,0.3,34.2,2.7,3.0,22.6,37.5
4112,Épinal,69736,157859,108571.8,52.3,12576.0,18802.0,25562.0,12986.0,6378.0,10906.0,14084.0,16604.0,21150.0,23908.0,27658.0,34420.0,5.4,7.2,0.3,56.7,3.6,5.0,30.3,4.4
4113,Remiremont,37316,82291,57401.5,51.7,13588.0,18760.0,24960.0,11372.0,8256.0,12156.0,14798.0,16798.0,20868.0,23454.0,26850.0,33260.0,4.0,5.4,0.3,52.9,3.8,4.3,33.6,5.4
4114,Saint-Dié-des-Vosges,38084,84523,58674.6,48.8,12166.0,18086.0,24338.0,12172.0,6416.0,10622.0,13576.0,15908.0,20204.0,22778.0,26146.0,32124.0,5.0,6.6,0.3,53.4,4.3,4.6,33.8,3.9
4115,Neufchâteau,22566,50092,34863.2,52.4,13004.0,18828.0,25434.0,12430.0,7468.0,11582.0,14356.0,16650.0,21188.0,23858.0,27548.0,33754.0,4.5,5.9,0.3,53.1,3.2,5.7,33.6,4.4
4201,Haguenau,80679,199352,133619.9,63.3,16018.0,22240.0,29568.0,13550.0,10328.0,14488.0,17356.0,19826.0,24734.0,27790.0,31708.0,38612.0,3.7,4.8,0.3,65.1,2.8,3.6,24.5,4.0
4202,Molsheim - Obernai,55388,134475,90614.9,65.9,16430.0,22774.0,30544.0,14114.0,10928.0,14976.0,17760.0,20312.0,25442.0,28630.0,32964.0,40790.0,3.7,4.8,0.3,62.4,2.7,4.3,25.1,5.5
4203,Saverne,31592,77060,51913.5,58.5,15032.0,20986.0,27976.0,12944.0,9722.0,13564.0,16292.0,18706.0,23432.0,26268.0,29978.0,36604.0,3.8,4.9,0.3,61.5,2.8,4.2,27.4,4.1
4204,Sélestat,34865,84820,56978.1,60.3,15200.0,21362.0,28584.0,13384.0,9274.0,13621.0,16546.0,19038.0,23862.0,26834.0,30716.0,37978.0,4.1,5.3,0.3,63.1,2.8,4.4,24.5,5.2
4205,Strasbourg,237019,540942,370479.0,60.4,12468.0,20890.0,30236.0,17768.0,5756.0,10384.0,14394.0,17788.0,24146.0,27906.0,33068.0,42550.0,7.4,9.9,0.4,61.4,3.1,4.9,25.0,5.6
4206,Wissembourg,16478,40020,27065.2,63.2,16324.0,23080.0,31656.0,15332.0,10723.0,14820.0,17630.0,20396.0,26100.0,29486.0,34070.0,42100.0,3.9,5.0,0.3,70.7,2.7,3.2,19.6,3.8
4207,Colmar,82678,190731,130625.1,63.1,15032.0,21852.0,29894.0,14862.0,8662.0,13250.0,16564.0,19298.0,24606.0,27852.0,32436.0,40836.0,4.7,6.3,0.3,60.2,2.7,5.2,26.6,5.3
4208,Mulhouse,176797,420522,284009.5,59.5,13184.0,20728.0,29386.0,16202.0,6674.0,11220.0,14910.0,17920.0,23692.0,27228.0,32054.0,40806.0,6.1,8.1,0.4,62.2,3.3,3.6,26.8,4.1
4209,Saint-Louis,50207,119444,80851.8,71.8,18402.0,28534.0,42560.0,24158.0,10856.0,16278.0,20424.0,24262.0,33368.0,39052.0,46680.0,60620.0,5.6,7.2,0.4,72.3,2.7,2.0,19.9,3.1
4301,Besançon,127667,291398,199070.7,58.3,14108.0,20484.0,28104.0,13996.0,7934.0,12416.0,15552.0,18086.0,23084.0,26196.0,30404.0,38072.0,4.8,6.4,0.3,60.5,2.8,5.3,26.7,4.7
4302,Belfort - Montbéliard - Héricourt,156083,360957,246030.3,55.9,12870.0,19570.0,26944.0,14074.0,6888.0,11142.0,14382.0,17062.0,22154.0,25148.0,29152.0,36102.0,5.2,6.8,0.3,59.7,3.7,3.8,29.4,3.4
4303,Morteau,20246,48112,32373.1,73.1,18956.0,28148.0,39890.0,20934.0,13132.0,17264.0,20698.0,24394.0,32334.0,37276.0,43170.0,52546.0,4.0,4.8,0.3,75.3,2.8,3.4,15.5,3.0
4304,Pontarlier,27177,64469,43380.2,68.4,17296.0,25010.0,35630.0,18334.0,11382.0,15616.0,18850.0,21764.0,28542.0,32874.0,38870.0,48258.0,4.2,5.2,0.3,71.2,2.9,4.7,17.5,3.7
4305,Dole,30527,69586,47712.8,56.2,13726.0,19726.0,26446.0,12720.0,7778.0,11990.0,15060.0,17480.0,22048.0,24748.0,28438.0,34806.0,4.5,5.9,0.3,55.6,2.8,4.7,32.9,4.0
4306,Lons-le-Saunier,53176,116514,81303.1,55.5,14036.0,19758.0,26580.0,12544.0,8846.0,12636.0,15258.0,17538.0,22068.0,24886.0,28596.0,35192.0,4.0,5.3,0.3,54.6,2.6,5.1,33.1,4.6
4307,Saint-Claude,23053,54119,36704.7,62.3,14886.0,21696.0,31100.0,16214.0,9212.0,13290.0,16348.0,19108.0,24870.0,28740.0,33946.0,42996.0,4.7,5.9,0.3,65.9,3.3,3.6,23.5,3.7
4308,Gray,11889,26828,18498.8,50.9,12582.0,18232.0,24644.0,12062.0,7120.0,11032.0,13810.0,16078.0,20494.0,23030.0,26578.0,32688.0,4.6,6.1,0.3,51.2,2.9,6.8,34.1,5.0
4309,Vesoul,50905,114615,79089.5,51.2,12582.0,18434.0,24862.0,12280.0,7310.0,11038.0,13962.0,16278.0,20666.0,23284.0,26822.0,32740.0,4.5,6.0,0.3,54.7,3.1,5.3,32.9,4.0
5201,Ancenis,19000,47698,31388.2,52.1,14198.0,19048.0,24550.0,10352.0,9716.0,12988.0,15284.0,17294.0,20990.0,23262.0,26139.0,31440.0,3.2,4.2,0.3,62.4,2.9,4.7,25.3,4.7
5202,Châteaubriant,15220,36192,24400.0,46.4,12390.0,17408.0,22790.0,10400.0,7138.0,11084.0,13538.0,15568.0,19224.0,21476.0,24514.0,30238.0,4.2,5.6,0.3,55.0,3.3,7.4,29.4,4.9
5203,Nantes,437195,1034003,696272.0,59.9,15224.0,21300.0,28884.0,13660.0,9336.0,13686.0,16568.0,18950.0,23838.0,26958.0,31216.0,39008.0,4.2,5.5,0.3,64.6,3.1,4.6,22.9,4.8
5204,Saint-Nazaire,133707,300892,207203.9,58.6,14762.0,20472.0,27572.0,12810.0,9372.0,13360.0,16018.0,18302.0,22864.0,25770.0,29780.0,37230.0,4.0,5.3,0.3,52.5,3.4,4.6,33.7,5.8
5205,Angers,191017,450141,303851.7,55.0,14048.0,19808.0,26784.0,12736.0,8186.0,12498.0,15370.0,17644.0,22168.0,24996.0,28990.0,36352.0,4.4,5.9,0.3,59.6,3.3,5.4,27.2,4.5
5206,Cholet,78114,192586,127974.9,52.5,14462.0,19112.0,24738.0,10276.0,9546.0,13194.0,15510.0,17350.0,20974.0,23290.0,26492.0,32394.0,3.4,4.5,0.3,61.0,3.1,5.3,26.0,4.6
5207,Saumur,42014,97277,66345.1,48.7,12898.0,18114.0,24326.0,11428.0,7698.0,11504.0,14126.0,16174.0,20244.0,22732.0,26278.0,32768.0,4.3,5.7,0.3,52.3,3.6,6.4,32.7,5.0
5208,Segré,21494,51876,34754.1,46.5,13404.0,17925.0,23202.0,9798.0,8530.0,12098.0,14436.0,16236.0,19642.0,21802.0,24750.0,30060.0,3.5,4.6,0.3,56.0,3.0,7.2,28.9,4.9
5209,Laval,92244,220021,147940.1,53.8,14174.0,19308.0,25472.0,11298.0,9030.0,12850.0,15302.0,17346.0,21410.0,23934.0,27396.0,33850.0,3.7,5.0,0.3,58.8,2.5,5.9,27.8,5.0
5210,La Mayenne,22431,51889,35435.3,52.3,13912.0,18792.0,24530.0,10618.0,8956.0,12578.0,15056.0,16958.0,20826.0,23124.0,26258.0,31794.0,3.6,4.8,0.3,54.3,3.0,7.0,29.8,5.9
5211,La Ferté-Bernard,14939,34200,23439.7,56.2,14144.0,19308.0,25220.0,11076.0,8732.0,12798.0,15354.0,17380.0,21304.0,23774.0,26960.0,32538.0,3.7,4.8,0.3,55.5,3.0,5.2,31.5,4.8
5212,La Flèche,23883,53591,37061.3,50.6,13154.0,18432.0,24212.0,11058.0,7816.0,11746.0,14352.0,16484.0,20380.0,22736.0,26116.0,32342.0,4.1,5.4,0.3,50.5,3.3,5.4,36.1,4.7
5213,Le Mans,179321,415600,282520.3,56.3,13814.0,19798.0,26384.0,12570.0,7516.0,12166.0,15214.0,17582.0,22104.0,24774.0,28416.0,34968.0,4.7,6.2,0.3,58.2,3.0,4.6,30.1,4.1
5214,Sablé-sur-Sarthe,15258,37145,24769.1,53.4,13516.0,18697.0,24316.0,10800.0,8216.0,12022.0,14641.0,16772.0,20706.0,22828.0,26086.0,32009.0,3.9,5.2,0.3,59.4,3.2,5.0,27.0,5.4
5215,Challans,59598,130162,91181.4,56.6,14466.0,19668.0,26320.0,11854.0,9806.0,13226.0,15606.0,17652.0,21934.0,24610.0,28382.0,35232.0,3.6,4.7,0.3,44.5,3.2,5.7,39.7,6.9
5216,Fontenay-le-Comte,29140,67871,46243.6,49.1,13300.0,18338.0,24130.0,10830.0,8258.0,11952.0,14410.0,16390.0,20378.0,22684.0,26034.0,32162.0,3.9,5.2,0.3,52.4,3.3,7.0,32.6,4.7
5217,Les Herbiers,24071,59776,39596.6,53.9,14906.0,19202.0,24436.0,9530.0,10558.0,13826.0,15916.0,17584.0,21012.0,23140.0,25880.0,30836.0,2.9,3.7,0.3,63.9,3.0,5.4,23.5,4.2
5218,La Roche-sur-Yon,105491,249354,168303.9,54.3,14334.0,19506.0,25537.0,11203.0,9184.0,12974.0,15466.0,17546.0,21568.0,24036.0,27406.0,33476.0,3.6,4.8,0.3,57.8,3.1,5.3,29.1,4.7
5219,Les Sables-d'Olonne,34052,70328,50521.7,61.0,15180.0,20968.0,28696.0,13516.0,9970.0,13728.0,16386.0,18662.0,23574.0,26822.0,31024.0,38976.0,3.9,5.3,0.3,39.8,3.1,5.3,44.7,7.1
5301,Dinan,41922,93089,64571.7,57.0,14576.0,20434.0,27776.0,13200.0,9432.0,13176.0,15842.0,18146.0,22926.0,25928.0,30132.0,38078.0,4.0,5.4,0.3,49.1,3.2,6.1,35.6,6.0
5302,Guingamp,22828,50212,34868.8,48.4,12768.0,18232.0,24344.0,11576.0,7546.0,11346.0,14042.0,16166.0,20374.0,22854.0,26306.0,32248.0,4.3,5.7,0.3,50.0,3.2,7.1,35.2,4.5
5303,Lannion,41921,90226,63419.0,57.5,14338.0,20454.0,28242.0,13904.0,8828.0,12880.0,15670.0,18032.0,23090.0,26214.0,30686.0,38170.0,4.3,5.5,0.3,45.5,2.9,6.3,40.1,5.2
5304,Loudéac,16931,38782,26574.4,51.9,13258.0,18542.0,24386.0,11128.0,8392.0,12010.0,14456.0,16552.0,20564.0,22900.0,26174.0,31732.0,3.8,5.0,0.3,50.9,2.6,9.2,32.5,4.8
5305,Saint-Brieuc,135278,302844,209081.5,56.1,14312.0,19896.0,26692.0,12380.0,9024.0,12896.0,15552.0,17760.0,22210.0,24974.0,28854.0,35780.0,4.0,5.2,0.3,51.2,2.9,6.8,34.0,5.1
5306,Brest,195414,440910,302943.3,57.0,14674.0,20400.0,27446.0,12772.0,9222.0,13230.0,15946.0,18188.0,22746.0,25680.0,29622.0,36506.0,4.0,5.2,0.3,57.0,3.2,5.6,30.0,4.2
5307,Carhaix-Plouguer,20430,42317,30239.7,48.1,12438.0,17866.0,24192.0,11754.0,7224.0,11150.0,13624.0,15782.0,20092.0,22598.0,25978.0,31568.0,4.4,5.6,0.3,44.3,3.1,8.8,39.3,4.5
5308,Morlaix,33036,72013,50248.1,54.9,14072.0,19618.0,26492.0,12420.0,8702.0,12712.0,15260.0,17478.0,21974.0,24758.0,28612.0,35340.0,4.1,5.4,0.3,48.3,3.2,7.9,35.5,5.1
5309,Quimper,146063,313837,220776.6,56.1,14564.0,20122.0,27086.0,12522.0,9370.0,13186.0,15812.0,17976.0,22472.0,25332.0,29230.0,36218.0,3.9,5.1,0.3,49.7,3.1,6.2,35.5,5.5
5310,Fougères,28750,66855,45433.6,50.5,13902.0,18622.0,24180.0,10278.0,8780.0,12626.0,15012.0,16864.0,20566.0,22824.0,25832.0,31420.0,3.6,4.7,0.3,56.8,2.8,6.2,29.9,4.3
5311,Redon,19442,44738,30580.7,51.8,13562.0,18774.0,24624.0,11062.0,8398.0,12154.0,14794.0,16908.0,20830.0,23176.0,26356.0,32022.0,3.8,5.0,0.3,54.7,3.6,5.1,32.3,4.3
5312,Rennes,321463,762050,512470.2,58.8,14908.0,21008.0,28428.0,13520.0,8946.0,13354.0,16282.0,18672.0,23514.0,26552.0,30732.0,38252.0,4.3,5.6,0.3,64.0,2.9,5.2,23.1,4.8
5313,Saint-Malo,48129,104401,73060.2,55.5,14064.0,19886.0,27448.0,13384.0,8682.0,12618.0,15344.0,17626.0,22384.0,25446.0,29816.0,38230.0,4.4,5.9,0.3,49.2,3.0,6.4,34.9,6.5
5314,Vitré,20423,51166,33762.9,55.9,14850.0,19640.0,25602.0,10752.0,10366.0,13722.0,15906.0,17872.0,21666.0,24040.0,27520.0,33608.0,3.2,4.2,0.3,64.6,2.6,5.8,21.6,5.4
5315,Lorient,132576,293636,203743.3,56.0,14188.0,19972.0,26860.0,12672.0,8560.0,12718.0,15476.0,17794.0,22338.0,25146.0,29002.0,35786.0,4.2,5.5,0.3,52.4,3.4,5.5,33.9,4.8
5316,Ploërmel,16881,38938,26573.6,51.6,13630.0,18837.0,24628.0,10998.0,8768.0,12282.0,14808.0,16840.0,20896.0,23234.0,26292.0,31958.0,3.6,4.7,0.3,54.8,2.9,6.8,31.2,4.3
5317,Pontivy,24624,56092,38505.5,53.5,13943.0,19062.0,25072.0,11129.0,8674.0,12560.0,15012.0,17120.0,21170.0,23590.0,26928.0,32672.0,3.8,5.0,0.3,53.5,2.8,8.1,30.6,5.0
5318,Vannes,152399,343873,236861.0,58.8,14734.0,20472.0,27904.0,13170.0,9402.0,13306.0,15992.0,18242.0,22972.0,25996.0,30240.0,38030.0,4.0,5.4,0.3,49.9,3.1,6.4,34.5,6.1
5401,Thouars - Loudun,28506,64158,44315.9,48.2,13022.0,17914.0,23698.0,10676.0,8064.0,11646.0,14160.0,16098.0,19873.0,22248.0,25448.0,31206.0,3.9,5.3,0.3,51.2,3.1,7.5,32.9,5.3
5402,Châtellerault,35798,80066,55358.5,53.6,13150.0,19066.0,25594.0,12444.0,6882.0,11542.0,14518.0,16864.0,21270.0,23990.0,27564.0,33974.0,4.9,6.7,0.3,54.5,3.2,4.9,32.9,4.5
5403,Angoulême,121041,266450,185805.3,51.4,12830.0,18898.0,25746.0,12916.0,6868.0,11262.0,14198.0,16640.0,21268.0,24048.0,27855.0,34644.0,5.0,6.7,0.3,52.7,3.2,6.3,32.9,4.9
5404,Jonzac - Barbezieux-Saint-Hilaire,29087,64745,45021.5,45.9,12008.0,17524.0,24250.0,12242.0,6862.0,10642.0,13172.0,15354.0,19810.0,22522.0,26354.0,33254.0,4.8,6.5,0.3,46.8,3.2,10.3,34.2,5.5
5405,Cognac,36318,80482,56033.8,55.9,13860.0,19870.0,27726.0,13866.0,8252.0,12390.0,15168.0,17530.0,22460.0,25644.0,30244.0,39030.0,4.7,6.7,0.4,50.1,2.8,10.1,30.2,6.8
5406,Saintes - Saint-Jean-d'Angely,54678,120613,84010.2,50.9,12872.0,18690.0,25568.0,12696.0,7436.0,11452.0,14194.0,16470.0,21014.0,23876.0,27690.0,34726.0,4.7,6.2,0.3,49.4,3.1,7.5,34.8,5.2
5407,Royan,45140,92988,66911.5,56.2,13688.0,19764.0,27746.0,14058.0,8486.0,12262.0,14944.0,17316.0,22422.0,25630.0,30334.0,38186.0,4.5,6.2,0.3,35.8,3.0,7.3,45.8,8.1
5408,Rochefort,49770,107270,75391.0,52.6,13190.0,18968.0,25860.0,12670.0,7680.0,11746.0,14486.0,16780.0,21344.0,24160.0,27948.0,34854.0,4.5,5.9,0.3,46.2,3.5,6.8,38.1,5.4
5409,La Rochelle,107820,238450,165821.5,59.8,14604.0,20908.0,29022.0,14418.0,8562.0,13008.0,15990.0,18434.0,23592.0,26936.0,31622.0,39880.0,4.7,6.2,0.3,51.4,3.3,6.0,33.0,6.3
5410,Niort,96826,220603,151385.5,56.0,14210.0,20088.0,27374.0,13164.0,8644.0,12732.0,15478.0,17816.0,22516.0,25510.0,29656.0,37002.0,4.3,5.6,0.3,58.9,2.6,5.5,28.8,4.2
5411,Parthenay,14104,31600,21869.8,47.0,12884.0,17791.0,23844.0,10960.0,7662.0,11532.0,14070.0,15970.0,19914.0,22354.0,25694.0,31348.0,4.1,5.5,0.3,53.0,2.9,6.3,32.9,4.9
5412,Bressuire,29876,72463,48526.7,47.3,13372.0,18020.0,23232.0,9860.0,8422.0,12182.0,14438.0,16316.0,19842.0,21996.0,24790.0,30306.0,3.6,4.8,0.3,56.8,3.3,6.7,27.8,5.4
5413,Poitiers,140010,311439,215292.2,54.8,13732.0,19868.0,27140.0,13408.0,7860.0,12162.0,15106.0,17534.0,22370.0,25278.0,29396.0,36942.0,4.7,6.2,0.3,58.5,2.7,5.3,28.8,4.7
7201,Bergerac,48484,106040,74210.9,49.1,12038.0,18122.0,25136.0,13098.0,6294.0,10512.0,13434.0,15782.0,20546.0,23426.0,27328.0,34308.0,5.5,7.0,0.3,45.4,3.4,6.4,38.7,6.1
7202,Périgueux,107236,230460,162502.0,50.2,12852.0,18722.0,25432.0,12580.0,7356.0,11386.0,14170.0,16512.0,21062.0,23808.0,27454.0,34074.0,4.6,6.1,0.3,49.3,3.0,5.6,37.1,5.0
7203,Sarlat-la-Canéda,23858,50756,36051.8,50.4,12490.0,18128.0,25214.0,12724.0,7516.0,11182.0,13666.0,15904.0,20612.0,23486.0,27532.0,34700.0,4.6,6.1,0.3,42.8,3.4,6.6,39.6,7.6
7204,Bordeaux,540355,1229637,843589.4,59.7,14378.0,21370.0,29810.0,15432.0,7994.0,12602.0,15916.0,18706.0,24250.0,27694.0,32414.0,40920.0,5.1,6.8,0.3,61.1,3.2,5.4,25.1,5.2
7205,Libourne,49581,111936,77114.7,48.7,11966.0,18088.0,25008.0,13042.0,6326.0,10434.0,13338.0,15792.0,20502.0,23248.0,27022.0,33838.0,5.3,7.2,0.3,52.0,3.5,6.4,32.0,6.1
7206,Pauillac,22932,51082,35425.5,51.3,12752.0,18614.0,25252.0,12500.0,7294.0,11188.0,14018.0,16380.0,20908.0,23538.0,27334.0,33728.0,4.6,6.3,0.3,47.2,3.7,6.8,36.2,6.1
7207,La Teste-de-Buch,69132,152698,106447.1,59.7,14868.0,21014.0,28838.0,13970.0,9528.0,13376.0,16198.0,18558.0,23596.0,26854.0,31342.0,39270.0,4.1,5.5,0.3,48.2,3.2,5.7,36.4,6.5
7208,Dax,79849,177106,123266.3,55.7,14048.0,19924.0,27036.0,12988.0,8588.0,12592.0,15356.0,17692.0,22338.0,25214.0,29206.0,36504.0,4.3,5.7,0.3,49.2,3.4,5.9,34.9,6.6
7209,Agen,65190,146166,100999.0,52.6,12740.0,19068.0,26426.0,13686.0,6846.0,11136.0,14142.0,16658.0,21630.0,24612.0,28640.0,35920.0,5.2,6.9,0.3,55.0,3.2,5.9,30.3,5.6
7210,Marmande,38345,84478,58975.6,47.6,12052.0,17702.0,24428.0,12376.0,6540.0,10680.0,13322.0,15568.0,20010.0,22796.0,26442.0,32924.0,5.0,6.7,0.3,48.4,3.1,6.5,35.8,6.2
7211,Villeneuve-sur-Lot,42619,94590,65859.2,46.7,11518.0,17266.0,23930.0,12412.0,6182.0,10028.0,12802.0,15088.0,19624.0,22310.0,25876.0,32432.0,5.2,6.9,0.3,44.4,3.8,6.6,38.5,6.7
7212,Bayonne,148418,323306,226296.5,58.2,14474.0,20664.0,28520.0,14046.0,8900.0,12956.0,15798.0,18262.0,23278.0,26502.0,31020.0,39400.0,4.4,6.1,0.3,51.8,3.0,6.1,31.6,7.5
7213,Oloron-Sainte-Marie,18501,41039,28650.7,53.3,13748.0,19322.0,26014.0,12266.0,8418.0,12354.0,14946.0,17302.0,21640.0,24356.0,27952.0,34068.0,4.0,5.3,0.3,51.1,2.8,6.2,34.7,5.2
7214,Pau,146642,330922,228527.5,57.9,14256.0,20770.0,28830.0,14574.0,8378.0,12674.0,15642.0,18232.0,23496.0,26792.0,31340.0,39588.0,4.7,6.3,0.3,55.9,2.8,4.8,30.5,6.0
7301,Foix - Pamiers,50172,110369,76952.7,48.8,12130.0,18268.0,25120.0,12990.0,6286.0,10574.0,13514.0,15962.0,20696.0,23446.0,27208.0,33592.0,5.3,6.9,0.3,51.0,3.3,5.5,35.0,5.2
7302,Saint-Girons,14984,30356,21878.2,48.2,11420.0,17978.0,24960.0,13540.0,5216.0,9724.0,12846.0,15474.0,20490.0,23350.0,27104.0,33282.0,6.4,8.0,0.3,44.6,3.0,6.1,41.2,5.1
7303,Millau,26819,58078,40747.1,49.0,12556.0,18074.0,24688.0,12132.0,7300.0,11118.0,13822.0,15976.0,20306.0,22908.0,26614.0,32746.0,4.5,5.9,0.3,48.2,3.0,7.4,35.0,6.4
7304,Rodez,76774,168723,117748.4,54.6,13654.0,19242.0,26128.0,12474.0,8758.0,12334.0,14838.0,17056.0,21656.0,24434.0,28140.0,34876.0,4.0,5.3,0.3,50.3,2.2,8.3,32.0,7.2
7305,Villefranche-de-Rouergue,16156,35136,24693.1,49.0,12518.0,17978.0,24588.0,12070.0,7422.0,11210.0,13632.0,15756.0,20316.0,22986.0,26764.0,33208.0,4.5,6.0,0.3,44.0,2.5,8.8,38.0,6.7
7306,Saint-Gaudens,26877,56563,40182.7,51.2,12552.0,18822.0,25848.0,13296.0,6710.0,11026.0,13934.0,16452.0,21292.0,24110.0,28050.0,34728.0,5.2,6.9,0.3,46.6,2.9,5.9,39.0,5.6
7307,Auch,51214,112128,78613.5,50.9,12702.0,18708.0,25867.0,13165.0,7410.0,11316.0,14022.0,16370.0,21144.0,24076.0,28082.0,35456.0,4.8,6.3,0.3,48.4,2.7,7.0,35.0,6.9
7308,Cahors,41751,89312,63140.7,52.1,12682.0,18942.0,26560.0,13878.0,7206.0,11188.0,14006.0,16546.0,21532.0,24660.0,28834.0,35984.0,5.0,6.5,0.3,45.0,3.2,6.7,39.0,6.1
7309,Figeac,17809,38168,26945.9,53.5,13418.0,19310.0,26304.0,12886.0,8258.0,12050.0,14620.0,16960.0,21822.0,24566.0,28212.0,34748.0,4.2,5.5,0.3,48.4,2.4,6.7,36.7,5.8
7310,Tarbes - Lourdes,103987,224466,157847.8,52.3,13074.0,19084.0,25906.0,12832.0,7326.0,11502.0,14404.0,16796.0,21442.0,24206.0,27958.0,34406.0,4.7,6.1,0.3,50.8,3.4,6.1,35.2,4.5
7311,Albi,75414,167035,116153.4,51.4,12760.0,18890.0,26164.0,13404.0,6832.0,11168.0,14122.0,16552.0,21424.0,24354.0,28394.0,35516.0,5.2,6.9,0.3,49.8,3.0,6.3,35.0,5.9
7312,Castres - Mazamet,58026,130909,90558.4,48.7,12442.0,18189.0,24926.0,12484.0,6652.0,10914.0,13818.0,16080.0,20530.0,23260.0,26952.0,33834.0,5.1,6.8,0.3,51.3,3.3,5.9,34.3,5.2
7313,Montauban,94501,221714,150491.4,48.8,11634.0,17932.0,25088.0,13454.0,5924.0,10034.0,13046.0,15534.0,20448.0,23382.0,27164.0,33554.0,5.7,7.5,0.3,54.0,3.4,5.8,31.0,5.8
7401,Tulle,31843,66401,47385.3,55.2,13762.0,19656.0,26478.0,12716.0,8618.0,12400.0,15036.0,17410.0,21976.0,24760.0,28500.0,34876.0,4.0,5.2,0.3,48.9,2.3,5.5,38.7,4.6
7402,Ussel,13763,28713,20439.7,52.3,13186.0,18574.0,24726.0,11540.0,8152.0,11784.0,14340.0,16524.0,20698.0,23206.0,26758.0,33290.0,4.1,5.4,0.3,50.5,2.4,6.1,35.9,5.1
7403,Guéret,55751,114040,82001.9,47.3,11886.0,17546.0,24206.0,12320.0,6716.0,10510.0,13122.0,15294.0,19884.0,22554.0,26180.0,32464.0,4.8,6.3,0.3,45.6,2.7,7.1,39.7,4.9
7404,Limoges,166347,353996,249530.8,54.6,13156.0,19720.0,26990.0,13834.0,6644.0,11428.0,14660.0,17314.0,22234.0,25180.0,29202.0,36404.0,5.5,7.1,0.3,54.3,2.5,5.0,33.9,4.3
8201,Ambérieu-en-Bugey,40482,98928,65837.9,60.7,15072.0,21100.0,28312.0,13240.0,9530.0,13558.0,16414.0,18794.0,23628.0,26496.0,30556.0,37342.0,3.9,4.9,0.3,64.0,3.0,4.1,24.7,4.2
8202,Bourg-en-Bresse,56296,130712,88863.8,60.1,14472.0,20550.0,27626.0,13154.0,8594.0,12830.0,15830.0,18278.0,22914.0,25850.0,29828.0,37106.0,4.3,5.6,0.3,59.6,2.6,4.5,28.8,4.5
8203,Oyonnax,26335,64568,43004.6,55.1,12122.0,18760.0,25874.0,13752.0,6932.0,10470.0,13684.0,16282.0,21266.0,24094.0,27900.0,34990.0,5.0,6.8,0.3,61.7,3.6,3.5,26.4,4.8
8204,Annonay,22523,52380,35682.2,54.8,13914.0,19316.0,25268.0,11354.0,8398.0,12390.0,15144.0,17388.0,21382.0,23860.0,27106.0,33364.0,4.0,5.3,0.3,55.9,3.6,4.5,31.4,4.6
8205,Aubenas,42982,93105,65329.9,48.9,11996.0,17900.0,24710.0,12714.0,6616.0,10522.0,13272.0,15642.0,20254.0,23058.0,26792.0,33216.0,5.0,6.6,0.3,44.9,4.0,6.0,38.2,6.9
8206,Montélimar,79361,183636,125291.3,53.8,12290.0,19076.0,27034.0,14744.0,6616.0,10648.0,13778.0,16472.0,21786.0,25038.0,29376.0,37002.0,5.6,7.2,0.3,54.0,3.5,5.4,31.0,6.1
8207,Romans-sur-Isère,36862,87082,58853.2,53.2,12650.0,19056.0,26160.0,13510.0,6956.0,11028.0,14114.0,16670.0,21460.0,24370.0,28358.0,35602.0,5.1,6.8,0.3,57.2,3.4,5.0,28.6,5.8
8208,Valence,149254,344794,235388.8,54.8,13268.0,19470.0,26794.0,13526.0,7524.0,11692.0,14614.0,17106.0,21976.0,24990.0,29058.0,36368.0,4.8,6.3,0.3,56.1,3.3,5.2,29.8,5.6
8209,Bourgoin-Jallieu,86946,223010,145867.9,58.4,14132.0,20474.0,27664.0,13532.0,8352.0,12518.0,15584.0,18136.0,22970.0,25948.0,29836.0,36822.0,4.4,5.6,0.3,66.1,3.3,3.8,22.9,3.9
8210,Grenoble,340025,794300,539098.2,62.4,14856.0,21796.0,30306.0,15450.0,8662.0,13128.0,16364.0,19092.0,24730.0,28180.0,32898.0,41202.0,4.8,6.2,0.3,61.9,2.9,4.4,25.6,5.2
8211,Vienne - Roussillon,91285,224441,149445.1,57.9,13902.0,20244.0,27554.0,13652.0,8160.0,12312.0,15356.0,17862.0,22796.0,25808.0,29680.0,36496.0,4.5,5.8,0.3,60.5,3.2,4.6,26.9,4.8
8212,Roanne,61127,135863,94126.2,52.5,13392.0,18838.0,25132.0,11740.0,7730.0,11844.0,14666.0,16820.0,20972.0,23526.0,27072.0,33438.0,4.3,5.8,0.3,53.3,3.1,4.6,34.2,4.8
8213,Villefranche-sur-Saône,101301,254541,167997.9,62.0,15280.0,21728.0,29764.0,14484.0,9306.0,13692.0,16684.0,19238.0,24432.0,27708.0,32266.0,40250.0,4.3,5.6,0.3,63.0,2.9,4.9,23.9,5.3
8214,Lyon,741014,1742648,1176264.6,62.5,13752.0,21678.0,31072.0,17320.0,7168.0,11812.0,15520.0,18662.0,24864.0,28684.0,34004.0,43708.0,6.1,8.1,0.4,64.0,3.1,4.4,23.3,5.2
8215,La Tarentaise,47904,108665,74721.3,63.4,14854.0,20926.0,28112.0,13258.0,9360.0,13410.0,16200.0,18606.0,23370.0,26306.0,30348.0,37478.0,4.0,5.3,0.3,56.9,3.6,7.5,24.3,7.7
8216,Chambéry,123908,285252,194868.7,62.5,14984.0,21650.0,29608.0,14624.0,9114.0,13332.0,16412.0,19082.0,24356.0,27596.0,32140.0,40312.0,4.4,5.8,0.3,58.4,2.8,5.2,27.8,5.8
8217,La Maurienne,17566,38858,27010.2,63.1,15354.0,20982.0,27772.0,12418.0,10260.0,13992.0,16522.0,18708.0,23416.0,26110.0,29824.0,35916.0,3.5,4.5,0.3,54.2,3.2,6.8,30.1,5.7
8218,Annecy,123604,289497,196449.4,68.1,17124.0,24270.0,33974.0,16850.0,10968.0,15394.0,18642.0,21470.0,27452.0,31404.0,37272.0,48626.0,4.4,5.9,0.3,63.9,2.6,4.7,22.0,6.8
8219,Le Genevois Français,159887,385254,257125.8,55.1,17116.0,28394.0,44747.0,27631.0,8662.0,14688.0,19408.0,23716.0,33808.0,40604.0,49800.0,65422.0,7.6,9.8,0.4,74.1,3.0,3.0,15.8,4.1
8220,La Vallée de l'Arve,24434,61012,40416.7,64.1,14914.0,21868.0,30130.0,15216.0,9118.0,13174.0,16494.0,19240.0,24696.0,28056.0,32754.0,41250.0,4.5,5.8,0.3,65.8,3.7,3.8,20.9,5.8
8221,Le Mont Blanc,28189,63143,43675.8,66.6,15890.0,22204.0,30380.0,14490.0,10552.0,14404.0,17246.0,19676.0,24938.0,28282.0,32856.0,42290.0,4.0,5.5,0.3,57.2,2.8,7.9,22.9,9.2
8222,Le Chablais,41759,96411,65698.3,66.3,16778.0,24600.0,35788.0,19010.0,10518.0,14978.0,18368.0,21456.0,28184.0,32862.0,39298.0,50750.0,4.8,6.2,0.3,65.3,3.0,4.8,20.8,6.1
8301,Montluçon,51447,107205,76281.5,51.7,12460.0,18524.0,25000.0,12540.0,6425.0,10906.0,13844.0,16274.0,20802.0,23368.0,26894.0,33249.0,5.2,6.9,0.3,49.3,3.0,5.5,37.8,4.4
8302,Moulins,44781,96714,67864.5,52.5,12876.0,18696.0,25300.0,12424.0,7118.0,11404.0,14194.0,16532.0,20908.0,23644.0,27342.0,33676.0,4.7,6.2,0.3,51.1,2.5,6.5,34.8,5.1
8303,Vichy,61904,129662,92113.7,51.6,12632.0,18658.0,25540.0,12908.0,6764.0,11070.0,13982.0,16392.0,21042.0,23796.0,27608.0,34624.0,5.1,6.9,0.3,49.5,3.0,5.6,37.0,4.9
8304,Aurillac,37362,79919,56382.0,53.4,13604.0,19126.0,25968.0,12364.0,8654.0,12310.0,14844.0,17048.0,21528.0,24276.0,27980.0,34874.0,4.0,5.4,0.3,51.6,2.3,7.4,33.0,5.7
8305,Mauriac,13523,27510,19873.6,45.9,12531.0,17414.0,23280.0,10749.0,8202.0,11353.0,13538.0,15372.0,19492.0,21924.0,25112.0,31159.0,3.8,5.0,0.3,42.3,2.3,10.4,39.0,6.0
8306,Saint-Flour,15413,33156,23381.5,47.7,12500.0,17604.0,23982.0,11482.0,7996.0,11284.0,13640.0,15674.0,19792.0,22366.0,25912.0,31388.0,3.9,5.1,0.3,46.2,2.4,11.0,33.7,6.7
8307,Brioude,20102,43024,30340.7,47.4,12284.0,17644.0,23754.0,11470.0,7418.0,10962.0,13424.0,15526.0,19766.0,22224.0,25546.0,31162.0,4.2,5.5,0.3,48.0,3.1,7.1,36.8,5.0
8308,Le Puy-en-Velay,40616,89590,62344.8,52.4,13118.0,18856.0,25516.0,12398.0,7808.0,11709.0,14370.0,16668.0,21154.0,23838.0,27558.0,34319.0,4.4,5.8,0.3,52.2,2.7,7.0,32.7,5.4
8309,Ambert,9586,20195,14367.0,51.1,12780.0,18356.0,25322.0,12542.0,7864.0,11338.0,14002.0,16164.0,20794.0,23534.0,27174.0,34270.0,4.4,5.7,0.3,49.1,3.2,5.4,37.0,5.3
8310,Clermont-Ferrand,230803,504537,351619.7,59.8,14428.0,21026.0,28914.0,14486.0,8286.0,12752.0,15872.0,18490.0,23718.0,26934.0,31380.0,39112.0,4.7,6.3,0.3,59.1,2.5,5.1,28.5,4.8
8311,Issoire,21769,47384,33105.8,52.9,13566.0,19318.0,25705.0,12139.0,8452.0,12162.0,14822.0,17050.0,21524.0,24018.0,27566.0,33502.0,4.0,5.2,0.3,53.0,3.0,5.7,33.1,5.2
8312,Thiers,20760,46446,32187.7,48.7,12678.0,18156.0,24690.0,12012.0,7326.0,11218.0,13928.0,16126.0,20444.0,23012.0,26604.0,32770.0,4.5,5.8,0.3,54.4,3.6,4.7,33.5,3.8
9101,Carcassonne,53842,120664,83336.4,46.9,10692.0,17500.0,24880.0,14188.0,4110.0,8926.0,12210.0,14896.0,20112.0,23096.0,27084.0,34016.0,8.3,10.0,0.4,51.0,3.7,6.0,34.2,5.1
9102,Limoux,19671,41754,29608.5,42.5,10358.0,16580.0,23282.0,12924.0,4534.0,8870.0,11774.0,14202.0,18904.0,21568.0,25190.0,31404.0,6.9,8.7,0.4,42.2,3.5,6.6,41.8,5.9
9103,Narbonne,73375,158298,111051.6,46.0,10720.0,17237.0,24602.0,13882.0,4768.0,9120.0,12134.0,14736.0,19812.0,22790.0,26750.0,33696.0,7.1,9.1,0.4,45.4,4.0,6.5,38.4,5.7
9104,Alès,65500,142926,99900.8,44.1,10210.0,16772.0,23976.0,13766.0,3822.0,8506.0,11706.0,14406.0,19280.0,22196.0,26082.0,32596.0,8.5,10.4,0.4,46.0,4.1,5.5,38.6,5.8
9105,Bagnols-sur-Cèze,28621,66836,45538.0,53.3,12184.0,19270.0,27064.0,14880.0,6104.0,10546.0,13750.0,16582.0,22048.0,25178.0,29272.0,36442.0,6.0,7.3,0.3,56.8,3.2,5.1,30.0,4.9
9106,Nîmes,152509,357923,242618.3,50.4,10806.0,18292.0,26448.0,15642.0,4402.0,8924.0,12490.0,15514.0,21130.0,24440.0,28832.0,36440.0,8.3,10.4,0.4,54.7,3.7,5.8,30.0,5.8
9107,Agde - Pézenas,40033,87019,61003.6,47.1,10802.0,17382.0,24822.0,14020.0,5142.0,9170.0,12260.0,14844.0,19974.0,22998.0,27012.0,34210.0,6.7,8.9,0.4,42.2,4.3,6.1,38.5,8.9
9108,Béziers,102761,228374,158190.2,45.1,10054.0,16982.0,24456.0,14402.0,3886.0,8302.0,11614.0,14362.0,19650.0,22686.0,26646.0,33694.0,8.7,10.9,0.4,46.3,3.9,7.1,36.2,6.5
9109,Clermont-l'Hérault - Lodève,23889,55930,37902.5,44.7,10968.0,17286.0,24478.0,13510.0,5476.0,9348.0,12356.0,14836.0,19818.0,22722.0,26580.0,33310.0,6.1,7.9,0.3,51.6,4.5,6.3,32.0,5.6
9110,Ganges,20995,45261,31770.5,43.1,10646.0,16808.0,23866.0,13220.0,4932.0,9144.0,12006.0,14464.0,19244.0,22120.0,25860.0,32372.0,6.6,8.2,0.4,45.3,4.3,6.3,38.0,6.1
9111,Montpellier,281594,635525,437158.7,56.1,12266.0,20226.0,29492.0,17226.0,5716.0,10292.0,14020.0,17196.0,23428.0,27222.0,32240.0,41348.0,7.2,9.5,0.4,57.2,3.7,6.2,26.5,6.4
9112,Sète,46930,102027,71397.5,49.7,11416.0,18196.0,25894.0,14478.0,5288.0,9710.0,12954.0,15642.0,20862.0,23966.0,28264.0,35784.0,6.8,8.8,0.4,47.6,4.0,6.5,36.0,5.9
9113,La Lozère,32681,71051,49711.6,52.2,13030.0,18780.0,25290.0,12260.0,8042.0,11690.0,14278.0,16550.0,21024.0,23598.0,27396.0,33742.0,4.2,5.5,0.3,50.9,2.3,8.0,32.5,6.3
9114,Céret,35031,72290,51869.1,51.0,12050.0,18514.0,26192.0,14142.0,6136.0,10466.0,13464.0,16080.0,21102.0,24312.0,28538.0,36024.0,5.9,7.6,0.3,37.6,3.3,6.1,45.8,7.2
9115,Perpignan,156303,343603,239034.6,48.1,10358.0,17482.0,25276.0,14918.0,3948.0,8574.0,11986.0,14798.0,20238.0,23380.0,27538.0,34808.0,8.8,11.1,0.4,48.3,3.9,6.6,35.1,6.1
9116,Prades,19454,41277,29138.2,46.4,11048.0,17282.0,24242.0,13194.0,5242.0,9514.0,12440.0,14898.0,19622.0,22548.0,26206.0,32840.0,6.3,7.8,0.3,46.5,3.6,6.8,37.1,6.0
9301,Digne-les-Bains,32786,69943,49339.5,52.9,12298.0,18844.0,26182.0,13884.0,6656.0,10762.0,13690.0,16301.0,21366.0,24332.0,28324.0,35022.0,5.3,6.9,0.3,49.2,3.2,5.5,35.1,7.0
9302,Manosque,36680,81384,56502.4,53.4,12610.0,19242.0,27366.0,14756.0,7022.0,11032.0,14036.0,16666.0,21960.0,25320.0,29758.0,37484.0,5.3,7.0,0.3,48.1,3.4,6.3,34.0,8.2
9303,Briançon,15948,34443,24107.6,59.0,13814.0,19404.0,26450.0,12636.0,8570.0,12442.0,14994.0,17158.0,21828.0,24752.0,28592.0,35818.0,4.2,5.3,0.3,50.7,4.2,7.9,29.9,7.3
9304,Gap,47624,103750,72509.5,55.0,13272.0,19246.0,26480.0,13208.0,8014.0,11832.0,14512.0,16936.0,21726.0,24690.0,28750.0,35876.0,4.5,5.9,0.3,49.9,3.3,6.6,33.3,6.9
9305,Cannes - Antibes,193656,421553,294972.0,61.4,13794.0,21380.0,31300.0,17506.0,7624.0,12022.0,15388.0,18356.0,24664.0,28716.0,34502.0,44946.0,5.9,8.0,0.4,53.2,3.2,5.6,28.9,9.1
9306,Menton - Vallée de la Roya,40195,85704,60435.2,62.6,14228.0,21494.0,30818.0,16590.0,8532.0,12548.0,15762.0,18606.0,24718.0,28458.0,33632.0,42906.0,5.0,7.0,0.4,60.5,2.8,4.2,26.2,6.3
9307,Nice,293673,636058,445405.8,59.4,12824.0,20750.0,30330.0,17506.0,6222.0,10926.0,14538.0,17690.0,24028.0,27934.0,33270.0,43314.0,7.0,9.3,0.4,55.2,3.1,6.4,27.8,7.5
9308,Aix-en-Provence,169375,398985,271284.0,62.7,15004.0,22840.0,32932.0,17928.0,8730.0,13214.0,16626.0,19758.0,26282.0,30404.0,36040.0,46372.0,5.3,7.1,0.4,58.3,3.2,5.2,25.4,7.9
9309,Arles,35830,82322,56339.6,51.5,11434.0,18442.0,26424.0,14990.0,5412.0,9676.0,13006.0,15754.0,21210.0,24504.0,28916.0,36770.0,6.8,8.9,0.4,52.7,3.8,6.1,30.1,7.3
9310,Marseille - Aubagne,551522,1284421,872432.6,55.9,10992.0,19628.0,29110.0,18118.0,3916.0,8874.0,12912.0,16392.0,22972.0,26800.0,31916.0,41070.0,10.5,12.8,0.4,57.7,3.3,5.9,27.1,6.0
9311,Istres - Martigues,58140,137052,92887.1,56.8,12950.0,20128.0,28198.0,15248.0,6902.0,11254.0,14498.0,17384.0,22956.0,26224.0,30490.0,37532.0,5.4,6.9,0.3,61.0,3.4,3.6,27.8,4.2
9312,Salon-de-Provence,51170,123819,83032.6,57.6,13386.0,20732.0,29218.0,15832.0,7476.0,11650.0,14926.0,17836.0,23686.0,27140.0,31754.0,39478.0,5.3,6.8,0.3,62.0,3.5,4.1,25.1,5.3
9313,Draguignan,51801,119368,81737.0,53.3,12276.0,19100.0,26934.0,14658.0,6242.0,10566.0,13806.0,16534.0,21808.0,24962.0,29176.0,36556.0,5.9,7.6,0.3,48.6,3.3,5.9,35.5,6.7
9314,Fréjus - Saint-Raphaël,85571,184201,129853.8,60.6,13460.0,20756.0,30130.0,16670.0,7628.0,11790.0,15026.0,17934.0,23876.0,27720.0,33098.0,43396.0,5.7,8.0,0.4,42.2,3.1,6.5,37.0,11.2
9315,Toulon,282028,620832,432997.0,56.9,13002.0,20328.0,28680.0,15678.0,6472.0,11182.0,14634.0,17538.0,23226.0,26610.0,31180.0,39290.0,6.1,7.9,0.4,49.8,3.2,5.8,34.5,6.7
9316,Cavaillon - Apt,33886,77882,53394.1,50.7,11080.0,17948.0,25806.0,14726.0,5730.0,9534.0,12512.0,15352.0,20660.0,23940.0,28272.0,36782.0,6.4,8.4,0.4,48.8,3.8,6.7,32.4,8.3
9317,Orange,39719,96123,64517.4,51.2,11270.0,18102.0,25658.0,14388.0,5756.0,9640.0,12864.0,15572.0,20746.0,23728.0,27972.0,34958.0,6.1,7.9,0.4,55.1,3.7,5.4,29.7,6.1
9401,Ajaccio,41767,92298,64543.3,58.2,13165.0,20734.0,29734.0,16569.0,7334.0,11474.0,14850.0,17796.0,23922.0,27596.0,32510.0,41098.0,5.6,7.5,0.4,55.6,2.6,6.4,28.9,6.5
9402,Porto-Vecchio,10874,25377,17327.4,52.2,10884.0,17718.0,26364.0,15480.0,6190.0,9308.0,12230.0,15014.0,20506.0,23974.0,28800.0,37902.0,6.1,8.7,0.4,48.8,3.5,7.9,28.5,11.3
9403,Sartène - Propriano,4228,9077,6395.2,46.8,10172.0,17188.0,25580.0,15408.0,5506.0,8726.0,11636.0,14426.0,20096.0,23640.0,28120.0,35622.0,6.5,8.5,0.4,49.5,3.1,7.7,32.8,6.9
9404,Bastia,46789,102441,71629.3,48.7,10908.0,18184.0,26934.0,16026.0,5274.0,9244.0,12434.0,15286.0,21294.0,24796.0,29494.0,37740.0,7.2,9.7,0.4,54.3,2.8,7.9,29.0,6.0
9405,Calvi - L'Île-Rousse,8692,18569,13089.3,49.1,10592.0,17114.0,25640.0,15048.0,5716.0,8924.0,12008.0,14578.0,20038.0,23482.0,28168.0,36954.0,6.5,9.0,0.4,44.4,3.6,10.6,32.2,9.2
9406,Corte,4371,8999,6451.3,47.9,11036.0,18279.0,26240.0,15204.0,5814.0,9500.0,12434.0,15460.0,20984.0,24236.0,28612.0,36046.0,6.2,8.1,0.4,52.9,2.5,7.7,30.9,6.0
9407,Ghisonaccia - Aléria,5819,13522,9248.5,46.9,10070.0,17136.0,25028.0,14958.0,5280.0,8600.0,11610.0,14448.0,20026.0,23100.0,27062.0,34312.0,6.5,8.8,0.4,49.3,3.3,7.9,32.3,7.2
