Fichier Localisé Social et Fiscal (FiLoSoFi) - Année 2012,,,,,,,,,,,,,,,,,,,,,,,,,
Distribution des revenus déclarés par unité de consommation et composition du revenu déclaré - Ensemble,,,,,,,,,,,,,,,,,,,,,,,,,
Zones d'emplois 2010,,Découpage géographique au 01/01/2013,,,,,Sommaire,,Documentation,,,,,,,,,,,,,,,,
©Insee,"Sources : Insee-DGFIP-Cnaf-Cnav-CCMSA, Fichier localisé social et fiscal.",,,,,,Date de première mise ligne le 02/06/2015,,,,,,,,,,,,,,,,,,
Code géographique,Libellé géographique,nombre de ménages fiscaux,nombre de personnes dans les ménages fiscaux,nbre d'unités de consommation dans les ménages fiscaux,Part des ménages fiscaux imposés,1er quartile,médiane,3e quartile,Ecart interquartile,1er décile,2e décile,3e décile ,4e décile ,6e décile,7e décile,8e décile ,9e décille,rapport interdécile D9/D1,S80/S20,indice de Gini,Part des salaires et traitements hors chômage,Part des indemnités chômage,Part des revenus d'activités non salariées,"Part des pensions, retraites et rentes",Part des autres revenus
CODGEO,LIBGEO,NBMEN12,NBPERS12,NBUC12,PMIMP12,Q112,Q212,Q312,Q3_Q1,D112,D212,D312,D412,D612,D712,D812,D912,RD,S80S2012,GI12,PTSA12,PCHO12,PBEN12,PPEN12,PAUT12
0050,Mont-de-Marsan,68633.0,156030.0,107630.4,60.2,13208.0,18804.0,25310.0,12102.0,8212.0,11788.0,14438.0,16674.0,21072.0,23674.0,27340.0,33996.0,4.1,5.6,0.3,52.8,2.7,7.5,31.0,6.0
0051,Alençon,51506.0,116252.5,79984.1,58.5,12610.0,18100.0,24424.0,11814.0,7136.0,11180.0,13822.0,16036.0,20264.0,22866.0,26450.0,32984.0,4.6,6.2,0.3,53.0,3.1,6.6,31.6,5.7
0052,Cosne - Clamecy,34761.0,72261.0,51547.3,59.9,12848.0,18434.0,25140.0,12292.0,7636.0,11478.0,14106.0,16304.0,20716.0,23406.0,27184.0,33994.0,4.5,6.2,0.3,44.2,2.7,9.0,38.0,6.1
0053,Mâcon,61015.0,141825.0,96526.7,65.5,13916.0,19680.0,26750.0,12834.0,8900.0,12524.0,15172.0,17460.0,22140.0,25006.0,28926.0,36344.0,4.1,5.5,0.3,57.4,2.7,6.3,27.4,6.2
0054,Nogent-le-Rotrou,20543.0,46146.0,31878.9,61.3,13194.0,18560.0,24706.0,11512.0,8130.0,11822.0,14350.0,16512.0,20702.0,23212.0,26674.0,33130.0,4.1,5.6,0.3,49.8,3.2,8.0,32.7,6.3
0055,Vallée de la Bresle - Vimeu,42267.0,98160.5,67114.5,59.9,12260.0,17574.0,23616.0,11356.0,7374.0,10876.0,13470.0,15614.0,19674.0,22084.0,25432.0,31720.0,4.3,6.0,0.3,53.2,3.5,6.3,31.2,5.8
0056,Roissy - Sud Picardie,608896.0,1692975.0,1077778.8,67.7,11216.0,19136.0,28100.0,16884.0,5872.0,9538.0,12830.0,16014.0,22360.0,25970.0,30662.0,38606.0,6.6,8.6,0.4,68.0,3.3,3.7,20.6,4.4
0057,Brive-la-Gaillarde,84567.0,184167.0,129003.9,59.8,12968.0,18660.0,25560.0,12592.0,8172.0,11604.0,14172.0,16456.0,21012.0,23820.0,27736.0,34684.0,4.2,5.7,0.3,51.0,2.8,6.4,33.2,6.6
0059,Avignon,210706.0,501153.5,338759.9,58.6,11146.0,17988.0,25958.0,14812.0,5654.0,9544.0,12644.0,15372.0,20760.0,23986.0,28354.0,36226.0,6.4,8.7,0.4,54.5,3.8,6.6,26.7,8.4
0060,Saint-Étienne,267735.0,620521.0,422411.7,59.5,12550.0,18418.0,25222.0,12672.0,7226.0,11044.0,13854.0,16208.0,20762.0,23522.0,27296.0,34132.0,4.7,6.5,0.3,57.2,3.1,5.2,28.6,5.9
0061,Toulouse,584870.0,1346196.5,918639.2,66.2,14008.0,21272.0,30068.0,16060.0,7896.0,12270.0,15588.0,18452.0,24292.0,27878.0,32714.0,41246.0,5.2,7.1,0.3,63.9,3.0,5.6,21.1,6.4
1101,Paris,2549677.0,5819835.5,3973238.3,74.0,13094.0,23940.0,38618.0,25524.0,6460.0,10934.0,15258.0,19558.0,28806.0,34832.0,43318.0,59450.0,9.2,13.5,0.5,65.7,2.8,5.5,17.3,8.7
1102,Marne-la-Vallée,124841.0,333235.0,215053.8,75.3,14398.0,22754.0,32082.0,17684.0,8048.0,12496.0,16206.0,19570.0,26132.0,29850.0,34716.0,43190.0,5.4,6.8,0.3,74.2,2.9,3.5,15.4,4.0
1103,Coulommiers,25705.0,65854.0,43214.5,68.4,14464.0,20694.0,27620.0,13156.0,8914.0,12910.0,15834.0,18302.0,23098.0,25958.0,29712.0,36776.0,4.1,5.5,0.3,62.5,2.9,6.3,22.8,5.5
1104,Meaux,56333.0,149249.0,96521.9,69.3,13246.0,20498.0,28118.0,14872.0,7308.0,11502.0,14850.0,17826.0,23226.0,26280.0,30306.0,37316.0,5.1,6.7,0.3,68.3,3.1,4.2,19.7,4.7
1105,Melun,148795.0,385793.5,252024.7,72.8,14660.0,22219.0,30678.0,16018.0,8400.0,12874.0,16314.0,19308.0,25176.0,28614.0,33288.0,41713.0,5.0,6.6,0.3,66.5,2.7,4.2,21.2,5.4
1106,Montereau-Fault-Yonne,16380.0,42546.5,27726.5,62.2,11028.0,17936.0,25388.0,14360.0,5746.0,9458.0,12490.0,15326.0,20556.0,23620.0,27484.0,33674.0,5.9,7.6,0.3,62.4,3.2,3.6,26.5,4.3
1107,Nemours,19668.0,49121.5,32575.8,68.1,13600.0,20100.0,27424.0,13824.0,7794.0,12006.0,15056.0,17568.0,22750.0,25760.0,29554.0,36476.0,4.7,6.2,0.3,60.0,3.3,5.5,25.6,5.6
1108,Provins,17129.0,42647.5,28289.5,64.4,12996.0,19276.0,26354.0,13358.0,7666.0,11426.0,14370.0,16906.0,21766.0,24580.0,28532.0,35772.0,4.7,6.5,0.3,58.6,2.9,7.2,25.1,6.2
1109,Houdan,14218.0,37303.5,24464.8,82.9,21076.0,29438.0,40808.0,19732.0,14470.0,19138.0,22690.0,25998.0,33116.0,37872.0,44438.0,56960.0,3.9,5.7,0.3,61.7,2.1,5.1,20.0,11.1
1110,Mantes-la-Jolie,62978.0,172584.0,110518.4,69.7,12636.0,20308.0,28448.0,15812.0,6982.0,10872.0,14328.0,17372.0,23204.0,26460.0,30694.0,37816.0,5.4,7.0,0.3,66.9,3.4,3.5,21.9,4.3
1111,Poissy,93848.0,251673.0,162274.2,75.3,14316.0,23010.0,33592.0,19276.0,8054.0,12376.0,16184.0,19596.0,26596.0,30980.0,36752.0,46598.0,5.8,7.5,0.4,69.8,2.9,3.1,19.8,4.4
1112,Rambouillet,28661.0,72695.5,48088.8,81.3,19308.0,27148.0,37298.0,17990.0,12978.0,17520.0,21010.0,24050.0,30552.0,34782.0,40453.0,50436.0,3.9,5.2,0.3,65.0,2.1,4.2,22.2,6.5
1113,Plaisir,20363.0,54809.0,35363.9,81.1,17756.0,26152.0,35698.0,17942.0,10472.0,15628.0,19630.0,22988.0,29512.0,33370.0,38428.0,47748.0,4.6,5.7,0.3,71.4,2.4,3.1,18.7,4.4
1114,Étampes,24043.0,61378.5,40279.6,71.4,14462.0,21452.0,29424.0,14962.0,8268.0,12680.0,16066.0,18788.0,24256.0,27436.0,31808.0,39044.0,4.7,6.1,0.3,65.2,2.6,4.5,22.5,5.2
1115,Évry,124238.0,338959.0,216532.4,70.7,12288.0,20774.0,29676.0,17388.0,6446.0,10412.0,14088.0,17556.0,23988.0,27562.0,32248.0,40086.0,6.2,7.9,0.4,70.2,3.0,2.9,20.0,3.9
1116,Saclay,453840.0,1162939.0,763403.9,80.0,17436.0,26482.0,37766.0,20330.0,10186.0,15352.0,19372.0,22930.0,30328.0,34924.0,41252.0,52716.0,5.2,6.8,0.4,68.4,2.3,3.3,20.5,5.5
1117,Créteil,209689.0,556649.5,360850.2,75.4,14666.0,22916.0,32026.0,17360.0,8176.0,12720.0,16466.0,19828.0,26078.0,29816.0,34730.0,43106.0,5.3,6.7,0.3,68.4,2.6,3.6,20.8,4.6
1118,Orly,193068.0,493523.5,323055.2,68.2,11066.0,18934.0,28032.0,16966.0,5804.0,9438.0,12660.0,15798.0,22200.0,25882.0,30590.0,38324.0,6.6,8.4,0.4,70.6,3.2,2.6,20.0,3.6
1119,Cergy,145106.0,392855.0,252569.6,74.7,14344.0,22534.0,31384.0,17040.0,7978.0,12474.0,16124.0,19446.0,25650.0,29248.0,33912.0,41870.0,5.2,6.6,0.3,71.9,3.0,3.1,18.2,3.8
2101,Charleville-Mézières,96778.0,224635.5,153076.7,55.8,10818.0,17012.0,23890.0,13072.0,5364.0,9320.0,12210.0,14666.0,19424.0,22242.0,25874.0,32204.0,6.0,8.2,0.4,57.4,3.5,5.5,28.4,5.2
2102,Troyes,133132.0,302863.0,207551.0,61.9,12400.0,18558.0,25686.0,13286.0,6646.0,10810.0,13826.0,16326.0,20928.0,23856.0,27982.0,36208.0,5.4,7.6,0.4,53.3,3.2,9.6,27.2,6.7
2103,Châlons-en-Champagne,43996.0,102017.0,69344.6,65.1,13338.0,19598.0,26808.0,13470.0,7954.0,11776.0,14730.0,17226.0,22036.0,25000.0,29110.0,36996.0,4.7,6.3,0.3,57.1,2.5,8.9,25.6,5.9
2104,Épernay,47362.0,108503.0,74387.8,68.0,14190.0,20594.0,29170.0,14980.0,8706.0,12682.0,15606.0,18118.0,23380.0,26888.0,32130.0,44020.0,5.1,7.1,0.4,47.6,2.3,17.2,23.2,9.7
2105,Reims,144644.0,330517.5,225909.1,64.4,12808.0,19722.0,28006.0,15198.0,6844.0,11120.0,14324.0,17092.0,22564.0,25920.0,30698.0,40112.0,5.9,8.3,0.4,58.0,2.9,9.0,23.5,6.6
2106,Chaumont - Langres,49410.0,109245.0,76052.7,60.3,13090.0,18488.0,24934.0,11844.0,8174.0,11734.0,14230.0,16370.0,20706.0,23340.0,26850.0,33226.0,4.1,5.5,0.3,53.6,2.7,7.2,30.9,5.6
2107,Vitry-le-François - Saint-Dizier,49495.0,113647.5,77850.3,57.5,11500.0,17218.0,23626.0,12126.0,6512.0,10088.0,12802.0,15068.0,19414.0,22040.0,25512.0,31870.0,4.9,6.7,0.3,53.4,3.8,7.0,30.5,5.3
2201,Château-Thierry,27223.0,66566.0,44459.9,64.0,12966.0,18946.0,26120.0,13154.0,7774.0,11520.0,14310.0,16692.0,21458.0,24332.0,28368.0,35902.0,4.6,6.3,0.3,56.1,3.4,9.6,24.7,6.2
2202,Tergnier,23593.0,55596.0,37562.6,54.9,10270.0,16474.0,23024.0,12754.0,4848.0,8722.0,11664.0,14154.0,18778.0,21446.0,24876.0,30830.0,6.4,8.2,0.4,56.4,4.0,5.0,30.8,3.8
2203,Thiérache,24581.0,58079.5,39212.5,50.2,9310.0,15234.0,21650.0,12340.0,3964.0,7908.0,10704.0,13090.0,17568.0,20174.0,23462.0,29066.0,7.3,9.1,0.4,52.7,3.7,7.4,30.7,5.5
2204,Laon,40932.0,98545.0,66062.0,57.5,11282.0,17522.0,24546.0,13264.0,6034.0,9762.0,12678.0,15206.0,19948.0,22852.0,26600.0,33616.0,5.6,7.6,0.4,57.2,3.5,7.8,26.3,5.2
2205,Saint-Quentin,57588.0,136529.0,92090.3,56.3,10172.0,16792.0,23870.0,13698.0,4696.0,8574.0,11714.0,14340.0,19316.0,22118.0,26006.0,33018.0,7.0,9.7,0.4,54.8,3.8,7.5,28.8,5.1
2206,Soissons,38652.0,92729.0,62385.6,59.6,11690.0,17748.0,24706.0,13016.0,6504.0,10220.0,13072.0,15482.0,20234.0,23064.0,26844.0,33818.0,5.2,7.2,0.3,56.8,3.6,6.6,27.8,5.2
2207,Beauvais,96905.0,248130.0,162842.7,65.8,13176.0,19578.0,26632.0,13456.0,7600.0,11596.0,14606.0,17192.0,22056.0,24946.0,28730.0,35328.0,4.6,6.2,0.3,63.2,3.4,5.5,23.2,4.7
2208,Compiègne,80013.0,199482.5,132252.3,66.9,13466.0,20000.0,27716.0,14250.0,7914.0,11916.0,14902.0,17480.0,22638.0,25798.0,30046.0,37812.0,4.8,6.4,0.3,62.9,3.3,4.9,23.6,5.3
2209,Abbeville,29272.0,69298.5,46889.3,56.9,11208.0,17260.0,24202.0,12994.0,5780.0,9600.0,12514.0,14916.0,19636.0,22448.0,26406.0,33864.0,5.9,7.9,0.4,52.6,3.1,8.6,29.4,6.3
2210,Amiens,155003.0,368034.5,248216.2,61.6,12048.0,18606.0,26020.0,13972.0,6326.0,10420.0,13512.0,16140.0,21196.0,24192.0,28260.0,35772.0,5.7,7.8,0.4,59.2,3.1,6.9,25.1,5.7
2211,Péronne,23250.0,56529.5,37864.6,56.5,11038.0,16878.0,23374.0,12336.0,6088.0,9682.0,12416.0,14704.0,19216.0,21810.0,25370.0,31966.0,5.3,7.2,0.3,54.3,3.8,8.1,28.3,5.5
2301,Bernay,25136.0,58174.0,39685.7,61.7,12772.0,18604.0,25320.0,12548.0,7622.0,11268.0,14024.0,16428.0,20922.0,23742.0,27312.0,34232.0,4.5,6.2,0.3,53.4,3.6,6.7,30.4,5.9
2302,Évreux,88140.0,215294.0,143542.3,66.0,13510.0,19770.0,26886.0,13376.0,7666.0,11882.0,14912.0,17420.0,22248.0,25150.0,28996.0,36142.0,4.7,6.3,0.3,60.8,3.4,5.4,25.3,5.1
2303,Pont-Audemer,21876.0,52222.0,35103.6,60.7,12766.0,18554.0,25548.0,12782.0,7760.0,11352.0,14010.0,16278.0,20932.0,23854.0,27590.0,34766.0,4.5,6.1,0.3,57.8,3.4,6.3,26.1,6.4
2304,Vernon - Gisors,48736.0,122624.5,80979.0,67.3,13644.0,19816.0,27228.0,13584.0,8038.0,12018.0,15008.0,17477.0,22294.0,25338.0,29526.0,36930.0,4.6,6.1,0.3,62.0,3.6,5.0,24.4,5.0
2305,Dieppe - Caux maritime,52435.0,122576.5,83358.0,60.3,12470.0,18206.0,24958.0,12488.0,7310.0,11052.0,13790.0,16044.0,20508.0,23302.0,27056.0,34398.0,4.7,6.3,0.3,56.1,3.2,6.5,29.1,5.1
2306,Le Havre,167533.0,396356.0,267626.1,63.4,12552.0,19002.0,26430.0,13878.0,6742.0,10926.0,13974.0,16550.0,21562.0,24560.0,28642.0,35776.0,5.3,7.1,0.3,61.0,3.4,4.5,26.6,4.5
2307,Rouen,339011.0,796895.5,539345.3,64.7,13102.0,19616.0,27068.0,13966.0,7190.0,11468.0,14558.0,17158.0,22178.0,25210.0,29358.0,36844.0,5.1,6.9,0.3,61.3,3.2,5.1,25.6,4.8
2401,Bourges,86869.0,192782.0,133696.9,63.6,13384.0,19416.0,26516.0,13132.0,7672.0,11850.0,14756.0,17146.0,21870.0,24758.0,28716.0,35710.0,4.7,6.3,0.3,56.3,2.6,6.0,30.1,5.0
2402,Saint-Amand-Montrond,17199.0,35876.5,25595.1,54.2,11568.0,17002.0,22930.0,11362.0,6476.0,10298.0,12726.0,14932.0,19074.0,21440.0,24800.0,30914.0,4.8,6.5,0.3,44.5,3.1,7.7,39.5,5.2
2403,Vierzon,20946.0,45891.0,32029.1,58.0,11990.0,17746.0,23920.0,11930.0,6115.0,10432.0,13376.0,15714.0,19940.0,22408.0,25684.0,31660.0,5.2,7.0,0.3,51.4,3.5,4.9,35.6,4.6
2404,Chartres,103061.0,247661.0,166267.8,69.4,14812.0,20862.0,28158.0,13346.0,9338.0,13340.0,16168.0,18568.0,23400.0,26360.0,30456.0,38054.0,4.1,5.4,0.3,60.8,2.7,6.6,24.6,5.3
2405,Châteaudun,16095.0,36205.5,24967.6,61.7,13156.0,18616.0,24836.0,11680.0,7856.0,11670.0,14406.0,16560.0,20872.0,23310.0,26820.0,33520.0,4.3,5.7,0.3,49.6,2.7,8.9,33.4,5.4
2406,Dreux,43588.0,113600.0,73958.8,65.0,12732.0,19420.0,26794.0,14062.0,6972.0,11090.0,14210.0,16902.0,22000.0,25020.0,29038.0,36358.0,5.2,6.9,0.3,61.4,3.5,5.3,24.5,5.3
2407,Le Blanc,10316.0,21700.0,15434.4,52.5,12148.0,17100.0,22954.0,10806.0,7406.0,10804.0,13316.0,15196.0,19050.0,21426.0,24938.0,31016.0,4.2,5.6,0.3,45.3,2.3,7.9,38.8,5.7
2408,Issoudun,9411.0,20258.5,14240.2,61.4,13248.0,18578.0,24724.0,11476.0,7936.0,11762.0,14408.0,16532.0,20666.0,23188.0,26620.0,33242.0,4.2,5.8,0.3,53.3,3.1,7.1,31.1,5.4
2409,Châteauroux,79613.0,170780.0,120147.9,57.7,12598.0,18078.0,24438.0,11840.0,7608.0,11278.0,13786.0,15974.0,20246.0,22828.0,26376.0,32696.0,4.3,5.9,0.3,51.5,2.9,6.6,33.6,5.4
2410,Chinon,15398.0,34837.0,24047.8,61.8,13494.0,19090.0,26750.0,13256.0,8524.0,12160.0,14620.0,16850.0,21640.0,24762.0,29150.0,36464.0,4.3,5.7,0.3,54.0,2.6,7.3,30.6,5.5
2411,Loches,10572.0,22925.0,16081.1,56.5,12888.0,17934.0,24468.0,11580.0,8286.0,11664.0,13882.0,15946.0,20312.0,22998.0,26586.0,33424.0,4.0,5.4,0.3,48.7,2.9,8.2,33.9,6.3
2412,Tours,227766.0,515646.5,354214.8,64.9,13958.0,20028.0,27482.0,13524.0,8392.0,12470.0,15324.0,17708.0,22542.0,25564.0,29844.0,37544.0,4.5,6.0,0.3,59.3,2.9,5.2,27.3,5.3
2413,Blois,76310.0,175258.5,119879.7,65.5,13824.0,19786.0,26942.0,13118.0,8072.0,12340.0,15130.0,17512.0,22246.0,25144.0,29148.0,36246.0,4.5,6.0,0.3,56.4,2.9,5.5,29.7,5.5
2414,Romorantin-Lanthenay,25752.0,56417.0,39432.5,59.0,12664.0,18116.0,24294.0,11630.0,7404.0,11278.0,13870.0,16104.0,20258.0,22792.0,26268.0,32594.0,4.4,5.9,0.3,48.5,3.1,5.7,37.4,5.3
2415,Vendôme,29349.0,65876.0,45522.0,62.3,13764.0,18971.0,25600.0,11836.0,8754.0,12452.0,14920.0,16970.0,21210.0,23920.0,27714.0,34690.0,4.0,5.4,0.3,51.8,3.2,8.0,31.4,5.6
2416,Gien,33403.0,75867.5,52130.6,62.4,12816.0,18820.0,25602.0,12786.0,7188.0,11272.0,14216.0,16570.0,21172.0,23870.0,27570.0,34496.0,4.8,6.3,0.3,53.7,3.2,5.7,31.9,5.5
2417,Montargis,54637.0,126684.0,86233.6,62.7,12520.0,18736.0,25524.0,13004.0,6916.0,10988.0,13946.0,16414.0,21116.0,23874.0,27652.0,34358.0,5.0,6.8,0.3,53.6,3.5,5.7,31.6,5.6
2418,Orléans,197425.0,471386.0,317023.8,69.2,14328.0,20888.0,28754.0,14426.0,8330.0,12660.0,15806.0,18394.0,23570.0,26778.0,31126.0,38834.0,4.7,6.1,0.3,61.8,2.8,4.9,25.1,5.4
2419,Pithiviers,21173.0,52521.5,34879.0,64.1,13432.0,19252.0,25968.0,12536.0,8414.0,12012.0,14704.0,17088.0,21524.0,24316.0,27932.0,34676.0,4.1,5.3,0.3,59.1,3.3,6.7,25.5,5.4
2501,Bayeux,22480.0,52076.0,35560.5,60.0,12810.0,18461.0,25032.0,12222.0,8078.0,11422.0,14020.0,16320.0,20696.0,23448.0,27152.0,34106.0,4.2,5.7,0.3,52.2,3.1,7.7,31.4,5.6
2502,Caen,194721.0,454285.0,308552.5,64.6,13692.0,19750.0,26962.0,13270.0,8140.0,12170.0,15034.0,17446.0,22204.0,25146.0,29228.0,36682.0,4.5,6.2,0.3,58.9,3.1,5.6,26.3,6.1
2503,Honfleur,24480.0,52763.5,37087.7,64.8,13268.0,19282.0,27744.0,14476.0,8104.0,11770.0,14520.0,16936.0,22122.0,25442.0,30676.0,41496.0,5.1,7.4,0.4,47.5,2.9,7.5,31.6,10.5
2504,Lisieux,29666.0,68593.0,46774.9,57.2,11766.0,17404.0,24002.0,12236.0,6598.0,10358.0,13112.0,15298.0,19724.0,22344.0,26032.0,32970.0,5.0,6.9,0.3,53.9,3.5,6.4,30.2,6.0
2505,Vire,17059.0,38824.0,26709.6,54.8,12194.0,17352.0,22898.0,10704.0,7474.0,10942.0,13317.0,15416.0,19292.0,21460.0,24612.0,30216.0,4.0,5.6,0.3,53.5,2.8,7.4,30.0,6.3
2506,Avranches,39391.0,88495.5,61178.6,55.0,12774.0,17740.0,23542.0,10768.0,8466.0,11616.0,13862.0,15832.0,19738.0,22074.0,25294.0,31054.0,3.7,5.0,0.3,51.8,2.4,8.2,31.0,6.6
2507,Cherbourg-Octeville,88111.0,202925.5,138895.5,60.3,12832.0,18520.0,25440.0,12608.0,7824.0,11454.0,14078.0,16320.0,20888.0,23700.0,27504.0,33874.0,4.3,5.8,0.3,57.7,3.1,5.8,28.4,5.0
2508,Coutances,26001.0,58655.0,40454.7,55.7,12392.0,17556.0,23948.0,11556.0,7700.0,11154.0,13490.0,15606.0,19708.0,22282.0,26004.0,32990.0,4.3,6.0,0.3,46.9,2.7,10.4,33.4,6.6
2509,Granville,23876.0,51196.0,36076.6,59.4,13384.0,18862.0,26198.0,12814.0,8570.0,12078.0,14568.0,16700.0,21244.0,24294.0,28604.0,36852.0,4.3,5.9,0.3,44.4,2.5,7.7,37.4,8.0
2510,Saint-Lô,36730.0,84625.5,57776.1,57.8,13042.0,18298.0,24460.0,11418.0,8232.0,11780.0,14174.0,16298.0,20436.0,22938.0,26312.0,32430.0,3.9,5.3,0.3,57.1,3.0,6.5,28.0,5.4
2511,Argentan,17704.0,39727.5,27430.0,57.0,12202.0,17674.0,23560.0,11358.0,6986.0,10856.0,13466.0,15650.0,19756.0,22082.0,25394.0,31452.0,4.5,6.1,0.3,51.9,3.3,7.3,32.1,5.4
2512,Flers,43597.0,98323.5,67800.4,56.5,12508.0,17518.0,23262.0,10754.0,7662.0,11232.0,13628.0,15678.0,19466.0,21768.0,25012.0,30732.0,4.0,5.6,0.3,51.8,3.2,6.8,31.7,6.5
2513,L'Aigle,14653.0,33278.0,22853.1,57.0,11838.0,17454.0,23806.0,11968.0,6588.0,10380.0,13084.0,15292.0,19762.0,22278.0,25636.0,32190.0,4.9,6.7,0.3,50.9,3.2,7.3,32.6,6.0
2601,Beaune,21546.0,49605.0,33982.0,67.7,14366.0,20482.0,28128.0,13762.0,9008.0,12892.0,15650.0,18142.0,22926.0,26062.0,30748.0,40190.0,4.5,6.2,0.3,54.1,2.4,8.9,25.0,9.6
2602,Chatillon,8249.0,17738.5,12507.2,57.6,12444.0,17736.0,24118.0,11674.0,7498.0,11164.0,13636.0,15772.0,19960.0,22476.0,26184.0,33072.0,4.4,5.9,0.3,46.1,2.8,9.9,34.7,6.5
2603,Dijon,179132.0,402044.0,277329.0,67.8,14474.0,20856.0,28498.0,14024.0,8822.0,12898.0,15870.0,18396.0,23418.0,26560.0,30900.0,38784.0,4.4,5.9,0.3,59.3,2.5,6.0,26.5,5.7
2604,Montbard,14303.0,31233.0,21823.5,60.6,13308.0,18514.0,25014.0,11706.0,8444.0,12026.0,14372.0,16488.0,20684.0,23400.0,26944.0,33256.0,3.9,5.3,0.3,54.0,2.5,6.8,31.4,5.3
2605,Morvan,16705.0,33025.0,24111.3,54.0,11852.0,16934.0,23522.0,11670.0,6918.0,10436.0,12958.0,14962.0,19248.0,21950.0,25438.0,31624.0,4.6,6.0,0.3,36.5,2.6,8.7,45.9,6.3
2606,Nevers,55015.0,116993.5,82557.6,61.0,12496.0,18524.0,25048.0,12552.0,6606.0,10936.0,13912.0,16304.0,20796.0,23449.0,27034.0,33420.0,5.1,6.9,0.3,52.6,2.7,5.5,34.4,4.8
2607,Autun,15131.0,32727.5,23007.8,58.6,12506.0,17840.0,24180.0,11674.0,7828.0,11172.0,13692.0,15804.0,19946.0,22558.0,25958.0,32618.0,4.2,5.5,0.3,49.2,2.9,7.6,35.3,5.0
2608,Chalon-sur-Saône,84733.0,192699.5,132387.8,63.2,13398.0,19158.0,26010.0,12612.0,8190.0,11926.0,14662.0,16944.0,21522.0,24276.0,28130.0,35084.0,4.3,5.8,0.3,56.6,3.0,6.1,28.9,5.4
2609,Louhans,16280.0,35982.0,25052.1,56.9,12642.0,17817.0,23922.0,11280.0,8154.0,11458.0,13704.0,15916.0,20054.0,22414.0,25698.0,31542.0,3.9,5.2,0.3,51.0,2.6,6.3,35.0,5.1
2610,Le Creusot - Montceau,45980.0,99980.5,70062.8,58.9,12354.0,17806.0,23990.0,11636.0,7268.0,10994.0,13560.0,15760.0,19990.0,22492.0,25806.0,31790.0,4.4,5.9,0.3,53.0,3.3,4.4,35.1,4.2
2611,Charolais,37906.0,83060.0,58125.4,57.1,12940.0,17718.0,23740.0,10800.0,8406.0,11756.0,13986.0,15868.0,19814.0,22278.0,25520.0,31606.0,3.8,5.1,0.3,49.3,2.8,7.3,34.4,6.2
2612,Auxerre,91379.0,204554.5,141344.5,62.3,12794.0,18802.0,25720.0,12926.0,7264.0,11242.0,14142.0,16494.0,21210.0,23980.0,27824.0,34942.0,4.8,6.5,0.3,52.2,2.8,7.2,31.8,6.0
2613,Avallon,10622.0,23257.5,16250.4,59.8,12504.0,18012.0,24148.0,11644.0,7494.0,11160.0,13748.0,15832.0,20098.0,22580.0,26334.0,33376.0,4.5,6.1,0.3,49.1,2.5,8.1,33.8,6.5
2614,Sens,46286.0,109037.0,73737.4,64.4,13130.0,19196.0,25962.0,12832.0,7614.0,11630.0,14460.0,16920.0,21540.0,24270.0,27998.0,34598.0,4.5,6.0,0.3,56.1,3.3,5.9,29.5,5.2
3110,Roubaix - Tourcoing,161865.0,419356.0,272970.2,57.4,9844.0,17030.0,24816.0,14972.0,3996.0,8148.0,11428.0,14328.0,19748.0,22916.0,27170.0,35042.0,8.8,11.8,0.4,63.0,4.1,4.3,22.5,6.1
3111,Lille,316669.0,747435.5,504246.2,64.6,12344.0,19906.0,28932.0,16588.0,6034.0,10506.0,14052.0,17038.0,23012.0,26668.0,31700.0,40882.0,6.8,9.3,0.4,65.2,3.1,5.3,20.8,5.6
3112,Dunkerque,103034.0,251815.5,168349.6,59.3,11316.0,17514.0,24616.0,13300.0,6302.0,9850.0,12662.0,15086.0,20016.0,22888.0,26684.0,33430.0,5.3,7.1,0.3,60.9,4.1,4.6,26.0,4.4
3113,Flandre - Lys,48462.0,123928.0,81603.4,62.0,13336.0,19046.0,25756.0,12420.0,8494.0,11958.0,14574.0,16842.0,21394.0,24158.0,27802.0,34320.0,4.0,5.4,0.3,61.7,3.1,5.7,23.4,6.1
3114,Douai,97328.0,245268.5,162025.0,55.1,10414.0,16794.0,24144.0,13730.0,5094.0,8932.0,11822.0,14388.0,19366.0,22316.0,26284.0,32850.0,6.4,8.6,0.4,61.5,3.6,4.5,26.6,3.8
3115,Valenciennes,138186.0,342870.0,227249.3,52.6,9316.0,15676.0,22988.0,13672.0,3946.0,7864.0,10674.0,13246.0,18248.0,21210.0,25086.0,31586.0,8.0,10.4,0.4,61.2,3.8,4.7,26.2,4.1
3116,Cambrai,72842.0,177553.0,118592.5,55.2,10850.0,16874.0,23760.0,12910.0,5546.0,9304.0,12182.0,14574.0,19270.0,22056.0,25772.0,32402.0,5.8,8.1,0.4,57.1,3.7,7.0,27.1,5.1
3117,Maubeuge,92273.0,226448.5,150835.6,52.2,9208.0,15704.0,22884.0,13676.0,3600.0,7758.0,10620.0,13198.0,18226.0,21132.0,25010.0,31572.0,8.8,10.9,0.4,58.2,3.8,5.9,28.0,4.1
3121,Arras,97659.0,238330.0,159404.3,60.6,12356.0,18708.0,26180.0,13824.0,7070.0,10862.0,13724.0,16268.0,21322.0,24374.0,28470.0,35894.0,5.1,7.0,0.3,59.2,2.8,7.3,25.3,5.4
3122,Lens - Hénin,144002.0,360347.0,238142.9,49.2,8836.0,14890.0,21280.0,12444.0,3810.0,7510.0,10114.0,12582.0,17182.0,19776.0,23092.0,28524.0,7.5,9.5,0.4,61.0,4.3,3.6,28.5,2.6
3123,Béthune - Bruay,116954.0,290119.0,192535.9,54.2,10782.0,16778.0,23622.0,12840.0,5622.0,9358.0,12110.0,14492.0,19180.0,21972.0,25638.0,31878.0,5.7,7.7,0.4,60.9,3.3,5.0,26.7,4.1
3124,Saint-Omer,46762.0,116489.0,77268.3,55.5,10848.0,16786.0,23248.0,12400.0,5996.0,9520.0,12154.0,14514.0,19054.0,21668.0,25154.0,31300.0,5.2,7.2,0.3,59.9,4.0,5.7,25.1,5.3
3125,Calais,65276.0,164114.5,108159.2,54.7,10076.0,16342.0,23220.0,13144.0,4704.0,8618.0,11422.0,13920.0,18818.0,21544.0,25198.0,31340.0,6.7,8.8,0.4,60.8,4.6,5.6,24.7,4.3
3126,Boulogne-sur-mer,65877.0,160852.0,107486.8,54.9,10384.0,16514.0,23612.0,13228.0,5366.0,8928.0,11740.0,14154.0,18994.0,21864.0,25698.0,32706.0,6.1,8.7,0.4,57.3,3.9,6.0,27.1,5.7
3127,Berck - Montreuil,44933.0,105785.5,71787.6,57.6,11648.0,17438.0,24518.0,12870.0,6746.0,10198.0,12890.0,15172.0,19878.0,22774.0,26643.0,34106.0,5.1,7.2,0.4,51.3,3.3,7.3,30.6,7.5
4101,Longwy,44992.0,103232.5,70596.0,43.3,12270.0,18638.0,26594.0,14324.0,6476.0,10762.0,13580.0,16074.0,21472.0,24654.0,28908.0,35878.0,5.5,7.2,0.3,67.4,2.9,3.6,22.9,3.2
4102,Lunéville,14016.0,32510.5,22109.2,56.3,11736.0,17758.0,24168.0,12432.0,5804.0,10020.0,13036.0,15462.0,20036.0,22592.0,26076.0,32308.0,5.6,7.6,0.3,56.7,3.6,5.2,29.3,5.2
4103,Nancy,211865.0,479754.0,329892.0,64.8,13442.0,20112.0,27946.0,14504.0,7308.0,11748.0,14942.0,17598.0,22804.0,25974.0,30350.0,38190.0,5.2,7.1,0.3,61.1,2.7,5.3,25.9,5.0
4104,Bar-le-Duc,26581.0,60051.5,41464.2,62.3,13146.0,18988.0,25478.0,12332.0,7870.0,11712.0,14414.0,16782.0,21254.0,23866.0,27390.0,33906.0,4.3,5.8,0.3,55.8,3.0,6.1,30.1,5.0
4105,Commercy,18446.0,43711.0,29562.6,56.5,11966.0,17546.0,23940.0,11974.0,7380.0,10646.0,13098.0,15344.0,19806.0,22424.0,25674.0,31656.0,4.3,5.9,0.3,54.6,3.4,8.0,28.7,5.3
4106,Verdun,26408.0,60359.5,41382.9,56.7,11988.0,17848.0,24514.0,12526.0,6676.0,10608.0,13212.0,15592.0,20178.0,22858.0,26495.0,33148.0,5.0,6.8,0.3,55.3,2.7,7.8,29.1,5.1
4107,Metz,207728.0,483020.5,329431.1,60.5,13038.0,19542.0,27434.0,14396.0,7330.0,11436.0,14414.0,16984.0,22284.0,25486.0,29810.0,37512.0,5.1,6.9,0.3,62.4,3.0,4.8,24.7,5.1
4108,Forbach,90098.0,214532.0,145673.8,57.3,11402.0,17342.0,24414.0,13012.0,6212.0,9908.0,12766.0,15162.0,19852.0,22664.0,26470.0,33226.0,5.3,7.2,0.3,57.6,3.8,4.0,30.8,3.8
4109,Sarrebourg,29590.0,70328.5,47728.0,60.9,13414.0,18784.0,25138.0,11724.0,8718.0,12160.0,14532.0,16682.0,20984.0,23608.0,26990.0,32754.0,3.8,5.1,0.3,59.2,2.8,5.3,28.0,4.7
4110,Sarreguemines,46112.0,110104.5,74770.0,61.6,13530.0,19324.0,26486.0,12956.0,8246.0,12130.0,14842.0,17032.0,21818.0,24690.0,28648.0,35582.0,4.3,5.7,0.3,62.2,3.6,3.9,25.8,4.5
4111,Thionville,89352.0,209720.5,142478.6,49.2,13094.0,19614.0,28192.0,15098.0,7344.0,11464.0,14426.0,16996.0,22556.0,26050.0,30744.0,38736.0,5.3,7.0,0.3,67.0,2.8,3.2,22.8,4.2
4112,Épinal,69518.0,159099.5,108964.8,58.7,12278.0,18114.0,24730.0,12452.0,6734.0,10718.0,13612.0,15956.0,20450.0,23086.0,26752.0,33540.0,5.0,6.8,0.3,57.5,3.7,5.3,28.2,5.3
4113,Remiremont,37267.0,83366.5,57833.7,59.1,13120.0,18100.0,24172.0,11052.0,8134.0,11772.0,14230.0,16170.0,20174.0,22646.0,25964.0,32210.0,4.0,5.5,0.3,54.1,3.9,4.6,30.9,6.5
4114,Saint-Dié-des-Vosges,37945.0,85167.0,58863.2,56.6,11858.0,17418.0,23460.0,11602.0,6392.0,10386.0,13160.0,15358.0,19550.0,21996.0,25340.0,31258.0,4.9,6.6,0.3,54.3,4.3,4.8,31.5,5.1
4115,Neufchâteau,22723.0,50919.5,35287.0,58.9,12634.0,18018.0,24608.0,11974.0,7740.0,11300.0,13812.0,15954.0,20288.0,22984.0,26613.0,32704.0,4.2,5.6,0.3,54.2,3.7,6.0,31.3,4.8
4201,Haguenau,79554.0,198715.0,132702.7,69.7,15470.0,21512.0,28606.0,13136.0,10232.0,14026.0,16720.0,19142.0,23934.0,26882.0,30684.0,37520.0,3.7,4.8,0.3,65.6,2.9,4.0,22.9,4.6
4202,Molsheim - Obernai,54269.0,132780.5,89165.8,70.7,15854.0,21946.0,29594.0,13740.0,10716.0,14430.0,17118.0,19562.0,24584.0,27670.0,31960.0,39532.0,3.7,4.9,0.3,62.4,2.6,4.7,23.6,6.7
4203,Saverne,31350.0,77259.0,51835.6,64.8,14488.0,20266.0,27082.0,12594.0,9482.0,13084.0,15778.0,18044.0,22712.0,25444.0,29096.0,35730.0,3.8,4.9,0.3,62.1,2.7,4.6,25.9,4.7
4204,Sélestat,34262.0,83978.5,56241.8,66.3,14570.0,20688.0,27810.0,13240.0,9310.0,13162.0,15904.0,18356.0,23090.0,26048.0,29876.0,37096.0,4.0,5.3,0.3,63.2,2.9,5.3,23.0,5.6
4205,Strasbourg,231856.0,530151.5,363019.8,66.3,12614.0,20536.0,29568.0,16954.0,6178.0,10660.0,14390.0,17570.0,23642.0,27320.0,32382.0,41672.0,6.7,9.2,0.4,61.5,3.0,5.2,23.7,6.6
4206,Wissembourg,16292.0,40073.5,26972.6,69.5,15660.0,22142.0,30626.0,14966.0,10614.0,14268.0,16962.0,19642.0,25026.0,28494.0,33208.0,40664.0,3.8,4.9,0.3,71.0,3.1,3.6,18.1,4.2
4207,Colmar,81337.0,188558.5,128880.0,68.7,14674.0,21270.0,29070.0,14396.0,8802.0,13072.0,16100.0,18726.0,23926.0,27110.0,31520.0,39980.0,4.5,6.1,0.3,60.3,2.8,5.6,24.9,6.4
4208,Mulhouse,174848.0,417404.0,281660.5,65.8,13044.0,20188.0,28646.0,15602.0,6960.0,11198.0,14620.0,17472.0,23038.0,26504.0,31212.0,39892.0,5.7,7.6,0.4,62.7,3.3,3.9,25.3,4.8
4209,Saint-Louis,49655.0,118663.5,80164.4,76.0,17766.0,27716.0,41694.0,23928.0,10646.0,15736.0,19682.0,23580.0,32528.0,38196.0,45816.0,59548.0,5.6,7.3,0.4,73.2,2.4,2.5,18.6,3.3
4301,Besançon,126179.0,290134.0,197655.1,64.1,13580.0,19784.0,27260.0,13680.0,7986.0,12020.0,14930.0,17432.0,22320.0,25350.0,29520.0,37000.0,4.6,6.3,0.3,60.9,2.8,5.7,24.8,5.8
4302,Belfort - Montbéliard - Héricourt,156348.0,365084.0,247971.0,62.8,12536.0,18908.0,26156.0,13620.0,7046.0,10926.0,13930.0,16468.0,21444.0,24390.0,28304.0,35148.0,5.0,6.6,0.3,60.8,3.6,4.0,27.6,4.0
4303,Morteau,19913.0,47508.0,31943.2,76.3,18074.0,27176.0,39456.0,21382.0,12298.0,16316.0,19880.0,23376.0,31486.0,36734.0,42852.0,52650.0,4.3,5.2,0.3,75.8,2.6,3.6,14.3,3.7
4304,Pontarlier,26308.0,62814.5,42181.6,71.9,16079.0,23542.0,34162.0,18083.0,10586.0,14448.0,17554.0,20478.0,27120.0,31416.0,37294.0,46630.0,4.4,5.4,0.3,70.9,2.7,4.8,16.8,4.8
4305,Dole,30193.0,69264.5,47376.2,62.5,13300.0,19090.0,25716.0,12416.0,7970.0,11816.0,14556.0,16864.0,21330.0,24132.0,27658.0,34030.0,4.3,5.7,0.3,56.2,2.6,5.6,31.1,4.5
4306,Lons-le-Saunier,52906.0,117027.0,81338.0,60.8,13346.0,18924.0,25498.0,12152.0,8564.0,12020.0,14568.0,16790.0,21184.0,23856.0,27570.0,34348.0,4.0,5.4,0.3,54.5,2.6,5.8,31.4,5.7
4307,Saint-Claude,22946.0,54516.0,36789.0,67.6,14200.0,20756.0,29698.0,15498.0,8784.0,12668.0,15678.0,18220.0,23696.0,27408.0,32598.0,41600.0,4.7,6.1,0.3,66.2,3.0,3.8,22.1,4.9
4308,Gray,11988.0,27399.5,18792.0,57.1,12282.0,17618.0,23988.0,11706.0,7360.0,10868.0,13426.0,15584.0,19838.0,22468.0,25822.0,32544.0,4.4,6.1,0.3,50.7,3.0,8.8,31.8,5.7
4309,Vesoul,51224.0,116404.0,80013.0,58.2,12132.0,17754.0,24154.0,12022.0,7324.0,10714.0,13408.0,15658.0,20026.0,22582.0,26006.0,32042.0,4.4,5.9,0.3,56.0,3.1,5.6,30.4,4.9
5201,Ancenis,18826.0,47291.5,31084.2,59.0,13574.0,18224.0,23698.0,10124.0,9358.0,12402.0,14614.0,16504.0,20104.0,22296.0,25326.0,30682.0,3.3,4.3,0.3,63.1,2.9,5.2,23.3,5.5
5202,Châteaubriant,15173.0,36270.0,24393.4,52.3,11938.0,16776.0,22096.0,10158.0,7278.0,10722.0,12964.0,14938.0,18648.0,20756.0,23834.0,29342.0,4.0,5.5,0.3,55.8,3.0,8.0,27.3,5.9
5203,Nantes,424343.0,1007006.5,677412.5,65.6,14652.0,20550.0,27926.0,13274.0,9286.0,13226.0,15946.0,18280.0,23034.0,26068.0,30234.0,37944.0,4.1,5.5,0.3,64.5,3.0,4.9,21.7,5.9
5204,Saint-Nazaire,130218.0,295698.0,202913.9,64.3,14222.0,19726.0,26632.0,12410.0,9306.0,12868.0,15440.0,17584.0,22030.0,24846.0,28834.0,36185.0,3.9,5.3,0.3,53.0,3.4,5.1,31.6,6.9
5205,Angers,186756.0,442633.5,298185.8,61.4,13534.0,19096.0,25914.0,12380.0,8272.0,12138.0,14758.0,16948.0,21406.0,24144.0,28054.0,35372.0,4.3,5.8,0.3,59.9,3.2,5.7,25.4,5.8
5206,Cholet,77372.0,191298.0,126958.8,59.8,13808.0,18296.0,23928.0,10120.0,9360.0,12670.0,14794.0,16570.0,20234.0,22544.0,25654.0,31432.0,3.4,4.5,0.3,61.2,3.0,5.7,24.1,6.0
5207,Saumur,41923.0,97588.0,66377.1,55.6,12296.0,17366.0,23414.0,11118.0,7586.0,11002.0,13412.0,15460.0,19392.0,21856.0,25248.0,31818.0,4.2,5.7,0.3,53.0,3.5,6.8,30.8,5.9
5208,Segré,21358.0,51797.5,34607.1,53.0,12792.0,17138.0,22356.0,9564.0,8542.0,11662.0,13796.0,15536.0,18930.0,21058.0,23914.0,28908.0,3.4,4.5,0.3,56.7,2.9,7.9,27.0,5.5
5209,Laval,91886.0,219738.0,147487.8,59.4,13416.0,18462.0,24476.0,11060.0,8806.0,12214.0,14516.0,16550.0,20529.0,22966.0,26360.0,32628.0,3.7,5.1,0.3,58.8,2.5,6.4,26.2,6.1
5210,Mayenne,22536.0,52354.0,35672.7,57.3,13224.0,17992.0,23612.0,10388.0,8650.0,12040.0,14248.0,16178.0,19948.0,22196.0,25394.0,30934.0,3.6,4.9,0.3,54.9,3.0,7.5,27.9,6.7
5211,La Ferté-Bernard,14952.0,34340.0,23493.2,62.2,13504.0,18608.0,24270.0,10766.0,8752.0,12290.0,14686.0,16656.0,20533.0,22818.0,26014.0,31362.0,3.6,4.9,0.3,55.9,2.9,6.0,29.6,5.6
5212,La Flèche,23979.0,54250.5,37383.5,57.1,12732.0,17804.0,23384.0,10652.0,7896.0,11448.0,13824.0,15884.0,19704.0,21988.0,25102.0,31232.0,4.0,5.3,0.3,51.5,3.3,6.1,33.9,5.2
5213,Le Mans,178031.0,413122.5,280766.4,62.6,13402.0,19068.0,25554.0,12152.0,7662.0,11866.0,14692.0,16948.0,21292.0,23914.0,27484.0,33812.0,4.4,6.0,0.3,58.8,2.9,5.0,28.5,4.8
5214,Sablé-sur-Sarthe,15299.0,37547.5,24936.6,59.8,12864.0,17814.0,23290.0,10426.0,7956.0,11544.0,14000.0,15954.0,19734.0,21968.0,24936.0,30450.0,3.8,5.3,0.3,59.9,3.2,5.6,25.1,6.2
5215,Challans,57906.0,127522.5,88963.7,61.9,13896.0,18954.0,25436.0,11540.0,9568.0,12730.0,14990.0,16982.0,21140.0,23818.0,27527.0,34370.0,3.6,4.8,0.3,45.5,3.1,6.2,36.9,8.3
5216,Fontenay-le-Comte,29004.0,67784.0,46103.3,55.3,12674.0,17544.0,23428.0,10754.0,8170.0,11428.0,13680.0,15620.0,19538.0,21888.0,25234.0,31238.0,3.8,5.2,0.3,53.3,3.2,7.5,30.6,5.4
5217,Les Herbiers,23792.0,59160.0,39167.6,60.4,14134.0,18526.0,23532.0,9398.0,10236.0,13064.0,15082.0,16822.0,20278.0,22318.0,24982.0,29864.0,2.9,3.8,0.3,64.2,2.9,5.8,21.8,5.3
5218,La Roche-sur-Yon,102934.0,244375.5,164671.5,60.4,13651.0,18804.0,24750.0,11099.0,9074.0,12404.0,14824.0,16878.0,20860.0,23290.0,26562.0,32632.0,3.6,4.9,0.3,58.3,2.9,5.8,26.9,6.1
5219,Les Sables-d'Olonne,33233.0,69111.0,49480.8,65.8,14644.0,20138.0,27712.0,13068.0,9802.0,13316.0,15774.0,17914.0,22700.0,25756.0,30100.0,37984.0,3.9,5.5,0.3,40.3,3.0,5.9,41.4,9.4
5301,Dinan,41020.0,91616.0,63380.3,62.0,13946.0,19616.0,26890.0,12944.0,9122.0,12582.0,15140.0,17380.0,22062.0,25020.0,29184.0,37214.0,4.1,5.5,0.3,50.1,3.0,6.7,33.6,6.6
5302,Guingamp,22919.0,50577.0,35057.1,53.8,12312.0,17480.0,23626.0,11314.0,7498.0,11016.0,13424.0,15572.0,19522.0,22038.0,25484.0,31546.0,4.2,5.7,0.3,50.5,3.0,7.7,33.4,5.4
5303,Lannion,41584.0,90410.5,63265.6,62.5,13806.0,19704.0,27352.0,13546.0,8840.0,12460.0,15046.0,17360.0,22294.0,25380.0,29792.0,37150.0,4.2,5.5,0.3,46.8,3.0,6.9,37.6,5.7
5304,Loudéac,16915.0,38813.5,26583.7,56.2,12772.0,17852.0,23664.0,10892.0,8476.0,11625.0,13818.0,15898.0,19786.0,22166.0,25336.0,30936.0,3.6,4.9,0.3,51.4,2.5,10.1,30.6,5.4
5305,Saint-Brieuc,133512.0,300668.0,207017.0,60.9,13710.0,19158.0,25810.0,12100.0,8888.0,12406.0,14892.0,17062.0,21398.0,24098.0,27902.0,34834.0,3.9,5.3,0.3,51.6,2.9,7.6,32.0,5.9
5306,Brest,193728.0,439143.5,301114.5,62.3,14030.0,19560.0,26518.0,12488.0,9046.0,12686.0,15242.0,17418.0,21904.0,24766.0,28590.0,35384.0,3.9,5.3,0.3,58.1,3.0,6.1,28.1,4.7
5307,Carhaix-Plouguer,20548.0,43003.0,30599.5,52.3,11880.0,17088.0,23294.0,11414.0,7067.0,10686.0,12972.0,15032.0,19270.0,21832.0,25089.0,30976.0,4.4,5.7,0.3,45.0,2.8,9.7,37.2,5.3
5308,Morlaix,32957.0,72199.5,50274.3,60.3,13588.0,18960.0,25594.0,12006.0,8814.0,12298.0,14822.0,16900.0,21216.0,23978.0,27656.0,34556.0,3.9,5.3,0.3,50.1,2.8,8.6,33.1,5.4
5309,Quimper,144605.0,313439.0,219661.9,61.3,13936.0,19288.0,26058.0,12122.0,9194.0,12684.0,15102.0,17190.0,21608.0,24350.0,28184.0,35068.0,3.8,5.2,0.3,51.2,3.0,6.8,33.4,5.6
5310,Fougères,28536.0,66427.0,45108.1,57.2,13342.0,17938.0,23408.0,10066.0,8834.0,12154.0,14392.0,16188.0,19788.0,22024.0,25110.0,30578.0,3.5,4.7,0.3,56.8,2.7,6.6,28.3,5.6
5311,Redon,19278.0,44819.5,30504.4,58.0,13054.0,18146.0,23814.0,10760.0,8290.0,11742.0,14226.0,16268.0,20082.0,22416.0,25560.0,31166.0,3.8,5.1,0.3,55.9,3.5,5.5,29.8,5.3
5312,Rennes,313751.0,745416.0,500833.6,64.8,14482.0,20358.0,27628.0,13146.0,9058.0,13014.0,15784.0,18090.0,22806.0,25768.0,29934.0,37386.0,4.1,5.5,0.3,64.2,2.8,5.6,21.8,5.6
5313,Saint-Malo,46973.0,102623.5,71618.3,60.3,13436.0,19022.0,26346.0,12910.0,8482.0,12130.0,14620.0,16852.0,21444.0,24468.0,28660.0,36690.0,4.3,5.9,0.3,50.0,3.0,6.9,33.0,7.1
5314,Vitré,20062.0,50531.0,33257.8,61.2,14177.0,18834.0,24646.0,10469.0,10092.0,13050.0,15126.0,16990.0,20760.0,23134.0,26476.0,32582.0,3.2,4.4,0.3,64.6,2.6,5.9,19.9,7.0
5315,Lorient,131079.0,292768.5,202435.1,61.6,13682.0,19196.0,25926.0,12244.0,8604.0,12252.0,14880.0,17082.0,21526.0,24256.0,28000.0,34610.0,4.0,5.5,0.3,53.6,3.4,5.9,31.9,5.2
5316,Ploërmel,16696.0,38821.0,26397.9,57.5,13050.0,18062.0,23820.0,10770.0,8610.0,11826.0,14146.0,16184.0,19994.0,22364.0,25604.0,30888.0,3.6,4.7,0.3,55.1,2.8,7.7,29.3,5.1
5317,Pontivy,24593.0,56239.5,38548.2,58.3,13164.0,18364.0,24192.0,11028.0,8606.0,11916.0,14290.0,16394.0,20342.0,22752.0,26076.0,31878.0,3.7,5.1,0.3,54.0,2.7,8.8,28.6,5.9
5318,Vannes,148724.0,338653.0,232368.4,63.8,14168.0,19724.0,26934.0,12766.0,9232.0,12844.0,15370.0,17548.0,22126.0,25094.0,29220.0,37058.0,4.0,5.4,0.3,50.7,3.0,7.2,32.1,7.0
5401,Thouars - Loudun,28512.0,64533.5,44469.5,55.1,12486.0,17294.0,22980.0,10494.0,8070.0,11336.0,13536.0,15500.0,19218.0,21488.0,24794.0,30704.0,3.8,5.4,0.3,51.6,3.0,8.6,30.6,6.2
5402,Châtellerault,35593.0,80053.5,55202.4,59.3,12684.0,18390.0,24916.0,12232.0,7056.0,11190.0,13942.0,16244.0,20648.0,23256.0,26974.0,33332.0,4.7,6.5,0.3,55.1,3.3,5.7,30.8,5.1
5403,Angoulême,120456.0,267079.5,185792.3,57.9,12346.0,18200.0,24938.0,12592.0,6952.0,10910.0,13644.0,16012.0,20570.0,23248.0,26968.0,33782.0,4.9,6.7,0.3,53.1,3.3,6.7,31.2,5.7
5404,Jonzac - Barbezieux-Saint-Hilaire,28805.0,64455.5,44705.2,51.2,11396.0,16714.0,23292.0,11896.0,6816.0,10226.0,12450.0,14534.0,18928.0,21618.0,25206.0,32046.0,4.7,6.5,0.3,47.3,3.1,10.9,32.7,6.0
5405,Cognac,36160.0,80700.0,56019.5,61.7,13280.0,19122.0,26464.0,13184.0,8171.0,11832.0,14522.0,16832.0,21604.0,24592.0,28829.0,37238.0,4.6,6.6,0.4,50.4,2.7,10.0,28.8,8.1
5406,Saintes - Saint-Jean-d'Angély,53855.0,119806.0,83175.1,56.9,12516.0,18074.0,24686.0,12170.0,7516.0,11140.0,13696.0,15924.0,20310.0,23068.0,26752.0,33680.0,4.5,6.1,0.3,50.1,3.1,8.0,32.9,5.9
5407,Royan,44045.0,91512.0,65577.2,61.4,13166.0,18936.0,26741.0,13575.0,8490.0,11824.0,14394.0,16640.0,21580.0,24810.0,29204.0,37310.0,4.4,6.1,0.3,36.6,2.9,8.5,43.6,8.4
5408,Rochefort,49131.0,107020.0,74870.0,58.7,12648.0,18254.0,25030.0,12382.0,7716.0,11282.0,13866.0,16128.0,20592.0,23308.0,27086.0,33868.0,4.4,6.0,0.3,47.2,3.4,7.3,35.9,6.2
5409,La Rochelle,105389.0,233931.0,162424.2,65.2,14110.0,20254.0,28160.0,14050.0,8688.0,12628.0,15440.0,17830.0,22912.0,26140.0,30694.0,38874.0,4.5,6.2,0.3,52.0,3.1,6.4,31.0,7.5
5410,Niort,95606.0,218806.5,149918.9,61.3,13596.0,19280.0,26374.0,12778.0,8594.0,12270.0,14796.0,17050.0,21650.0,24544.0,28564.0,35650.0,4.1,5.5,0.3,59.0,2.6,6.2,27.4,4.8
5411,Parthenay,13949.0,31528.5,21734.2,53.8,12486.0,17200.0,23024.0,10538.0,7956.0,11280.0,13480.0,15382.0,19220.0,21610.0,24902.0,30708.0,3.9,5.3,0.3,53.5,2.9,7.0,30.7,5.9
5412,Bressuire,29638.0,72259.5,48326.1,54.0,12742.0,17250.0,22624.0,9882.0,8424.0,11642.0,13734.0,15542.0,19080.0,21246.0,24198.0,29492.0,3.5,4.9,0.3,57.4,2.9,7.6,25.8,6.3
5413,Poitiers,138069.0,307763.0,212653.5,60.8,13310.0,19248.0,26386.0,13076.0,7918.0,11840.0,14626.0,16980.0,21674.0,24570.0,28634.0,36012.0,4.5,6.2,0.3,58.8,2.7,5.9,27.0,5.6
7201,Bergerac,48197.0,106140.5,74082.6,55.2,11600.0,17396.0,24348.0,12748.0,6232.0,10174.0,12848.0,15162.0,19814.0,22604.0,26482.0,33470.0,5.4,7.2,0.3,46.0,3.4,7.0,36.8,6.8
7202,Périgueux,106458.0,230195.0,161890.5,56.5,12332.0,18008.0,24592.0,12260.0,7330.0,10986.0,13540.0,15830.0,20308.0,22944.0,26596.0,33038.0,4.5,6.0,0.3,50.0,3.0,5.9,35.6,5.5
7203,Sarlat-la-Canéda,23709.0,51090.0,36074.9,56.5,11968.0,17636.0,24680.0,12712.0,7578.0,10808.0,13202.0,15418.0,20058.0,22860.0,26794.0,33912.0,4.5,6.0,0.3,43.7,3.4,7.1,37.5,8.3
7204,Bordeaux,523924.0,1194727.0,819277.1,65.8,13978.0,20724.0,28984.0,15006.0,8090.0,12348.0,15464.0,18132.0,23564.0,26922.0,31562.0,39944.0,4.9,6.7,0.3,61.2,3.1,5.7,24.0,6.0
7205,Libourne,48938.0,110704.5,76213.4,55.4,11618.0,17436.0,24206.0,12588.0,6354.0,10238.0,12894.0,15260.0,19810.0,22516.0,26320.0,33256.0,5.2,7.4,0.4,51.8,3.3,7.6,30.2,7.1
7206,Pauillac,22418.0,50076.5,34678.7,57.8,12180.0,17850.0,24558.0,12378.0,7290.0,10786.0,13484.0,15688.0,20166.0,22880.0,26504.0,32920.0,4.5,6.4,0.3,48.1,3.5,7.7,34.6,6.1
7207,La Teste-de-Buch,66533.0,148356.0,102992.6,65.8,14374.0,20282.0,27870.0,13496.0,9362.0,12978.0,15644.0,17930.0,22832.0,25896.0,30292.0,38244.0,4.1,5.6,0.3,49.0,3.1,6.1,34.6,7.2
7208,Dax,78046.0,173688.0,120703.2,61.9,13684.0,19330.0,26294.0,12610.0,8626.0,12272.0,14926.0,17178.0,21660.0,24530.0,28458.0,35786.0,4.1,5.7,0.3,49.9,3.1,6.7,32.9,7.4
7209,Agen,64730.0,145801.5,100627.2,58.5,12338.0,18460.0,25696.0,13358.0,6926.0,10788.0,13668.0,16134.0,20938.0,23882.0,27940.0,35160.0,5.1,6.9,0.3,54.6,3.2,6.7,28.8,6.7
7210,Marmande,38219.0,84814.5,59056.6,53.3,11522.0,17108.0,23682.0,12160.0,6486.0,10244.0,12726.0,14960.0,19452.0,22088.0,25700.0,32356.0,5.0,6.9,0.3,48.4,3.1,7.7,33.7,7.1
7211,Villeneuve-sur-Lot,42174.0,94033.0,65335.9,52.1,11202.0,16726.0,23252.0,12050.0,6406.0,9930.0,12418.0,14562.0,18998.0,21634.0,25202.0,31786.0,5.0,6.9,0.3,44.5,3.7,7.3,36.4,8.1
7212,Bayonne,143366.0,313135.0,218928.3,64.0,14076.0,20086.0,27806.0,13730.0,8858.0,12612.0,15402.0,17740.0,22686.0,25840.0,30254.0,38780.0,4.4,6.2,0.3,51.8,2.9,6.5,30.0,8.8
7213,Oloron-Sainte-Marie,17902.0,39463.5,27606.6,59.6,13392.0,18810.0,25258.0,11866.0,8336.0,12016.0,14500.0,16692.0,21080.0,23734.0,27286.0,33486.0,4.0,5.2,0.3,51.7,2.9,6.1,33.7,5.6
7214,Pau,144112.0,326826.5,225286.8,63.6,13870.0,20164.0,28038.0,14168.0,8440.0,12380.0,15220.0,17682.0,22848.0,26052.0,30492.0,38576.0,4.6,6.1,0.3,56.7,2.6,5.5,29.1,6.1
7301,Foix - Pamiers,49687.0,110120.0,76554.8,55.5,11754.0,17632.0,24292.0,12538.0,6344.0,10310.0,13060.0,15442.0,19958.0,22702.0,26318.0,32746.0,5.2,6.8,0.3,51.3,3.4,6.0,33.5,5.8
7302,Saint-Girons,14959.0,30893.5,22089.5,52.8,10976.0,17230.0,24046.0,13070.0,5504.0,9472.0,12332.0,14908.0,19726.0,22434.0,26066.0,32582.0,5.9,8.0,0.4,44.6,2.9,6.6,39.0,6.9
7303,Millau,26856.0,58548.0,40969.8,54.2,12132.0,17386.0,23846.0,11714.0,7208.0,10774.0,13276.0,15338.0,19594.0,22246.0,25836.0,32208.0,4.5,6.0,0.3,48.2,2.9,7.9,33.0,8.0
7304,Rodez,76372.0,169224.5,117724.9,58.5,12842.0,18378.0,25208.0,12366.0,8492.0,11642.0,14030.0,16260.0,20716.0,23484.0,27226.0,34048.0,4.0,5.5,0.3,50.7,2.2,8.6,30.4,8.1
7305,Villefranche-de-Rouergue,16011.0,35171.5,24632.4,53.4,11712.0,17080.0,23568.0,11856.0,7346.0,10610.0,12802.0,14878.0,19384.0,21948.0,25676.0,32532.0,4.4,6.0,0.3,44.6,2.4,9.0,36.2,7.8
7306,Saint-Gaudens,26813.0,56556.0,40141.5,57.7,12098.0,18064.0,25052.0,12954.0,6878.0,10648.0,13426.0,15822.0,20486.0,23356.0,27134.0,33706.0,4.9,6.6,0.3,47.6,2.9,6.2,37.3,6.0
7307,Auch,50384.0,111530.0,77851.6,56.6,12382.0,18286.0,25461.0,13079.0,7442.0,11072.0,13620.0,16008.0,20716.0,23638.0,27594.0,34902.0,4.7,6.4,0.3,48.1,2.6,8.7,32.7,7.9
7308,Cahors,41405.0,89485.0,63006.5,57.1,12220.0,18286.0,25654.0,13434.0,7150.0,10834.0,13518.0,15880.0,20776.0,23824.0,27868.0,35012.0,4.9,6.5,0.3,46.1,3.1,7.0,37.0,6.8
7309,Figeac,17510.0,37790.5,26606.5,58.1,12806.0,18466.0,25214.0,12408.0,8038.0,11414.0,13984.0,16194.0,20902.0,23582.0,27222.0,33724.0,4.2,5.6,0.3,48.5,2.4,6.6,36.0,6.5
7310,Tarbes - Lourdes,102624.0,222158.5,156006.7,59.3,12758.0,18538.0,25322.0,12564.0,7544.0,11372.0,14040.0,16342.0,20906.0,23656.0,27346.0,33714.0,4.5,5.9,0.3,51.7,3.3,6.3,33.5,5.2
7311,Albi,74511.0,165789.5,115141.8,57.1,12322.0,18322.0,25474.0,13152.0,6914.0,10878.0,13650.0,15992.0,20726.0,23660.0,27678.0,34772.0,5.0,6.8,0.3,50.0,2.9,6.9,33.3,6.9
7312,Castres - Mazamet,57535.0,130857.0,90261.0,55.2,12080.0,17532.0,24070.0,11990.0,6756.0,10640.0,13286.0,15476.0,19776.0,22510.0,26106.0,32906.0,4.9,6.6,0.3,51.8,3.3,6.5,32.6,5.8
7313,Montauban,91984.0,215647.5,146428.3,54.8,11430.0,17502.0,24480.0,13050.0,6048.0,9982.0,12756.0,15162.0,19940.0,22792.0,26478.0,33064.0,5.5,7.3,0.3,54.2,3.5,6.3,29.6,6.4
7401,Tulle,31950.0,66904.0,47660.2,60.3,13152.0,18936.0,25636.0,12484.0,8526.0,11864.0,14412.0,16726.0,21178.0,23968.0,27672.0,33992.0,4.0,5.2,0.3,49.5,2.2,5.8,37.4,5.1
7402,Ussel,13865.0,29014.5,20622.5,57.6,12446.0,17768.0,23928.0,11482.0,7910.0,11240.0,13640.0,15707.0,19840.0,22426.0,25802.0,32218.0,4.1,5.7,0.3,50.6,2.4,6.7,34.0,6.3
7403,Guéret,56025.0,115947.5,82990.6,51.9,11324.0,16810.0,23388.0,12064.0,6712.0,10145.0,12446.0,14602.0,19038.0,21706.0,25372.0,31394.0,4.7,6.3,0.3,46.1,2.7,8.0,37.8,5.4
7404,Limoges,165527.0,354194.0,249201.6,60.5,12764.0,19094.0,26212.0,13448.0,6706.0,11130.0,14174.0,16714.0,21548.0,24438.0,28410.0,35472.0,5.3,7.0,0.3,55.0,2.5,5.2,32.2,5.1
8201,Ambérieu-en-Bugey,39314.0,96621.0,64175.4,67.3,14590.0,20466.0,27506.0,12916.0,9372.0,13174.0,15854.0,18214.0,22914.0,25756.0,29604.0,36414.0,3.9,4.9,0.3,64.2,2.9,4.7,23.4,4.8
8202,Bourg-en-Bresse,54891.0,127865.5,86835.1,66.0,14028.0,19932.0,26908.0,12880.0,8764.0,12606.0,15372.0,17720.0,22336.0,25174.0,29036.0,36324.0,4.1,5.5,0.3,59.6,2.5,5.1,27.2,5.6
8203,Oyonnax,26207.0,64709.5,42989.5,62.4,11802.0,18088.0,24970.0,13168.0,7076.0,10352.0,13212.0,15646.0,20472.0,23368.0,27008.0,33818.0,4.8,6.6,0.3,62.3,3.6,3.5,24.5,6.1
8204,Annonay,22306.0,52297.5,35490.9,61.7,13224.0,18594.0,24538.0,11314.0,8294.0,11840.0,14478.0,16646.0,20604.0,23088.0,26272.0,32238.0,3.9,5.4,0.3,55.9,3.9,4.9,29.4,5.9
8205,Aubenas,42397.0,92474.0,64692.2,54.9,11530.0,17260.0,23972.0,12442.0,6546.0,10160.0,12762.0,15066.0,19538.0,22306.0,25930.0,32386.0,4.9,6.7,0.3,45.7,3.9,6.1,36.6,7.7
8206,Montélimar,77821.0,180696.5,123150.7,59.7,12050.0,18406.0,26128.0,14078.0,6798.0,10516.0,13374.0,15940.0,21050.0,24160.0,28466.0,35798.0,5.3,7.0,0.3,54.5,3.4,5.8,29.4,6.9
8207,Romans-sur-Isère,36166.0,85682.0,57838.2,59.5,12328.0,18308.0,25368.0,13040.0,7022.0,10862.0,13686.0,16038.0,20772.0,23628.0,27548.0,34529.0,4.9,6.6,0.3,57.3,3.3,5.6,27.4,6.4
8208,Valence,147028.0,342039.5,232948.0,60.8,12790.0,18742.0,25916.0,13126.0,7576.0,11306.0,14096.0,16474.0,21212.0,24164.0,28054.0,35290.0,4.7,6.3,0.3,56.5,3.3,5.7,28.2,6.3
8209,Bourgoin-Jallieu,84516.0,217569.0,142112.0,64.8,13624.0,19692.0,26730.0,13106.0,8320.0,12133.0,14968.0,17406.0,22122.0,25000.0,28853.0,35662.0,4.3,5.6,0.3,66.0,3.4,4.2,21.7,4.7
8210,Grenoble,335045.0,787573.5,533548.8,67.9,14388.0,21114.0,29404.0,15016.0,8666.0,12798.0,15856.0,18490.0,23944.0,27322.0,31912.0,40136.0,4.6,6.1,0.3,62.2,2.8,4.6,24.3,6.1
8211,Vienne - Roussillon,89594.0,221136.5,147004.4,64.2,13462.0,19578.0,26666.0,13204.0,8174.0,12000.0,14790.0,17270.0,22066.0,24906.0,28776.0,35666.0,4.4,5.8,0.3,60.5,3.1,5.2,25.4,5.8
8212,Roanne,61390.0,137454.5,94998.0,59.6,12942.0,18143.0,24332.0,11390.0,7708.0,11528.0,14134.0,16182.0,20296.0,22808.0,26216.0,32336.0,4.2,5.8,0.3,53.5,3.3,5.0,32.2,6.0
8213,Villefranche-sur-Saône,98669.0,248768.0,163984.9,67.4,14684.0,20944.0,28782.0,14098.0,9312.0,13206.0,16040.0,18524.0,23590.0,26788.0,31200.0,39290.0,4.2,5.6,0.3,62.8,2.7,5.2,22.6,6.7
8214,Lyon,723700.0,1705650.0,1151241.3,68.3,13520.0,21096.0,30224.0,16704.0,7346.0,11708.0,15172.0,18174.0,24188.0,27898.0,33108.0,42600.0,5.8,7.9,0.4,63.7,3.0,4.6,22.3,6.4
8215,Tarentaise,47225.0,108210.0,74094.4,68.7,14462.0,20292.0,27382.0,12920.0,9290.0,13048.0,15712.0,17982.0,22746.0,25606.0,29450.0,36832.0,4.0,5.4,0.3,56.6,3.2,8.1,22.6,9.5
8216,Chambéry,121116.0,280225.5,191107.5,67.9,14558.0,20918.0,28758.0,14200.0,8956.0,12990.0,15912.0,18440.0,23600.0,26788.0,31184.0,39254.0,4.4,5.9,0.3,58.5,2.7,5.4,26.4,7.0
8217,Maurienne,17583.0,39118.0,27131.5,68.5,14750.0,20268.0,27054.0,12304.0,9810.0,13498.0,15882.0,18034.0,22782.0,25510.0,29026.0,35540.0,3.6,4.7,0.3,55.1,3.0,7.3,27.9,6.7
8218,Annecy,119380.0,280975.5,190335.3,72.4,16338.0,23320.0,32696.0,16358.0,10520.0,14736.0,17828.0,20590.0,26336.0,30202.0,35900.0,47120.0,4.5,6.0,0.3,63.4,2.5,5.1,20.9,8.1
8219,Genevois Français,153243.0,368749.0,246351.4,58.6,16394.0,27592.0,44666.0,28272.0,8332.0,14046.0,18594.0,22924.0,33198.0,40224.0,49804.0,66140.0,7.9,10.4,0.4,74.9,2.6,3.3,14.8,4.4
8220,Vallée de l'Arve,23886.0,60155.5,39733.4,70.0,14476.0,21054.0,29118.0,14642.0,8944.0,12910.0,15914.0,18506.0,23820.0,27146.0,31654.0,40152.0,4.5,5.9,0.3,65.4,3.8,4.3,19.5,7.0
8221,Mont Blanc,27639.0,62623.0,43095.7,70.9,15215.0,21486.0,29442.0,14227.0,10158.0,13784.0,16532.0,19008.0,24082.0,27430.0,32184.0,41820.0,4.1,5.7,0.3,56.4,2.5,8.9,21.1,11.1
8222,Chablais,41200.0,95463.5,64993.6,69.9,15794.0,23452.0,34618.0,18824.0,9980.0,14078.0,17376.0,20358.0,27118.0,31648.0,38248.0,50136.0,5.0,6.5,0.4,65.1,3.0,5.2,19.7,7.0
8301,Montluçon,51574.0,108045.0,76739.2,57.9,12236.0,17902.0,24388.0,12152.0,6686.0,10812.0,13468.0,15762.0,20182.0,22828.0,26320.0,32504.0,4.9,6.6,0.3,50.0,2.8,5.8,36.2,5.2
8302,Moulins,44721.0,97139.0,68001.6,58.0,12430.0,18024.0,24470.0,12040.0,7276.0,11144.0,13650.0,15848.0,20278.0,22852.0,26477.0,32800.0,4.5,6.0,0.3,51.6,2.5,7.3,33.0,5.6
8303,Vichy,61551.0,129632.5,91858.0,57.7,12250.0,17962.0,24776.0,12526.0,7020.0,10898.0,13536.0,15802.0,20294.0,23088.0,26826.0,33950.0,4.8,6.7,0.3,50.0,2.9,6.1,35.2,5.8
8304,Aurillac,37286.0,80379.5,56564.7,58.6,12868.0,18320.0,25010.0,12142.0,8432.0,11626.0,14054.0,16268.0,20600.0,23310.0,27140.0,33806.0,4.0,5.4,0.3,52.2,2.3,7.3,31.6,6.6
8305,Mauriac,13738.0,28100.0,20251.4,50.3,11560.0,16340.0,22324.0,10764.0,7600.0,10540.0,12564.0,14394.0,18464.0,20852.0,24078.0,29820.0,3.9,5.3,0.3,42.8,2.2,10.7,37.6,6.7
8306,Saint-Flour,15490.0,33654.0,23662.0,51.6,11710.0,16534.0,22880.0,11170.0,7530.0,10628.0,12676.0,14578.0,18688.0,21308.0,24734.0,30590.0,4.1,5.5,0.3,46.6,2.4,11.3,31.9,7.8
8307,Brioude,19648.0,41906.0,29552.1,52.9,11680.0,16907.0,22868.0,11188.0,7328.0,10510.0,12824.0,14892.0,19068.0,21478.0,24598.0,30194.0,4.1,5.5,0.3,48.3,3.2,6.9,35.6,6.0
8308,Le Puy-en-Velay,39646.0,87386.5,60794.3,58.3,12730.0,18288.0,24984.0,12254.0,7924.0,11386.0,13924.0,16174.0,20630.0,23344.0,27038.0,33706.0,4.3,5.9,0.3,52.7,2.5,7.1,30.8,6.9
8309,Ambert,9529.0,20309.5,14382.9,55.9,12152.0,17554.0,24430.0,12278.0,7712.0,10912.0,13298.0,15418.0,19968.0,22872.0,26358.0,33300.0,4.3,5.8,0.3,49.9,2.4,6.1,35.2,6.4
8310,Clermont-Ferrand,227253.0,498435.0,347142.5,65.4,13870.0,20252.0,27982.0,14112.0,8246.0,12316.0,15260.0,17804.0,22920.0,26066.0,30338.0,37960.0,4.6,6.3,0.3,59.4,2.5,5.3,27.3,5.5
8311,Issoire,21627.0,47228.0,32963.5,59.5,12916.0,18545.0,24574.0,11658.0,8266.0,11696.0,14112.0,16282.0,20742.0,23158.0,26336.0,32244.0,3.9,5.2,0.3,53.3,3.0,6.1,32.0,5.6
8312,Thiers,20740.0,46714.0,32285.7,55.4,12103.0,17416.0,23726.0,11623.0,7180.0,10788.0,13336.0,15432.0,19538.0,22060.0,25722.0,31964.0,4.5,5.9,0.3,54.2,3.8,5.2,32.0,4.8
9101,Carcassonne,53146.0,119839.5,82578.3,53.7,10568.0,16994.0,24256.0,13688.0,4548.0,8894.0,11978.0,14502.0,19548.0,22488.0,26398.0,33166.0,7.3,9.5,0.4,51.5,3.6,6.4,32.7,5.8
9102,Limoux,19528.0,41796.0,29555.7,49.1,10252.0,15990.0,22476.0,12224.0,4834.0,8826.0,11496.0,13828.0,18278.0,20840.0,24376.0,30318.0,6.3,8.1,0.4,42.5,3.7,7.1,40.1,6.6
9103,Narbonne,71572.0,155320.0,108706.9,52.9,10524.0,16678.0,23790.0,13266.0,4968.0,9026.0,11896.0,14314.0,19136.0,22020.0,25844.0,32722.0,6.6,8.6,0.4,46.2,3.9,6.7,36.8,6.4
9104,Alès,64598.0,141966.0,98960.1,50.7,10048.0,16298.0,23276.0,13228.0,4118.0,8494.0,11466.0,13972.0,18720.0,21598.0,25342.0,31856.0,7.7,9.8,0.4,46.8,3.9,5.6,36.9,6.8
9105,Bagnols-sur-Cèze,28247.0,66523.0,45203.8,59.7,11798.0,18466.0,26086.0,14288.0,6140.0,10246.0,13246.0,15922.0,21196.0,24254.0,28220.0,35178.0,5.7,7.1,0.3,57.8,3.1,5.2,28.6,5.3
9106,Nîmes,149273.0,351663.5,238110.8,57.2,10668.0,17792.0,25670.0,15002.0,4638.0,8932.0,12256.0,15130.0,20550.0,23748.0,27978.0,35574.0,7.7,10.0,0.4,55.1,3.6,6.0,28.5,6.8
9107,Agde - Pézenas,38894.0,85204.0,59526.3,53.7,10578.0,16738.0,24018.0,13440.0,5394.0,9174.0,11900.0,14366.0,19288.0,22200.0,26242.0,33480.0,6.2,8.4,0.4,43.6,4.3,6.7,36.9,8.5
9108,Béziers,100381.0,224200.0,155099.4,51.8,9976.0,16438.0,23648.0,13672.0,4258.0,8390.0,11430.0,14006.0,18978.0,21908.0,25836.0,32810.0,7.7,10.2,0.4,46.9,3.7,7.5,34.8,7.1
9109,Clermont-l'Hérault - Lodève,23157.0,54739.5,36958.4,51.4,10656.0,16736.0,23642.0,12986.0,5554.0,9294.0,11946.0,14350.0,19124.0,21982.0,25590.0,32198.0,5.8,7.7,0.3,52.3,4.2,6.5,30.7,6.3
9110,Ganges,20586.0,44880.5,31356.7,49.5,10412.0,16294.0,23088.0,12676.0,5034.0,9010.0,11786.0,14150.0,18606.0,21350.0,25094.0,31598.0,6.3,8.1,0.4,46.0,4.3,6.7,36.2,6.8
9111,Montpellier,271605.0,615792.5,423090.9,62.4,12166.0,19762.0,28752.0,16586.0,5886.0,10316.0,13798.0,16830.0,22842.0,26520.0,31536.0,40542.0,6.9,9.1,0.4,57.4,3.6,6.5,25.2,7.3
9112,Sète,46247.0,101125.5,70582.9,56.4,11130.0,17534.0,24979.0,13849.0,5404.0,9504.0,12540.0,15084.0,20128.0,23156.0,27242.0,34700.0,6.4,8.7,0.4,48.9,4.0,6.5,34.0,6.6
9113,Lozère,32608.0,71452.0,49819.2,57.6,12394.0,17920.0,24434.0,12040.0,7758.0,11104.0,13580.0,15820.0,20208.0,22816.0,26444.0,32722.0,4.2,5.7,0.3,51.0,2.2,8.4,31.0,7.4
9114,Céret,34500.0,71798.5,51341.9,57.4,11878.0,17990.0,25370.0,13492.0,6464.0,10366.0,13200.0,15602.0,20530.0,23540.0,27670.0,34998.0,5.4,7.2,0.3,38.3,3.1,6.4,44.2,8.0
9115,Perpignan,152553.0,336609.5,233882.6,54.6,10374.0,17080.0,24652.0,14278.0,4408.0,8712.0,11892.0,14556.0,19768.0,22788.0,26866.0,34120.0,7.7,10.2,0.4,48.7,3.7,7.0,33.6,7.0
9116,Prades,19354.0,41465.5,29154.3,52.1,10838.0,16734.0,23636.0,12798.0,5658.0,9466.0,12112.0,14561.0,19100.0,21954.0,25574.0,32060.0,5.7,7.4,0.3,47.6,3.6,6.8,35.6,6.4
9301,Digne-les-Bains,32184.0,69273.5,48688.5,59.0,12202.0,18338.0,25496.0,13294.0,6806.0,10690.0,13524.0,15976.0,20856.0,23744.0,27574.0,34230.0,5.0,6.6,0.3,50.6,3.1,5.7,33.9,6.7
9302,Manosque,35577.0,79212.0,54919.0,59.3,12353.0,18726.0,26522.0,14169.0,6954.0,10836.0,13746.0,16248.0,21462.0,24630.0,28964.0,36640.0,5.3,6.9,0.3,49.7,3.4,6.4,32.8,7.7
9303,Briançon,15806.0,34346.0,23986.8,64.4,13412.0,18928.0,25796.0,12384.0,8742.0,12200.0,14570.0,16730.0,21306.0,24104.0,28042.0,35332.0,4.0,5.4,0.3,50.9,3.8,8.9,27.7,8.7
9304,Gap,46992.0,103244.5,71913.6,61.2,12840.0,18662.0,25750.0,12910.0,7868.0,11464.0,14060.0,16412.0,21082.0,23956.0,27934.0,34882.0,4.4,5.9,0.3,50.7,3.0,7.2,31.2,7.9
9305,Cannes - Antibes,191576.0,417972.0,292257.8,66.6,13494.0,20928.0,30726.0,17232.0,7702.0,11834.0,15060.0,17990.0,24152.0,28200.0,33878.0,44216.0,5.7,8.0,0.4,52.7,3.0,6.0,27.8,10.5
9306,Menton - Vallée de la Roya,39442.0,83923.0,59240.1,68.8,14082.0,21072.0,30184.0,16102.0,8570.0,12480.0,15562.0,18310.0,24108.0,27848.0,32838.0,41820.0,4.9,6.8,0.4,59.9,2.6,4.7,25.8,7.0
9307,Nice,290586.0,629070.5,440763.5,64.6,12660.0,20342.0,29718.0,17058.0,6404.0,10878.0,14258.0,17310.0,23524.0,27360.0,32636.0,42545.0,6.6,9.1,0.4,55.0,2.8,6.8,26.7,8.7
9308,Aix-en-Provence,165577.0,391580.5,265871.4,67.9,14474.0,22066.0,31888.0,17414.0,8510.0,12800.0,16028.0,19052.0,25374.0,29376.0,34952.0,44976.0,5.3,7.2,0.4,58.4,3.0,5.6,24.1,8.9
9309,Arles,35098.0,80937.5,55350.9,58.1,11102.0,17910.0,25728.0,14626.0,5500.0,9468.0,12650.0,15302.0,20672.0,23826.0,28264.0,36256.0,6.6,8.8,0.4,52.8,3.8,6.4,28.6,8.4
9310,Marseille - Aubagne,542818.0,1268852.5,861266.4,61.7,10880.0,19098.0,28330.0,17450.0,4164.0,8884.0,12708.0,15990.0,22344.0,26100.0,31092.0,40034.0,9.6,12.2,0.4,57.7,3.4,6.1,26.0,6.8
9311,Istres - Martigues,57093.0,136108.0,91906.2,64.2,12688.0,19482.0,27308.0,14620.0,7074.0,11016.0,14106.0,16816.0,22224.0,25386.0,29558.0,36510.0,5.2,6.7,0.3,61.9,3.5,3.8,26.3,4.5
9312,Salon-de-Provence,49880.0,121966.0,81537.9,64.3,12998.0,19982.0,28226.0,15228.0,7504.0,11384.0,14498.0,17232.0,22818.0,26194.0,30614.0,38148.0,5.1,6.7,0.3,62.3,3.3,4.4,24.0,6.0
9313,Draguignan,50747.0,117109.5,80192.7,60.5,12298.0,18794.0,26410.0,14112.0,6744.0,10714.0,13678.0,16264.0,21484.0,24496.0,28698.0,35918.0,5.3,7.1,0.3,49.6,3.2,6.3,33.8,7.1
9314,Fréjus - Saint-Raphaël,83476.0,180957.5,127253.7,66.6,13294.0,20348.0,29598.0,16304.0,7740.0,11692.0,14804.0,17592.0,23426.0,27152.0,32546.0,43000.0,5.6,7.9,0.4,42.3,2.9,7.3,34.9,12.6
9315,Toulon,278619.0,617433.0,429567.2,62.8,12680.0,19693.0,27882.0,15202.0,6522.0,10932.0,14202.0,16994.0,22510.0,25856.0,30324.0,38392.0,5.9,7.8,0.4,50.3,3.1,6.2,32.8,7.6
9316,Cavaillon - Apt,33556.0,77598.0,53081.9,57.1,10902.0,17434.0,25308.0,14406.0,5628.0,9376.0,12242.0,14820.0,20138.0,23348.0,27776.0,36214.0,6.4,8.6,0.4,48.8,3.7,6.7,30.9,9.9
9317,Orange,39437.0,96443.0,64488.5,57.9,11112.0,17500.0,24674.0,13562.0,5948.0,9604.0,12524.0,15078.0,20108.0,22962.0,26956.0,33938.0,5.7,7.4,0.3,55.9,3.7,5.7,28.0,6.7
9401,Ajaccio,41503.0,92759.5,64584.7,63.5,12568.0,19902.0,28774.0,16206.0,7064.0,10902.0,14156.0,17006.0,22996.0,26662.0,31430.0,39940.0,5.7,7.7,0.4,55.7,2.4,6.8,27.6,7.5
9402,Porto-Vecchio,10706.0,25176.5,17119.5,59.7,10676.0,17340.0,25946.0,15270.0,6242.0,9313.0,12010.0,14746.0,20198.0,23724.0,28358.0,37592.0,6.0,8.7,0.4,48.9,2.8,10.0,26.3,12.0
9403,Sartène - Propriano,4026.0,8915.0,6219.0,53.9,10068.0,16742.0,24988.0,14920.0,5290.0,8592.0,11508.0,14130.0,19510.0,22698.0,27338.0,35394.0,6.7,8.8,0.4,47.7,2.8,9.6,31.8,8.1
9404,Bastia,45172.0,100552.0,69964.2,55.4,10536.0,17604.0,26082.0,15546.0,5314.0,8930.0,12020.0,14790.0,20582.0,24094.0,28672.0,36964.0,7.0,9.7,0.4,54.4,2.5,8.5,27.6,7.0
9405,Calvi - L'Île-Rousse,8892.0,19189.5,13463.5,56.4,10550.0,17001.0,25250.0,14700.0,5633.0,9032.0,11844.0,14390.0,19846.0,23196.0,27754.0,36319.0,6.4,9.3,0.4,44.6,3.4,13.3,29.1,9.6
9406,Corte,4357.0,9087.0,6482.8,54.1,10416.0,17510.0,25718.0,15302.0,5324.0,9088.0,11884.0,14710.0,20240.0,23688.0,28020.0,34768.0,6.5,8.2,0.4,53.7,2.4,7.8,29.9,6.2
9407,Ghisonaccia - Aléria,5656.0,13446.5,9135.8,52.8,9738.0,16296.0,23980.0,14242.0,5018.0,8324.0,11182.0,13786.0,18962.0,22018.0,26198.0,33000.0,6.6,9.1,0.4,49.8,2.9,9.6,30.4,7.3
