Revenus fiscaux des ménages - Année 2003,,,,,,,,,,,,,,,,,,,,,
"Indicateurs de distribution par Unité de Consommation - Seuil 50 ménages pour médiane, 2000 habitants pour autres indicateurs",,,,,,,,,,,,,,,,,,,,,
Zones d'emploi,,,,,,,,,,,,,,,,,,,,,
"© Insee     Source : Insee-DGI, Revenus fiscaux des ménages",,,,,,,,,,,,,,,,,,,,,
Sommaire,,,,,,,,,,,,,,,,,,,,,
,,,"Nb de ménages
au RP 1999",PSDC99,Nombre d'UC,1er quartile (€),Médiane (€),3ème quartile (€),"Intervalle
inter-quartiles (€)",1er décile (€),2ème décile (€),3ème décile (€),4ème décile (€),6ème décile (€),7ème décile (€),8ème décile (€),9ème décile (€),"Rapport
inter-déciles",Ecart-type (€),Moyenne (€),Indice de Gini
ZE1990,REG,LIBGEO,MEN99,PSDC99,NBUC03,RFUCQ103,RFUCQ203,RFUCQ303,RFUCIQ03,RFUCD103,RFUCD203,RFUCD303,RFUCD403,RFUCD603,RFUCD703,RFUCD803,RFUCD903,RFUCRD03,RFUCET03,RFUCMO03,RFUCGI03
1131,11,Paris,1110912,2125246,1492471.7,10856,20869,34301,23445,4978,8790,12903,16868,25335,30817,38618,53137,10.7,46872.91,28324.02,0.4727
1132,11,Nanterre,682260,1669222,1139239.4,11789,19913,30269,18480,6130,9976,13510,16743,23352,27603,33579,44496,7.3,29651.11,24567.07,0.4049
1133,11,Boulogne-Billancourt,352403,820003,552891.6,13811,21701,31993,18182,7662,11996,15461,18587,25190,29395,35131,45053,5.9,27547.71,25570.99,0.3636
1134,11,Vitry-sur-Seine,115704,287129,187962.6,9336,15990,23327,13991,4910,7885,10743,13386,18668,21601,25358,31784,6.5,15761.28,17818.50,0.3578
1135,11,Créteil,329670,852425,564720.7,11917,18748,26697,14780,6646,10327,13415,16140,21498,24691,29064,36793,5.5,18256.47,21242.61,0.3460
1136,11,Montreuil,379206,964364,647076.1,9828,17053,25185,15357,5000,8267,11350,14234,19917,23190,27561,35225,7.0,18654.16,19572.18,0.3770
1137,11,Saint-Denis,401853,1112453,723572.4,7146,12964,20057,12911,3834,6098,8218,10506,15576,18440,21931,27461,7.2,11608.00,14832.73,0.3766
1138,11,Cergy,103937,302176,189787.4,11580,17997,25100,13520,6590,10067,12997,15566,20524,23394,27186,33693,5.1,15756.61,19883.88,0.3287
1139,11,Poissy,48009,131249,83536.3,12637,19862,28949,16312,7438,11019,14134,16989,22919,26624,31667,40634,5.5,20962.53,23291.33,0.3574
1140,11,Les Mureaux,40089,115070,74321.6,11256,17795,24999,13743,6267,9672,12676,15302,20371,23290,27132,33661,5.4,13867.61,19663.80,0.3321
1141,11,Mantes-la-Jolie,47941,139266,86741.6,9651,15779,22325,12674,5391,8338,10891,13347,18199,20807,24118,29810,5.5,13372.59,17431.13,0.3401
1142,11,Versailles,238323,638265,412578.4,15199,22395,31693,16494,9389,13543,16754,19561,25543,29353,34608,43777,4.7,23704.13,25938.07,0.3339
1143,11,Orsay,45241,125975,78740.4,15746,23146,32419,16673,9677,14041,17289,20279,26396,30141,35126,43581,4.5,17230.44,25877.46,0.3128
1144,11,Orly,167411,446024,290135.5,11827,18381,25591,13764,6532,10215,13284,15903,20923,23838,27665,34109,5.2,14279.55,20087.97,0.3248
1145,11,Dourdan,36942,101378,67450.9,14283,20235,27214,12931,8912,12802,15581,17952,22607,25411,29204,35768,4.0,14071.47,22107.93,0.2948
1146,11,Etampes,17183,45705,29798.4,11228,17078,23387,12159,6344,9643,12569,14845,19301,21815,25168,31391,4.9,12851.67,18658.11,0.3238
1147,11,Evry,97989,271329,179128.9,11474,18253,25577,14103,6150,9839,13001,15726,20835,23776,27717,34583,5.6,15180.42,20175.62,0.3387
1148,11,Melun,85347,237525,154235.3,11459,17464,24155,12696,6734,10049,12756,15157,19806,22495,26140,32388,4.8,14153.08,19337.34,0.3248
1149,11,Fontainebleau,32875,82567,53480.2,13305,19123,26662,13357,8589,11953,14556,16825,21610,24754,29061,37270,4.3,22083.55,22230.74,0.3295
1150,11,Nemours,17737,47044,30375.4,10944,16190,22175,11231,6896,9770,12057,14122,18350,20743,23773,29473,4.3,14429.59,18080.08,0.3187
1151,11,Montereau-Fault-Yonne,15899,42961,26987.7,9021,14725,20611,11590,4728,7751,10221,12539,16757,19169,22250,27525,5.8,11178.28,15949.27,0.3385
1152,11,Provins,16576,43670,28708.6,10375,15287,20969,10594,6322,9166,11439,13394,17289,19512,22667,28354,4.5,14907.43,17198.61,0.3286
1153,11,Coulommiers,22084,59073,39601.3,11198,16242,22273,11075,7123,10007,12275,14266,18326,20832,24095,29901,4.2,13547.89,18234.43,0.3164
1154,11,Lagny-sur-Marne,31251,85755,63391.5,14373,20700,28116,13743,9032,12887,15763,18295,23229,26232,30409,37740,4.2,18904.22,23240.91,0.3121
1155,11,Meaux,56784,156557,101648.6,11136,17086,23436,12300,6317,9720,12469,14803,19326,21913,25285,31373,5.0,16336.54,18848.75,0.3309
1156,11,Roissy-en-France,16743,49580,31900.7,14428,19687,25738,11310,9828,13056,15645,17804,21819,24258,27533,33549,3.4,12814.12,21385.46,0.2695
2101,21,Vallée de la Meuse,100417,256707,164450.3,8466,13139,18756,10290,4746,7406,9471,11330,15130,17404,20336,25503,5.4,12116.95,14838.81,0.3480
2102,21,Reims,132260,321417,200062.7,10172,15656,22308,12136,5833,8860,11363,13537,17956,20650,24407,31393,5.4,15158.70,18188.20,0.3577
2103,21,Châlons-en-Champagne,41573,107983,68586.3,10562,15332,21063,10501,6703,9394,11601,13474,17339,19666,22862,28327,4.2,12181.83,17198.85,0.3169
2104,21,Epernay,37085,92137,59755.0,11339,16533,23312,11973,6987,10123,12436,14422,18687,21517,25635,34401,4.9,17777.57,19966.77,0.3595
2105,21,Marne moyenne,48519,123845,78353.5,8934,13433,18654,9720,5323,7870,9919,11685,15254,17367,20156,25042,4.7,11564.08,15018.83,0.3314
2106,21,Sud-ouest Champenois,29301,73210,47942.5,10019,14472,19630,9611,6106,8910,10992,12766,16231,18352,21214,26402,4.3,12800.35,16259.78,0.3232
2107,21,Troyes,102561,250158,164360.2,9907,14785,20454,10547,5577,8685,11003,12938,16708,18983,22234,28411,5.1,13605.40,16857.20,0.3461
2108,21,Haute vallée de la Marne,48308,116906,76441.8,9866,14127,19280,9414,6389,8908,10775,12461,15952,18031,20839,26010,4.1,12411.58,15900.33,0.3138
2202,22,Amiens,132778,342110,214147.1,9341,14569,20725,11385,5143,8116,10472,12541,16735,19225,22542,28596,5.6,14564.18,16659.66,0.3561
2205,22,Château-Thierry,26210,68570,44647.9,10110,14960,20721,10611,6396,9008,11120,13012,16971,19324,22560,28509,4.5,14018.66,17112.11,0.3323
2206,22,Sud Oise,133957,371611,236144.3,11059,16748,23426,12367,6482,9707,12245,14520,19072,21773,25435,32111,5.0,15862.53,19033.22,0.3396
2207,22,Soissons,38191,100627,64787.4,9289,14030,19836,10547,5574,8157,10276,12175,16036,18423,21524,27092,4.9,12509.01,16070.88,0.3417
2208,22,Beauvais,68419,185405,119471.0,10287,15556,21421,11134,6068,9009,11446,13561,17648,20026,23134,28739,4.7,12807.72,17278.73,0.3289
2209,22,Compiègne,65121,173943,111121.0,10465,15768,22145,11680,6285,9246,11581,13698,17997,20586,24074,30424,4.8,13969.02,17973.20,0.3365
2210,22,Santerre-Oise,12759,35482,23369.0,9376,14046,19238,9863,5945,8347,10438,12254,15887,17958,20829,25351,4.3,12529.85,15566.34,0.3166
2211,22,Abbeville-Ponthieu,24534,62804,40952.2,8555,13301,18973,10418,4780,7427,9623,11470,15251,17523,20688,26666,5.6,12818.51,15395.75,0.3606
2212,22,Vimeu,23828,61360,40506.0,9491,13756,18574,9084,5967,8441,10411,12128,15385,17361,20060,25028,4.2,11910.70,15390.11,0.3180
2219,22,Santerre-Somme,33633,89277,57137.8,9033,13458,18584,9551,5567,8009,9972,11767,15266,17353,20098,25245,4.5,12500.61,15286.47,0.3338
2231,22,Saint-Quentin,52365,134597,85601.2,8358,13445,19190,10832,4426,7172,9469,11551,15458,17761,20916,26431,6.0,13392.45,15375.76,0.3664
2232,22,Chauny-Tergnier-La Fère,25614,65968,42173.6,8543,13200,18560,10017,4900,7511,9539,11418,15033,17293,20094,24979,5.1,13838.63,14733.82,0.3383
2241,22,Thiérache,26691,68822,43387.5,7581,11971,17012,9431,4126,6567,8564,10317,13748,15802,18481,23007,5.6,10493.48,13418.71,0.3493
2242,22,Laonnois,36871,96905,61472.1,9097,13956,19680,10583,5420,8019,10128,12025,15941,18266,21347,26903,5.0,11999.59,15799.92,0.3403
2307,23,Pays-de-Bray,14001,35025,23142.0,9573,13916,19175,9602,5832,8640,10477,12180,15838,17990,20599,25537,4.4,12100.42,15590.07,0.3216
2308,23,Vallée-de-la-Bresle,18646,47672,31308.8,9751,13860,19039,9288,6207,8693,10673,12268,15634,17714,20611,25838,4.2,14695.98,15894.54,0.3251
2311,23,Fécamp,15715,40081,26268.6,9327,13725,19308,9981,5823,8316,10258,12021,15639,17878,21032,26190,4.5,13286.39,15744.25,0.3336
2313,23,Pont-Audemer,16073,40450,27268.6,9843,14248,19972,10129,6231,8749,10780,12507,16236,18469,21743,27357,4.4,13056.37,16446.91,0.3313
2314,23,Bernay,24552,62183,41126.0,10067,14671,20265,10198,6327,8969,11102,12897,16545,18799,22019,27709,4.4,15025.99,16739.48,0.3288
2316,23,Verneuil-sur-Avre,11024,27318,17793.4,10038,14424,19681,9644,6193,8938,10976,12824,16264,18458,21400,26922,4.3,12959.42,16357.74,0.3232
2317,23,Vernon,32697,88767,57309.3,10805,16149,22383,11578,6395,9509,11957,14102,18255,20799,24372,30662,4.8,14095.06,18201.69,0.3317
2318,23,Gisors,10346,27529,17907.9,10568,15242,20803,10235,6832,9541,11512,13439,17183,19428,22366,27596,4.0,13580.21,17171.97,0.3146
2321,23,Rouen,288745,724721,462970.9,10191,15535,21700,11509,5670,8885,11385,13514,17704,20186,23531,29495,5.2,13450.63,17423.50,0.3397
2322,23,Dieppe,38794,98451,64710.1,9430,14022,19471,10041,5738,8333,10459,12253,15928,18095,21118,26644,4.6,12598.59,15944.22,0.3352
2323,23,Le Havre,141181,360488,229302.9,9341,14547,20654,11313,5059,8066,10510,12578,16690,19195,22484,28157,5.6,13602.38,16398.54,0.3485
2324,23,Lillebonne,22382,59573,38863.6,10156,14883,20673,10517,6523,9011,11185,13015,16886,19268,22310,27665,4.2,12687.84,16743.85,0.3156
2325,23,Evreux,64407,167934,109773.9,10961,16210,22192,11231,6496,9677,12137,14237,18314,20696,24047,29948,4.6,13684.91,18105.97,0.3245
2411,24,Bourges,74661,179699,118167.6,10430,15475,21298,10868,6090,9259,11569,13585,17469,19823,23061,28566,4.7,12650.58,17138.41,0.3245
2412,24,Vierzon,20699,48766,31699.6,9527,14177,19233,9706,5375,8372,10522,12391,15946,17959,20698,25619,4.8,11226.21,15503.59,0.3252
2413,24,Saint-Amand-Montrond,20587,48187,31537.0,9404,13788,18861,9457,5805,8372,10293,12076,15496,17613,20419,25523,4.4,12358.80,15380.73,0.3234
2414,24,Aubigny,16218,37776,25156.0,9854,14354,19943,10089,6306,8851,10842,12563,16222,18561,21646,27776,4.4,14417.39,16659.47,0.3374
2421,24,Chartres,75461,194152,128012.8,12070,16925,22899,10829,7734,10889,13130,15064,18997,21386,24736,30543,3.9,13968.06,18953.73,0.3044
2422,24,Dreux,43769,120298,77170.3,9979,15266,21266,11287,5757,8694,11156,13274,17399,19849,23074,28787,5.0,13166.50,17090.57,0.3356
2423,24,Châteaudun,23263,56886,37229.2,10940,15150,20311,9371,7213,9909,11813,13504,16947,19030,21918,27046,3.7,12303.37,16922.47,0.2986
2424,24,Nogent-le-Rotrou,15121,36329,23813.7,10389,14637,19623,9234,6624,9421,11282,13011,16327,18418,21153,26078,3.9,11240.08,16216.22,0.3041
2431,24,Châteauroux,49918,117553,77140.6,10263,14759,20218,9955,6353,9171,11264,12999,16635,18812,21861,27243,4.3,13074.57,16584.01,0.3204
2432,24,Argenton-sur-Creuse,21795,49806,33809.3,9167,13208,18253,9087,5829,8260,10035,11649,14933,16975,19871,25177,4.3,11622.73,15063.45,0.3257
2433,24,Issoudun,15133,34852,23605.4,10271,14437,19515,9244,6653,9322,11208,12901,16167,18219,20945,25678,3.9,11649.19,16115.22,0.3049
2434,24,La Châtre,12645,28928,19713.4,9134,13129,18292,9158,6101,8287,9982,11598,15002,17099,19787,24654,4.0,11403.31,15023.29,0.3190
2441,24,Tours,161600,379742,249722.4,11048,16070,22367,11319,6663,9816,12144,14118,18222,20767,24274,30854,4.6,13890.54,18294.29,0.3300
2442,24,Amboise,26429,67683,45998.6,10948,15533,21158,10210,7309,9918,11969,13744,17464,19755,22926,28852,3.9,12140.87,17492.01,0.3063
2443,24,Loches,20154,48773,32429.1,9637,13598,18644,9007,6305,8719,10471,12054,15311,17367,20245,25381,4.0,11600.11,15462.55,0.3170
2444,24,Chinon,23222,57805,37887.6,9790,13957,19160,9370,6392,8840,10657,12298,15754,17858,20869,26039,4.1,11770.93,15710.48,0.3120
2451,24,Blois,73073,177282,117350.2,11161,15961,21810,10649,6948,10009,12185,14093,17939,20322,23622,29489,4.2,12575.19,17851.35,0.3143
2452,24,Vendôme,28437,68014,45790.0,10658,14805,19989,9331,6958,9681,11565,13164,16623,18741,21603,27056,3.9,18295.94,16842.79,0.3110
2453,24,Romorantin,29091,69672,46661.4,10205,14757,20103,9898,6606,9165,11180,12976,16589,18800,21743,27126,4.1,12768.35,16607.66,0.3160
2461,24,Orléans,152572,382314,250146.9,11719,17203,23658,11939,6859,10363,12927,15113,19386,22046,25599,31948,4.7,14182.10,19158.02,0.3211
2462,24,Montargis,47710,114614,78791.3,10347,15134,20804,10457,6253,9164,11401,13322,17091,19391,22436,27918,4.5,13887.89,16987.61,0.3249
2463,24,Pithiviers,22300,57120,38158.4,11201,15718,21327,10126,7294,10132,12134,13962,17670,19926,22890,28169,3.9,12936.13,17550.76,0.3002
2464,24,Gien,26104,64078,42920.9,10356,15143,20812,10456,6171,9188,11405,13320,17130,19456,22435,27613,4.5,12809.84,16857.09,0.3205
2501,25,Caen-Bayeux,192255,485859,311820.5,10275,15277,21257,10982,6166,9057,11360,13333,17335,19766,23087,29080,4.7,13817.88,17325.76,0.3346
2502,25,Lisieux,48715,119715,80185.8,9369,14011,19912,10544,5636,8223,10393,12227,15975,18403,21756,28570,5.1,18526.17,16685.34,0.3627
2503,25,Vire,22755,55463,35942.4,9199,13065,17762,8563,5798,8304,10017,11553,14701,16605,19174,23682,4.1,12452.24,14709.47,0.3185
2504,25,Cherbourg-Octeville,78112,198740,127576.3,9402,14012,19563,10161,5804,8330,10377,12210,15931,18209,21153,26215,4.5,11661.70,15688.69,0.3252
2505,25,Saint-Lô,35661,88213,57972.3,9985,14187,19359,9374,6303,8958,10887,12541,16003,18099,20985,26140,4.1,11429.64,15943.23,0.3135
2506,25,Avranches-Granville,48251,114812,78940.3,9925,13978,19384,9459,6566,9007,10745,12345,15774,18017,21076,26716,4.1,13466.98,16303.96,0.3274
2507,25,Coutances,24375,59516,40294.7,9244,13393,18612,9368,5888,8267,10175,11774,15109,17289,20230,25785,4.4,12477.59,15463.04,0.3329
2508,25,Flers,44919,110532,72377.4,9655,13677,18382,8727,6197,8679,10551,12129,15299,17221,19811,24538,4.0,11433.30,15290.22,0.3108
2509,25,Alençon-Argentan,42870,105607,67195.6,9549,14079,19559,10010,5375,8365,10548,12326,16047,18166,21219,26607,5.0,12545.65,15846.42,0.3356
2510,25,Mortagne-au-Perche-L'Aigle,34106,83736,55230.2,9552,13860,18907,9355,5847,8492,10499,12186,15591,17644,20407,25625,4.4,11490.17,15517.15,0.3233
2610,26,Mâcon,45701,108503,73465.2,10362,15230,21211,10849,6368,9213,11439,13361,17280,19739,23077,29190,4.6,13341.04,17340.50,0.3295
2612,26,Dijon,146174,350448,225261.0,11633,16841,23211,11578,7257,10375,12751,14795,18969,21580,25166,31601,4.4,13882.80,19050.41,0.3205
2613,26,Auxerre,54633,132758,87388.3,10286,15156,21007,10721,6273,9124,11397,13336,17236,19585,22817,28645,4.6,16559.45,17387.27,0.3352
2615,26,Nevers,61880,142539,93146.7,9970,14668,20295,10325,5743,8784,11008,12856,16633,18910,21946,27239,4.7,12555.30,16352.36,0.3277
2641,26,Chalon-sur-Saône,61458,149825,99937.0,10438,15077,20806,10368,6571,9336,11439,13294,17068,19363,22544,28160,4.3,12762.68,17095.19,0.3218
2643,26,Châtillon-sur-Seine,9382,23059,14625.4,9345,13368,18387,9042,5846,8366,10174,11769,14997,17124,20033,25354,4.3,11150.17,15157.58,0.3204
2644,26,Sens,39295,98620,65752.3,10389,15307,20975,10586,6614,9312,11489,13431,17285,19607,22603,28162,4.3,13737.60,17188.32,0.3209
2651,26,Montbard,16930,41117,26725.8,9767,13857,19121,9354,6060,8715,10627,12238,15723,17855,20655,25607,4.2,13475.27,15613.12,0.3186
2652,26,Avallon,18609,45788,29303.0,9342,13803,19087,9746,5785,8277,10282,12150,15542,17694,20695,26097,4.5,15220.63,15714.30,0.3360
2654,26,Cosne-sur-Loire,21628,48154,32682.1,9664,13968,19395,9732,5886,8608,10626,12289,15825,18039,20983,26319,4.5,12105.71,15865.54,0.3264
2656,26,Autun,17574,41612,26981.5,9458,13767,19037,9579,5919,8423,10353,12037,15558,17734,20641,26057,4.4,11679.34,15566.70,0.3253
2660,26,Joigny,22803,56055,36853.0,9587,14204,19685,10098,5660,8495,10633,12434,16150,18327,21261,26565,4.7,11647.84,15860.66,0.3272
2662,26,Decize,15179,34505,23169.5,9296,13468,18364,9068,5849,8313,10107,11827,15171,17039,19824,24466,4.2,10384.71,14891.87,0.3138
2664,26,Le Creusot,22056,53097,33563.6,9612,13956,19076,9464,5840,8513,10580,12269,15768,17833,20478,25547,4.4,10548.60,15435.22,0.3137
2666,26,Beaune,36727,92131,60660.9,10534,15204,20907,10373,6852,9475,11533,13360,17133,19462,22747,29126,4.3,14771.72,17721.92,0.3331
2672,26,Montceau-les-Mines,24192,56356,37217.8,9601,13633,18390,8789,6079,8626,10526,12186,15297,17225,19827,24504,4.0,10953.26,15130.69,0.3077
2680,26,Charollais,36060,86980,57427.1,9852,13666,18515,8663,6551,8951,10660,12170,15308,17316,19936,24908,3.8,10461.68,15338.47,0.3027
2695,26,Louhans,20675,48520,33418.6,9500,13635,18430,8930,6591,8743,10293,11941,15288,17291,19876,24456,3.7,10914.37,15198.16,0.3038
3110,31,Roubaix-Tourcoing,149403,417775,257994.1,7981,13546,19585,11604,3742,6716,9193,11469,15638,18082,21413,27612,7.4,15590.07,15621.18,0.3873
3111,31,Lille,302755,764251,478716.6,9630,15532,22564,12934,4921,8175,10950,13296,17963,20816,24728,31786,6.5,15816.34,17978.31,0.3720
3112,31,Dunkerque,95298,263018,164189.8,8578,13472,19295,10717,5059,7494,9633,11555,15503,17896,20986,26211,5.2,11838.16,15300.88,0.3468
3113,31,Flandre-Lys,41187,116684,74118.5,9990,14425,19992,10002,6449,8987,10923,12698,16361,18663,21650,26950,4.2,12279.70,16398.02,0.3173
3114,31,Douaisis,89335,246987,154188.2,8317,13116,19060,10743,4573,7250,9375,11315,15183,17614,20811,26259,5.7,11933.69,15027.14,0.3565
3115,31,Valenciennois,129722,348994,217245.1,7385,12190,17946,10561,3707,6358,8425,10349,14174,16564,19625,24976,6.7,12485.58,14084.97,0.3763
3116,31,Cambresis,67530,176360,113060.6,8743,13258,18784,10041,5042,7635,9733,11519,15149,17390,20391,25754,5.1,12918.26,15256.79,0.3508
3117,31,Sambre-Avesnois,88672,238466,148658.2,7031,11871,17684,10653,3145,5945,8045,9994,13900,16286,19443,24803,7.9,11373.91,13684.43,0.3844
3121,31,Artois-Ternois,86840,231265,148110.7,9495,14402,20452,10957,5747,8400,10528,12447,16520,18995,22276,28374,4.9,14053.28,16638.25,0.3459
3122,31,Lens-Hénin,135963,371443,230427.7,6969,11643,16658,9689,3472,6012,7926,9799,13372,15417,18143,22688,6.5,10314.77,12931.35,0.3624
3123,31,Béthune-Bruay,107282,287064,182275.0,8506,12954,18473,9967,4937,7439,9445,11287,14856,17105,20077,25324,5.1,11834.24,14784.07,0.3466
3124,31,Saint-Omer,40509,112845,71489.4,8550,12959,18291,9741,5270,7570,9456,11201,14838,16982,19786,24986,4.7,14488.20,14964.49,0.3484
3125,31,Calaisis,57909,158989,100923.1,8075,12840,18518,10443,4388,7041,9076,10965,14864,17132,20159,25158,5.7,11694.88,14558.83,0.3579
3126,31,Boulonnais,60959,163159,103527.4,8016,12761,18606,10590,4442,6981,9006,10875,14739,17142,20382,26066,5.9,12933.14,14881.13,0.3717
3127,31,Berck-Montreuil,38329,99288,66504.6,8848,13459,19317,10469,5308,7766,9815,11643,15514,17901,21129,27359,5.2,13646.38,15870.13,0.3601
4111,41,Longwy,33473,82700,54641.9,7333,12695,18581,11248,0,5600,8727,10943,14695,17139,20296,25565,,11634.51,13863.09,0.3973
4112,41,Briey,29580,74350,49189.2,9876,13880,19155,9279,6065,8875,10730,12296,15738,17943,20639,25324,4.2,11127.02,15435.31,0.3119
4113,41,Thionville,119326,314934,202887.4,9611,14357,20161,10550,4600,8352,10664,12518,16359,18743,21865,27270,5.9,12756.33,15880.68,0.3453
4121,41,Lunéville,29892,76782,49946.8,9533,13880,18947,9414,5782,8469,10522,12232,15588,17697,20440,25289,4.4,11510.55,15323.28,0.3163
4122,41,Nancy,173605,415106,259690.4,10747,16215,22733,11986,5935,9379,11935,14107,18476,21121,24742,31266,5.3,14621.54,18344.74,0.3432
4123,41,Toul,23403,64841,41600.4,10333,15021,20535,10203,6689,9203,11323,13136,17001,19218,22171,27345,4.1,11258.53,16599.43,0.3072
4130,41,Metz,107584,272051,172783.4,10519,16174,23085,12566,5813,9183,11724,13994,18594,21389,25204,32057,5.5,17241.10,18708.27,0.3568
4141,41,Bassin houiller,98534,265797,169674.8,9759,14180,19688,9929,5863,8660,10761,12525,16118,18372,21304,26424,4.5,12861.40,15961.95,0.3214
4142,41,Sarreguemines,32075,84847,54795.9,10933,15312,21041,10108,7153,9871,11880,13542,17324,19672,22726,28183,3.9,13879.50,17398.99,0.3115
4150,41,Sarrebourg,32339,85818,54640.8,10351,14570,19576,9225,6946,9377,11234,12917,16349,18325,21019,25720,3.7,15211.42,16229.07,0.3015
4160,41,Meuse du nord,33257,83953,54047.0,9307,13552,18833,9526,5500,8250,10219,11912,15394,17541,20401,25450,4.6,11622.79,15164.16,0.3275
4171,41,Bar-le-Duc,25896,64400,41816.4,10263,14867,20303,10040,6403,9123,11243,13053,16800,19004,21888,27059,4.2,11962.14,16558.18,0.3137
4172,41,Commercy,17007,43845,28731.0,9321,13482,18461,9140,5940,8342,10163,11814,15225,17235,19883,24489,4.1,12429.04,15016.77,0.3150
4180,41,Vosges de l'ouest,24588,61656,39874.9,10170,14579,20025,9855,6444,9142,11071,12866,16435,18666,21729,26994,4.2,14042.44,16402.46,0.3149
4191,41,Epinal,62069,156241,100890.2,9564,14169,19562,9998,5697,8442,10553,12373,16036,18213,21179,26591,4.7,12873.73,15954.72,0.3325
4192,41,Remiremont-Gérardmer,32128,80311,52637.9,10525,14518,19501,8976,6869,9561,11425,13010,16169,18247,21004,26063,3.8,14566.67,16349.19,0.3040
4193,41,Saint-Dié-des-Vosges,33922,82744,54871.0,9662,14049,19141,9479,5827,8616,10655,12454,15826,17874,20639,25723,4.4,11983.36,15678.92,0.3198
4271,42,Wissembourg,18573,50055,33121.7,12620,17706,23899,11279,8939,11521,13648,15665,19940,22456,25698,31466,3.5,13324.14,19630.86,0.2846
4276,42,Strasbourg,221944,535735,338598.5,10804,17050,24125,13321,5683,9281,12194,14659,19498,22376,26303,33591,5.9,18308.07,19512.78,0.3622
4284,42,Guebwiller,21915,58489,38659.2,12479,17285,23208,10729,8424,11359,13556,15425,19384,21732,24992,30525,3.6,11996.41,18957.71,0.2815
4285,42,Thann-Cernay,23769,63829,41604.7,12063,16801,22448,10385,7908,10900,13077,14996,18758,21048,24060,29123,3.7,12302.74,18422.20,0.2873
4286,42,Mulhouse,111107,283884,185171.7,10689,16549,23633,12944,5912,9248,11997,14292,18976,21848,25722,32452,5.5,15906.35,18846.36,0.3480
4287,42,Saint-Louis,21991,52400,35247.3,13839,21562,31136,17297,8144,12218,15425,18461,24968,28896,33917,42658,5.2,16361.15,24326.97,0.3335
4288,42,Altkirch,21581,58760,39381.1,13400,19050,26043,12643,9288,12253,14505,16741,21436,24327,28185,34539,3.7,13893.19,21178.40,0.2925
4291,42,Haguenau-Niederbronn,49146,134764,88036.0,12384,17318,22967,10583,8337,11278,13439,15418,19323,21546,24611,29741,3.6,12614.58,18934.03,0.2848
4292,42,Saverne-Sarre-Union,37853,103474,67664.2,11550,16088,21466,9916,7907,10456,12480,14250,18030,20147,23065,28051,3.5,12081.79,17807.83,0.2880
4293,42,Molsheim-Schirmeck,40729,109586,72885.2,12644,17415,23231,10587,8708,11512,13686,15543,19338,21752,24983,30796,3.5,14203.78,19548.90,0.2918
4294,42,Colmar-Neuf-Brisach,71337,179960,118894.9,12080,17227,23433,11353,7710,10895,13185,15229,19391,21886,25365,31713,4.1,14191.83,19423.17,0.3139
4295,42,Sélestat-Sainte-Marie-aux-Mines,38892,103209,69851.3,11825,16596,22151,10326,7924,10706,12863,14742,18550,20804,23707,28944,3.7,14517.86,18376.71,0.2949
4301,43,Vesoul,28995,71958,47135.0,9975,14642,20095,10120,6418,8947,10977,12775,16566,18796,21724,26766,4.2,11166.51,16293.54,0.3140
4302,43,Lure-Luxeuil,31557,80284,52464.5,9495,13881,18877,9382,6031,8539,10470,12241,15629,17665,20269,24953,4.1,11515.30,15406.52,0.3126
4303,43,Belfort,55835,137408,89222.3,10547,15735,21755,11208,6191,9289,11657,13759,17873,20262,23501,29254,4.7,16749.03,17496.38,0.3260
4304,43,Gray,15730,39112,25728.9,9513,13669,18889,9376,6172,8493,10394,12026,15506,17565,20509,25684,4.2,11270.55,15456.45,0.3175
4305,43,Montbéliard,76036,194539,127226.7,10186,15019,20565,10379,6322,9056,11201,13149,16963,19208,22185,27192,4.3,12918.37,16578.73,0.3135
4306,43,Dole,30346,74816,50137.5,10240,14851,20080,9840,6392,9093,11236,13083,16720,18856,21685,26876,4.2,11522.53,16412.80,0.3110
4307,43,Besançon,103203,248452,160981.7,10577,15661,21592,11015,6356,9392,11688,13714,17728,20131,23457,29467,4.6,15264.88,17717.97,0.3318
4308,43,Morteau,16727,42897,28877.8,11611,16785,23756,12145,7661,10463,12631,14612,19123,22007,25879,31902,4.2,12180.10,18834.91,0.3044
4309,43,Revermont,10570,25318,16284.2,9817,13964,19163,9346,6591,8900,10655,12380,15786,17857,20823,26074,4.0,11744.25,15864.82,0.3147
4310,43,Pontarlier,20205,51552,35092.5,11171,16099,22292,11121,7226,10087,12145,14117,18207,20782,24267,30037,4.2,11727.46,18009.00,0.3059
4311,43,Lons-le-Saunier,33052,77674,53020.5,10328,14930,20430,10102,6699,9326,11316,13166,16866,19059,21973,27613,4.1,12605.74,16795.08,0.3147
4312,43,Champagnole,8956,21643,14296.1,9904,14053,18958,9054,6474,8983,10793,12399,15866,17760,20616,25932,4.0,14314.45,15901.09,0.3123
4313,43,Saint-Claude,20912,51406,34253.9,10977,15780,21626,10649,6946,9814,12018,13862,17871,20188,23495,29117,4.2,12495.53,17655.00,0.3089
5201,52,Nantes,323522,795359,528018.3,11211,16056,22199,10988,7054,10053,12246,14182,18137,20628,24131,30490,4.3,17253.97,18333.54,0.3240
5202,52,Saint-Nazaire,109328,267796,190519.0,10636,15056,20708,10072,7007,9583,11603,13323,16950,19257,22454,28218,4.0,18802.56,17198.97,0.3170
5203,52,Châteaubriant,32424,83407,56897.0,9213,13045,17563,8350,6238,8371,10010,11511,14576,16448,18858,23169,3.7,10309.41,14456.26,0.3007
5204,52,Angers,150180,371809,238605.2,10411,15086,20894,10483,6372,9295,11427,13275,17047,19418,22713,28864,4.5,13856.50,17208.24,0.3305
5205,52,Choletais,77373,209258,137226.5,10355,14096,18613,8258,7168,9459,11187,12670,15655,17507,20015,24928,3.5,12140.06,15900.83,0.2944
5206,52,Saumur-Bauge,51961,131522,86502.4,9426,13437,18386,8960,6024,8465,10284,11883,15162,17143,19963,25048,4.2,13272.37,15248.32,0.3208
5207,52,Segréen sud Mayenne,29720,76537,50862.2,9645,13309,17703,8058,6406,8756,10413,11868,14872,16615,18974,23513,3.7,11175.85,14874.37,0.3016
5208,52,Laval,47814,119355,79896.9,10866,15248,20500,9634,7072,9802,11826,13587,17056,19174,22138,27540,3.9,14335.54,17157.69,0.3097
5209,52,Mayenne nord et est,48593,121768,80785.9,9772,13511,18165,8393,6521,8909,10605,12035,15124,17056,19541,24041,3.7,11256.04,15164.89,0.3002
5210,52,Le Mans,129175,317183,207871.9,10953,15600,21178,10225,6753,9785,11985,13845,17527,19800,22865,28442,4.2,13036.19,17436.14,0.3145
5211,52,Sarthe nord,38552,94585,63479.8,10368,14217,19016,8648,6952,9456,11158,12669,15907,17818,20434,24921,3.6,12544.45,15795.35,0.2937
5212,52,Sarthe sud,47521,118083,79327.4,10032,13971,18644,8612,6547,9088,10876,12428,15549,17464,20065,24691,3.8,12538.04,15548.84,0.3012
5213,52,La Roche-sur-Yon,60571,153909,105834.1,10675,15023,20105,9430,7231,9676,11596,13344,16787,18873,21641,26704,3.7,13787.30,16910.07,0.3057
5214,52,Vendée est,39960,109013,73344.9,10577,14298,18571,7994,7569,9742,11395,12875,15805,17552,19776,23982,3.2,11477.17,15884.64,0.2776
5215,52,Vendée sud,39097,98511,65793.5,9639,13539,18450,8811,6499,8762,10457,11987,15213,17252,19952,24867,3.8,11514.50,15317.27,0.3081
5216,52,Vendée ouest,66949,153966,116536.2,10666,14885,20510,9844,7288,9702,11561,13195,16727,19045,22265,28177,3.9,14633.56,17309.29,0.3175
5320,53,Dinan,36374,88467,60831.0,9924,14246,19548,9624,6622,8997,10814,12532,16119,18251,21209,26562,4.0,11951.42,16192.85,0.3164
5321,53,Guingamp,38518,88267,60189.6,9368,13709,19003,9636,6089,8405,10263,11979,15541,17695,20636,25969,4.3,14072.62,15623.88,0.3282
5323,53,Lannion,40545,93105,64769.2,10497,15246,21601,11104,6824,9466,11457,13316,17395,20021,23469,29815,4.4,12523.56,17445.23,0.3213
5324,53,Saint-Brieuc,87964,210187,145254.8,10730,15305,20922,10192,6975,9628,11708,13515,17192,19473,22645,28413,4.1,13831.76,17379.45,0.3190
5330,53,Brest,154432,371708,239992.2,11073,15543,21017,9944,7141,10009,12040,13812,17417,19644,22747,28292,4.0,15998.49,17405.98,0.3077
5331,53,Morlaix,52162,125474,84287.1,10265,14567,19919,9654,6980,9328,11163,12878,16392,18628,21608,27233,3.9,13256.53,16579.57,0.3129
5332,53,Quimper,115813,269297,186598.1,11081,15440,21091,10010,7395,10045,12010,13759,17351,19649,22865,28674,3.9,17822.63,17598.27,0.3096
5333,53,Carhaix,30547,69298,45559.0,9428,13399,18347,8919,6215,8641,10248,11864,15152,17148,19810,24644,4.0,14082.75,15064.37,0.3111
5340,53,Fougères,27053,67014,44082.4,10129,13920,18428,8299,6901,9233,10939,12470,15439,17289,19777,24388,3.5,11593.08,15580.94,0.2969
5341,53,Rennes,237189,579498,381884.1,11522,16406,22504,10982,7408,10338,12583,14507,18475,20960,24406,30683,4.1,14474.54,18656.31,0.3170
5342,53,Saint-Malo,51814,121466,83827.9,10164,14729,20899,10735,6395,9112,11142,12938,16787,19344,22780,29458,4.6,14664.00,17290.60,0.3396
5343,53,Vitré,24667,66351,45007.3,10615,14493,19133,8518,7495,9684,11429,12956,16121,17949,20552,25384,3.4,12026.84,16310.05,0.2901
5344,53,Redon,28304,69896,47907.0,9823,13912,18646,8823,6574,8906,10725,12355,15578,17518,20040,24673,3.8,10875.56,15480.83,0.3022
5350,53,Auray,31716,76394,55189.5,10752,15118,21026,10274,7237,9805,11661,13350,17058,19497,23020,29601,4.1,14341.71,17645.46,0.3239
5351,53,Ploërmel,23772,58964,39529.6,9932,13997,18682,8750,6846,9040,10823,12473,15621,17507,20038,24297,3.5,10728.87,15517.34,0.2945
5352,53,Vannes,70315,172533,120424.0,11070,15748,21702,10632,7331,9956,12097,13944,17733,20151,23637,30144,4.1,14853.27,18193.16,0.3225
5353,53,Lorient,109198,259101,176582.5,10601,15040,20522,9921,6796,9547,11571,13354,16905,19145,22180,27752,4.1,14111.26,16900.09,0.3126
5354,53,Pontivy-Loudéac,49285,119177,79660.9,9882,14027,18844,8962,6798,9019,10701,12360,15739,17648,20276,24842,3.7,13358.85,15684.84,0.3040
5401,54,Nord-Poitou,21111,51094,34042.3,9341,13294,18242,8901,6175,8438,10156,11763,15015,16988,19768,24853,4.0,14467.74,15333.12,0.3261
5402,54,Châtellerault,34409,83619,56425.5,9871,14534,19887,10016,5930,8788,10876,12731,16419,18531,21456,26583,4.5,13313.71,16231.95,0.3293
5403,54,Montmorillon,18523,43868,28860.3,9445,13507,18651,9206,6304,8541,10280,11887,15223,17355,20287,25242,4.0,11330.28,15324.14,0.3142
5404,54,Haute-Charente,27980,66326,43353.8,8441,12369,17407,8966,5286,7519,9251,10805,14122,16154,18867,23649,4.5,10982.63,14088.88,0.3331
5405,54,Angoulême,85174,205503,137319.6,9973,14716,20312,10339,5959,8877,11010,12911,16677,18956,21971,27401,4.6,11846.26,16405.73,0.3253
5406,54,Sud Charentes,31130,75316,49310.6,8453,12344,17418,8965,5134,7550,9203,10763,14047,16208,18900,23867,4.6,11124.30,14056.15,0.3332
5407,54,Cognac,33101,80274,53219.0,9886,14393,19979,10093,6211,8859,10865,12617,16360,18599,21748,27563,4.4,13364.64,16482.43,0.3339
5408,54,Saintonge intérieure,47607,113620,77502.3,9295,13661,19204,9909,5648,8324,10191,11906,15569,17883,20850,26210,4.6,11490.70,15501.85,0.3313
5409,54,Saintonge maritime,70763,162445,116980.9,9755,14245,20131,10376,6049,8759,10669,12456,16206,18664,21975,28104,4.6,14242.10,16511.27,0.3384
5410,54,La Rochelle,88900,208564,144245.2,10673,15530,21951,11278,6542,9492,11705,13599,17704,20290,23907,30443,4.7,15623.72,17986.16,0.3381
5411,54,Sud Deux-Sèvres,80397,195215,132981.5,10244,14838,20730,10486,6651,9224,11185,13017,16832,19203,22554,28557,4.3,13042.54,16987.18,0.3240
5412,54,Nord Deux-Sèvres,48446,123666,81899.1,9505,13167,17692,8187,6467,8682,10263,11704,14698,16565,19097,23626,3.7,12223.69,14945.70,0.3065
5413,54,Poitiers,99727,230558,147552.4,10811,15826,21956,11145,6644,9594,11890,13867,17941,20397,23827,30109,4.5,16166.96,17933.66,0.3279
7201,72,Nord-est-de-la-Dordogne,19173,44293,29048.1,8894,12839,17869,8975,5657,8016,9700,11349,14499,16601,19309,24267,4.3,10541.34,14502.68,0.3206
7202,72,Périgueux,66844,156922,103670.2,9882,14603,20349,10467,6039,8826,10879,12723,16609,18942,22104,27684,4.6,13175.26,16492.25,0.3295
7203,72,Terrasson,12320,29980,19817.2,8898,13236,18669,9771,5237,7887,9777,11516,15087,17303,20196,25401,4.9,10971.64,14862.01,0.3298
7204,72,Sarlat-la-Canéda,17379,41255,28168.1,9165,13689,19446,10281,5782,8245,10103,11937,15666,17973,21271,27077,4.7,12811.39,15854.03,0.3408
7205,72,Bergerac,36749,88029,58484.5,9244,13844,19622,10378,5468,8209,10229,12105,15841,18166,21385,27094,5.0,14173.88,15920.17,0.3447
7206,72,Dax,48707,118445,82119.4,10487,14973,20341,9854,6792,9439,11463,13236,16849,18996,22003,27465,4.0,12924.45,16842.02,0.3137
7207,72,Marmande-Casteljaloux,25825,61813,41920.6,9086,13347,18690,9604,5580,8143,9986,11688,15194,17342,20352,25768,4.6,13172.77,15405.92,0.3404
7210,72,Agen,62794,149845,102114.9,9356,14221,20149,10793,5241,8216,10372,12328,16263,18663,21930,27812,5.3,12661.17,16180.46,0.3458
7211,72,Lacq-Orthez,25720,65035,42746.3,10125,14505,19885,9760,6595,9116,11024,12784,16341,18563,21536,26796,4.1,21079.79,16288.70,0.3133
7212,72,Oloron-Mauléon,17112,42826,27851.6,9944,14261,19549,9605,6318,8891,10877,12638,16102,18265,21089,26248,4.2,12587.25,15970.44,0.3124
7213,72,Pau,100110,243730,162898.4,10761,15842,22477,11716,6585,9578,11849,13847,18052,20759,24545,31111,4.7,13382.33,18106.97,0.3323
7214,72,Libourne-Montpon-Sainte-Foy-la-Grande,59346,144716,96364.0,9054,13611,19293,10239,5355,8010,10038,11817,15569,17896,21065,27005,5.0,15679.83,15952.43,0.3589
7215,72,Langon-Bazas-La Réole,27332,67519,46134.1,9256,13811,19264,10008,5540,8271,10191,12024,15732,17937,20864,26495,4.8,12380.35,15671.37,0.3379
7216,72,Villeneuve-sur-Lot-Fumel,36263,87663,58633.3,8559,12939,18391,9832,4858,7521,9477,11240,14806,17041,20100,25766,5.3,13583.66,14992.52,0.3528
7271,72,Bordeaux-Médoc,26416,66167,45175.8,9777,14222,19656,9879,5989,8739,10713,12512,16039,18232,21281,26596,4.4,18524.73,16276.09,0.3368
7272,72,Bordeaux-Arcachonnais,56856,137383,104640.7,11441,16313,22657,11216,7552,10341,12492,14412,18475,21074,24581,30883,4.1,13940.12,18627.11,0.3154
7273,72,Bordeaux-Entre-Deux-Mers,23229,61802,41751.8,10072,14459,20079,10007,6479,8996,10993,12676,16403,18699,21851,27379,4.2,12267.32,16451.28,0.3229
7274,72,Bordeaux-Cubzaçais,28772,75723,50912.8,8983,13408,18919,9936,5516,8076,9924,11646,15301,17575,20492,25655,4.7,10699.41,15087.97,0.3291
7275,72,Bordeaux-zone-centrale,339972,786269,522657.9,11190,16859,23815,12625,6226,9802,12408,14667,19239,22080,25924,32794,5.3,16225.60,19187.98,0.3447
7281,72,Mont-de-Marsan-haute-lande,7023,17337,11655.6,9519,13951,19211,9692,6058,8426,10494,12229,15788,17923,20689,25897,4.3,11366.98,15646.26,0.3209
7282,72,Mont-de-Marsan-est-des-Landes,43497,108334,72540.4,10633,15173,20527,9894,6748,9564,11619,13407,17044,19201,22143,27399,4.1,16390.07,16988.14,0.3146
7291,72,Sud-des-Landes,25998,64846,48444.0,11289,15941,21857,10568,7429,10211,12296,14132,17976,20337,23730,29701,4.0,13811.27,18046.58,0.3093
7292,72,Bayonne-Pyrénées,105141,248427,171977.2,10467,15307,21569,11102,6385,9281,11505,13418,17387,19986,23602,30369,4.8,18441.84,17919.76,0.3474
7301,73,Toulouse,440128,1035417,705763.5,10945,16804,24007,13062,6216,9594,12177,14500,19288,22216,26166,33010,5.3,16987.46,19223.60,0.3489
7302,73,Montauban,82087,206034,140463.6,8835,13527,19199,10364,5058,7785,9810,11680,15528,17867,20916,26491,5.2,12734.41,15438.65,0.3489
7303,73,Albi-Carmaux,74195,177677,121055.3,9425,13949,19768,10343,5499,8374,10416,12199,15909,18261,21590,27516,5.0,13573.87,16037.52,0.3417
7304,73,Tarbes,70860,168586,112361.6,9935,14625,20368,10433,5997,8816,10945,12797,16595,18943,22122,27514,4.6,11868.57,16378.08,0.3243
7305,73,Rodez,57237,139906,92869.0,9614,14309,20120,10506,6241,8646,10523,12389,16334,18679,21851,27608,4.4,14347.85,16455.84,0.3331
7306,73,Castres-Mazamet,53750,134218,88473.7,9479,13740,18971,9492,5563,8364,10412,12107,15494,17647,20606,26327,4.7,11916.08,15601.72,0.3333
7307,73,Auch,53888,128826,86205.2,9353,13854,19513,10160,5851,8373,10273,12025,15815,18111,21311,27242,4.7,12193.06,15887.08,0.3351
7308,73,Saint-Gaudens,33890,79026,53810.8,9573,14106,19819,10246,5854,8557,10528,12317,16093,18436,21539,27104,4.6,12291.71,15958.66,0.3293
7309,73,Figeac-Decazeville,28413,64779,43260.5,9449,13660,18981,9532,5998,8523,10331,12019,15464,17636,20631,25955,4.3,11488.44,15447.75,0.3210
7310,73,Cahors,32654,76409,52200.8,9349,14199,20295,10946,5545,8309,10371,12245,16297,18721,22135,28020,5.1,12259.13,16234.75,0.3418
7311,73,Millau,24412,57641,39096.9,9228,13502,18627,9399,5709,8208,10093,11807,15265,17387,20202,25537,4.5,11644.35,15301.20,0.3290
7312,73,Nord de Lot,21704,50826,33746.7,9433,13787,19444,10011,6068,8544,10288,12017,15732,18031,21161,26704,4.4,12082.70,15823.67,0.3286
7313,73,Lourdes,16039,38633,26375.8,10037,14230,19456,9419,6579,9083,10987,12635,16055,18126,21027,26398,4.0,11976.95,16181.02,0.3147
7316,73,Villefranche-de-Rouergue,14079,34444,22935.7,8893,13044,18572,9679,5518,8043,9662,11357,14871,17142,20394,25910,4.7,13747.36,15266.42,0.3420
7317,73,Lannemezan,12982,31385,20318.8,9896,14320,19972,10076,6528,8859,10813,12525,16354,18581,21627,26393,4.0,10256.23,15977.33,0.3069
7318,73,Saint-Girons,11709,26033,17548.7,8254,13379,19362,11108,4156,7175,9325,11320,15455,17884,21203,26689,6.4,33595.95,14795.47,0.3594
7319,73,Lavelanet,10816,25828,17205.9,8830,13051,17801,8971,4976,7808,9778,11508,14615,16577,19250,24488,4.9,11149.22,14604.43,0.3373
7320,73,Foix-Pamiers,31929,76019,52160.0,9608,14336,20033,10425,5604,8473,10688,12487,16279,18572,21689,27200,4.9,11911.42,15970.48,0.3290
7401,74,Bellac,17253,40120,26563.0,9005,13100,17973,8968,5710,8062,9826,11446,14793,16823,19458,24233,4.2,10384.82,14605.00,0.3190
7402,74,Limoges,124135,278439,184271.1,10558,15862,22033,11475,6107,9301,11722,13825,17985,20494,23862,29906,4.9,14548.59,17744.34,0.3331
7403,74,Rochechouart,15383,35334,23880.0,9823,14134,19356,9533,6182,8770,10791,12428,15893,18016,20921,25933,4.2,10378.76,15697.61,0.3110
7404,74,Aubusson,17468,39993,25896.0,8143,12048,17200,9057,5058,7237,8975,10490,13838,15904,18756,23891,4.7,10331.10,13856.92,0.3351
7405,74,Guéret,37113,84477,56536.0,8945,13362,19060,10115,5603,7980,9775,11518,15354,17679,20737,26281,4.7,11399.10,15311.72,0.3349
7406,74,Brive,51909,121150,82417.4,10129,14860,20691,10562,6639,9116,11167,13041,16838,19243,22601,28709,4.3,13374.68,17093.24,0.3281
7407,74,Tulle,33568,76997,50990.6,9870,14622,20383,10514,6502,8916,10848,12692,16685,18943,22106,27450,4.2,11302.48,16381.08,0.3141
7408,74,Ussel,14774,34429,21856.9,9395,13858,19130,9735,5952,8409,10337,12130,15696,17835,20689,25970,4.4,11047.61,15568.32,0.3213
8201,82,Roanne,71253,172694,113721.9,10037,14221,19199,9162,6390,9019,10998,12644,15914,17946,20723,25839,4.0,13082.33,15953.76,0.3124
8202,82,Beaujolais-Val-de-Saône,53028,138108,94096.2,10183,15092,20980,10797,6102,8997,11193,13209,17116,19509,22777,28864,4.7,13626.40,17129.30,0.3325
8203,82,Bourg-en-Bresse,67798,171065,116459.9,11033,15707,21332,10299,7215,9968,12034,13917,17645,19910,23041,28656,4.0,12657.23,17608.42,0.3067
8204,82,Oyonnax,22138,58098,37946.5,9801,14689,20458,10657,6084,8668,10832,12789,16710,19054,22215,27974,4.6,14475.90,16987.33,0.3393
8205,82,Genevois Français,99224,242769,161513.7,11672,19268,29944,18272,5860,10000,13186,16214,22743,27186,33176,43362,7.4,18838.46,22970.22,0.3865
8206,82,Chablais,32954,80500,55811.2,11739,17327,24647,12908,7564,10513,12795,14941,19836,22751,26953,34468,4.6,24288.07,20179.31,0.3360
8207,82,Vallée-de-l'Arve,60093,155495,106186.7,11443,16584,23036,11593,7281,10258,12524,14573,18732,21412,25098,32057,4.4,15317.00,19181.03,0.3297
8208,82,Annecy,92781,229039,157744.0,12510,17816,24591,12081,8057,11246,13625,15758,20072,22886,26795,34091,4.2,17769.61,20543.28,0.3234
8209,82,Belley,17679,44046,30127.8,10608,15253,20828,10220,6783,9519,11603,13450,17194,19480,22498,27967,4.1,16445.24,17118.27,0.3133
8210,82,Ambérieu,30781,80056,55380.4,11152,15956,21467,10315,7392,10105,12177,14099,17858,20088,23098,28552,3.9,11761.75,17591.48,0.2963
8211,82,Lyon,655202,1624102,1067295.9,10860,16837,23979,13119,6094,9427,12145,14530,19264,22153,26187,33531,5.5,16925.39,19345.98,0.3523
8212,82,Loire-centre,29582,74329,51578.9,9754,13914,19141,9387,6418,8829,10605,12281,15718,17867,20647,25985,4.0,13189.05,15888.04,0.3186
8213,82,Saint-Etienne,197320,482101,313783.9,9667,14568,20233,10566,5434,8419,10763,12742,16514,18841,21927,27563,5.1,13061.69,16394.19,0.3382
8214,82,Vienne-Roussillon,53706,140195,95327.1,10455,15579,21430,10975,6298,9300,11557,13602,17673,20046,23143,28685,4.6,12717.31,17304.15,0.3205
8215,82,Bourgoin-La Tour-du-Pin,57910,151308,105981.2,10709,15388,21063,10354,6888,9572,11722,13588,17375,19666,22750,28284,4.1,12956.17,17257.59,0.3120
8216,82,Chambéry,86702,208266,140661.9,11355,16577,22829,11474,6958,10110,12503,14551,18699,21275,24721,31023,4.5,13745.97,18668.64,0.3229
8217,82,Tarentaise,41896,101394,69377.1,10985,15611,21333,10348,7123,9928,11942,13743,17560,19912,23079,28883,4.1,14327.21,17875.52,0.3205
8218,82,Maurienne,17387,41607,27869.5,11261,15502,20830,9569,7581,10242,12133,13803,17365,19498,22489,27300,3.6,10828.99,17116.88,0.2864
8219,82,Voiron,49966,132298,90203.2,11003,15692,21451,10448,7276,9915,11981,13847,17658,19986,23231,28902,4.0,12463.98,17639.82,0.3068
8220,82,Annonay,23488,59604,40451.8,10110,14368,19271,9161,6580,9037,10995,12730,16108,18065,20754,25368,3.9,11322.58,15934.63,0.3040
8221,82,Drôme-Ardèche nord,32040,82040,55127.9,9561,14074,19221,9660,6143,8540,10544,12350,15837,17919,20758,25824,4.2,12928.81,15799.57,0.3213
8222,82,Romans-Saint-Marcellin,45714,115425,77893.9,9597,14171,19596,9999,5640,8498,10567,12396,16035,18174,21264,26845,4.8,12994.37,15980.76,0.3315
8223,82,Grenoble,231435,562961,366083.9,11283,16961,24011,12728,6578,9932,12501,14745,19369,22233,26180,33132,5.0,15360.35,19321.90,0.3371
8224,82,Crest-Die,14718,35890,24650.6,9119,13566,19122,10003,5306,8085,10066,11794,15481,17756,20851,26227,4.9,11929.43,15405.68,0.3365
8225,82,Drôme-Ardèche centre,91002,222916,149020.5,9969,14899,20777,10808,5916,8786,11053,13006,16950,19333,22503,28314,4.8,15470.99,16859.35,0.3349
8226,82,Aubenas,36009,84091,55828.0,8709,13291,18769,10060,4904,7705,9700,11519,15204,17497,20447,25654,5.2,25158.23,15271.57,0.3547
8227,82,Drôme-Ardèche sud,62047,155010,104491.3,9219,14200,20194,10975,5211,8035,10296,12257,16287,18725,21998,27648,5.3,14397.09,16142.90,0.3456
8311,83,Aurillac,34425,82116,54702.1,9436,13962,19691,10255,5995,8456,10363,12167,15890,18308,21496,27171,4.5,12748.56,16072.53,0.3333
8313,83,Mauriac,13889,32198,20825.4,8272,11984,16957,8685,5126,7402,9042,10477,13692,15766,18379,23721,4.6,11161.30,13929.24,0.3366
8314,83,Saint-Flour,14967,36464,23458.2,8102,11913,17158,9056,5161,7296,8903,10382,13622,15857,18781,23744,4.6,12211.07,14054.75,0.3464
8324,83,Clermont-Ferrand,199780,468200,309977.8,10765,16039,22447,11682,6530,9540,11895,13995,18223,20842,24391,30709,4.7,17235.57,18243.01,0.3338
8325,83,Gannat,6065,14654,9498.5,9206,13360,18550,9344,5548,8264,10054,11787,15094,17361,20121,25108,4.5,10919.90,14979.30,0.3222
8331,83,Issoire,22071,51977,35948.2,9964,14221,19265,9301,6493,8946,10869,12588,16011,18033,20677,25483,3.9,11776.87,15863.13,0.3085
8333,83,Brioude,12614,29486,20152.5,8537,12710,18001,9464,5371,7676,9318,10940,14499,16719,19528,24671,4.6,11161.77,14518.07,0.3347
8343,83,Montluçon,56206,125942,84329.7,9645,14055,19324,9679,5799,8540,10587,12341,15850,18023,20957,26003,4.5,11322.10,15707.20,0.3239
8351,83,Moulins,33661,78824,52295.1,9896,14587,20380,10484,5738,8753,10854,12726,16547,18881,22111,27595,4.8,14683.07,16443.10,0.3340
8352,83,Dompierre-sur-Besbre,9144,21964,14598.7,8775,12471,17117,8343,5813,7956,9620,11002,14205,16082,18533,22991,4.0,9799.15,14053.01,0.3114
8362,83,Le Puy-en-Velay,40525,98452,64714.8,9078,13578,19202,10124,5503,8135,9991,11794,15480,17845,20896,26312,4.8,12617.22,15560.22,0.3381
8372,83,Yssingeaux,27475,71764,49016.0,9789,13942,18920,9131,6569,8849,10716,12339,15611,17728,20337,25294,3.9,13239.79,15727.11,0.3079
8381,83,Thiers,15694,37695,25052.2,9134,13488,18758,9624,5568,8066,10140,11853,15299,17467,20275,25498,4.6,11408.67,15276.91,0.3299
8382,83,Ambert,12899,30196,19774.1,8857,13016,18328,9471,5778,7944,9763,11346,14815,17055,19935,25025,4.3,10614.49,14869.92,0.3256
8391,83,Vichy,48117,107919,73308.9,9758,14346,20038,10280,5906,8673,10743,12570,16286,18618,21823,27767,4.7,12533.03,16347.15,0.3338
8392,83,Saint-Pourcain-sur-Sioule,8759,21027,13869.1,9382,13477,18419,9037,6097,8416,10239,11893,15223,17208,19895,24608,4.0,9995.02,14946.37,0.3091
9101,91,Carcassonne,75949,183379,121960.9,8486,13162,18895,10409,4402,7369,9479,11339,15161,17464,20662,26351,6.0,12468.87,15040.65,0.3600
9102,91,Narbonne,54437,126391,91390.6,8088,12798,18656,10568,4017,7003,9103,10999,14765,17170,20378,25927,6.5,12766.35,14722.90,0.3701
9103,91,Alès-La Grand-Combe,57348,133761,92425.7,8170,12790,18333,10163,3710,6972,9201,11093,14663,16917,19989,25268,6.8,11726.49,14481.43,0.3650
9104,91,Bagnols-sur-Cèze,40437,103151,71693.7,9891,15266,22001,12110,5451,8622,11084,13195,17597,20322,24044,30447,5.6,14080.14,17595.68,0.3531
9105,91,Ganges-Le Vigan,17051,39979,26960.1,8139,12645,18131,9992,4115,7091,9129,10922,14466,16726,19756,25120,6.1,11119.50,14311.42,0.3545
9106,91,Nîmes,143976,354618,244770.3,8294,13858,20268,11974,3802,6968,9515,11718,16110,18722,22130,28263,7.4,13701.50,15855.34,0.3793
9107,91,Béziers-Saint-Pons,109298,255669,185391.1,7844,12666,18531,10687,3683,6710,8903,10831,14683,17065,20332,26162,7.1,14898.02,14798.28,0.3847
9108,91,Montpellier,228452,531005,361566.6,9100,15215,22576,13476,4338,7682,10417,12835,17748,20728,24774,31800,7.3,15219.54,17604.66,0.3808
9109,91,Sète,42016,101383,74889.3,8574,13666,19681,11107,4283,7342,9687,11735,15729,18196,21443,27061,6.3,13208.28,15479.27,0.3618
9110,91,Lozère,30176,73509,47619.9,9100,13644,19346,10246,5577,8064,9998,11793,15651,17983,21013,26021,4.7,11877.80,15485.18,0.3313
9111,91,Perpignan,169514,392803,278992.4,8217,13335,19506,11289,3837,6983,9314,11361,15440,17975,21384,27319,7.1,13117.35,15345.32,0.3772
9311,93,Manosque,27423,64574,45128.4,9328,14358,20808,11480,5289,8173,10396,12374,16536,19164,22672,28798,5.4,13203.87,16486.17,0.3491
9312,93,Digne,32126,74987,51521.2,9530,14226,20200,10670,5546,8408,10541,12393,16261,18773,21943,27515,5.0,11022.34,16000.56,0.3302
9321,93,Briançon,13326,32124,22404.4,10333,14536,19919,9586,6674,9248,11206,12875,16458,18628,21747,27151,4.1,10966.12,16441.68,0.3089
9322,93,Gap,37920,89295,62591.0,9988,14609,20420,10432,6253,8948,10978,12810,16569,18945,22280,27991,4.5,12337.68,16597.61,0.3250
9331,93,Cannes-Antibes,161504,365138,266024.5,10295,16247,24260,13965,5670,8950,11518,13875,18914,22192,26863,35338,6.2,19214.60,19631.65,0.3816
9332,93,Menton,32675,71622,51816.8,11077,16637,23638,12561,6859,9839,12229,14406,19057,21855,25845,32710,4.8,18180.73,19241.86,0.3412
9333,93,Nice,260803,574566,405553.2,9535,15574,22990,13455,4615,8102,10846,13226,18126,21132,25334,33022,7.2,16914.50,18332.46,0.3845
9341,93,Arles,31237,76895,52195.4,7929,13319,19907,11978,3777,6688,9033,11246,15585,18247,21917,28473,7.5,17616.22,15672.43,0.3909
9342,93,Aix-en-Provence,106352,258943,167895.0,11100,17363,25578,14478,6179,9687,12394,14853,20172,23519,28016,36242,5.9,17075.84,20361.30,0.3632
9344,93,Etang-de-Berre,47115,133193,85304.0,8988,14739,20972,11984,4666,7692,10235,12513,16999,19487,22691,28154,6.0,11444.14,16129.58,0.3441
9346,93,Châteaurenard,28286,72756,49806.5,9087,13951,20287,11200,5176,8008,10095,12031,16084,18701,22267,28748,5.6,15599.77,16606.25,0.3678
9347,93,Fos-sur-Mer,70660,183468,124816.0,9093,14456,20555,11462,4935,7880,10263,12397,16611,19117,22296,27689,5.6,11425.36,15929.97,0.3382
9348,93,Salon-de-Provence,25542,65264,45916.6,10216,15732,22327,12111,5764,8957,11376,13583,17950,20657,24421,30599,5.3,13997.07,17769.99,0.3415
9349,93,Marseille-Aubagne,441795,1045200,696521.3,7861,14545,22114,14253,2788,6281,9344,12027,17241,20296,24347,31399,11.3,15899.58,16863.74,0.4105
9351,93,Toulon,233298,546126,388328.8,9628,15314,21971,12343,4721,8211,10889,13155,17673,20347,23939,30223,6.4,15370.96,17292.18,0.3589
9352,93,Fréjus-Saint-Raphaël,66419,155146,114724.3,9969,15615,23016,13047,5689,8693,11126,13365,18064,21132,25349,33239,5.8,18142.69,18768.38,0.3759
9353,93,Draguignan,43307,105941,76902.3,9482,14810,21224,11742,5111,8217,10629,12707,17036,19694,23232,29376,5.7,13844.44,16922.37,0.3560
9354,93,Brignoles,36365,91228,67444.1,9277,14193,20379,11102,5285,8136,10325,12285,16290,18813,22193,27948,5.3,20258.03,16211.10,0.3462
9361,93,Orange,42148,108911,72227.7,8434,13421,19357,10923,4395,7233,9534,11495,15495,17845,21088,26961,6.1,13126.50,15404.66,0.3627
9362,93,Carpentras,37217,94747,64494.9,8375,13633,20045,11670,4354,7155,9469,11546,15850,18424,21938,28257,6.5,17563.78,15904.21,0.3770
9363,93,Apt,28736,71551,47997.8,9204,14538,21238,12034,5011,8034,10287,12404,16794,19569,23259,29819,6.0,14668.72,16731.63,0.3593
9364,93,Avignon,92048,224476,151597.1,8118,13662,20036,11918,3929,6857,9307,11541,15882,18477,21914,27996,7.1,16576.05,15770.58,0.3819
9403,94,Calvi-Ile-Rousse,7270,17875,10891.8,7484,12669,19195,11711,3860,6407,8483,10597,14973,17694,21221,28456,7.4,16179.07,15761.96,0.4153
9411,94,Ajaccio,35711,86205,59040.6,8559,14449,21562,13003,4290,7223,9812,12169,16971,19904,23656,30240,7.0,15224.65,16894.63,0.3829
9412,94,Bastia,36417,90390,56688.8,7314,12859,19620,12306,3466,6158,8468,10711,15156,17936,21647,28035,8.1,15705.98,15375.77,0.4057
9414,94,Corte,6461,14833,7814.6,7438,12633,18744,11306,3616,6396,8542,10643,14837,17295,20649,26146,7.2,11334.27,14458.02,0.3766
9415,94,Ghisonaccia-Aléria,7233,18505,9179.8,6260,11895,18042,11782,2792,5100,7321,9703,14025,16601,19980,26295,9.4,12824.81,13988.13,0.4164
9416,94,Porto-Vecchio,9316,23097,14980.3,7130,12559,19483,12353,3752,6014,8193,10469,14885,17824,21694,28867,7.7,18045.12,15669.72,0.4196
9417,94,Sartène-Propriano,3828,9291,5242.1,5966,11197,18289,12323,2994,5077,6846,9064,13649,16495,20290,26848,9.0,12449.16,13941.36,0.4248
